        f (GHz),            V_inc[1][1] (V),            Re{V[1][1]} (V),            Im{V[1][1]} (V),            Re{V[2][1]} (V),            Im{V[2][1]} (V),            V_inc[2][2] (V),            Re{V[1][2]} (V),            Im{V[1][2]} (V),            Re{V[2][2]} (V),            Im{V[2][2]} (V)
 8.00000000e+01,        +7.071067811865e+00,        +3.081934248768e+00,        -5.632498176809e+00,        +9.339344118519e-03,        -6.345301804562e-03,        +7.071067811865e+00,        +9.339344118517e-03,        -6.345301804558e-03,        +3.084220650174e+00,        -5.634175667410e+00
 8.16000000e+01,        +7.071067811865e+00,        +2.914881444915e+00,        -5.503424662212e+00,        +9.149565879516e-03,        -6.638619617661e-03,        +7.071067811865e+00,        +9.149565879504e-03,        -6.638619617660e-03,        +2.917261621526e+00,        -5.505279431020e+00
 8.32000000e+01,        +7.071067811865e+00,        +2.753596730886e+00,        -5.370559128602e+00,        +8.956416014986e-03,        -6.929494457635e-03,        +7.071067811865e+00,        +8.956416014984e-03,        -6.929494457650e-03,        +2.756063865833e+00,        -5.372598534157e+00
 8.48000000e+01,        +7.071067811865e+00,        +2.598012681735e+00,        -5.234076143576e+00,        +8.760613634340e-03,        -7.219650304975e-03,        +7.071067811865e+00,        +8.760613634350e-03,        -7.219650304977e-03,        +2.600559506308e+00,        -5.236307127155e+00
 8.64000000e+01,        +7.071067811865e+00,        +2.448061388810e+00,        -5.094131737465e+00,        +8.562769473776e-03,        -7.511059745040e-03,        +7.071067811865e+00,        +8.562769473777e-03,        -7.511059745049e-03,        +2.450680220905e+00,        -5.096560822367e+00
 8.80000000e+01,        +7.071067811865e+00,        +2.303675695150e+00,        -4.950863723371e+00,        +8.363372878180e-03,        -7.805975616574e-03,        +7.071067811865e+00,        +8.363372878188e-03,        -7.805975616565e-03,        +2.306358472955e+00,        -4.953497017478e+00
 8.96000000e+01,        +7.071067811865e+00,        +2.164790388662e+00,        -4.804391975705e+00,        +8.162774955181e-03,        -8.106970313076e-03,        +7.071067811865e+00,        +8.162774955185e-03,        -8.106970313085e-03,        +2.167528699629e+00,        -4.807235176718e+00
 9.12000000e+01,        +7.071067811865e+00,        +2.031343369637e+00,        -4.654818655989e+00,        +7.961166701667e-03,        -8.416984261106e-03,        +7.071067811865e+00,        +7.961166701650e-03,        -8.416984261119e-03,        +2.034128474789e+00,        -4.657877058852e+00
 9.28000000e+01,        +7.071067811865e+00,        +1.903276810669e+00,        -4.502228374697e+00,        +7.758550556099e-03,        -8.739385484377e-03,        +7.071067811865e+00,        +7.758550556126e-03,        -8.739385484402e-03,        +1.906099664280e+00,        -4.505506880738e+00
 9.44000000e+01,        +7.071067811865e+00,        +1.780538328999e+00,        -4.346688277579e+00,        +7.554703364828e-03,        -9.078042649195e-03,        +7.071067811865e+00,        +7.554703364833e-03,        -9.078042649217e-03,        +1.783389593646e+00,        -4.350191405012e+00
 9.60000000e+01,        +7.071067811865e+00,        +1.663082193757e+00,        -4.188248044268e+00,        +7.349128115350e-03,        -9.437414613998e-03,        +7.071067811865e+00,        +7.349128115396e-03,        -9.437414614002e-03,        +1.665952250739e+00,        -4.191979939726e+00
 9.76000000e+01,        +7.071067811865e+00,        +1.550870593788e+00,        -4.026939785863e+00,        +7.140990929775e-03,        -9.822660308487e-03,        +7.071067811865e+00,        +7.140990929805e-03,        -9.822660308492e-03,        +1.553749548842e+00,        -4.030904236705e+00
 9.92000000e+01,        +7.071067811865e+00,        +1.443874995964e+00,        -3.862777826612e+00,        +6.929038629386e-03,        -1.023977380550e-02,        +7.071067811865e+00,        +6.929038629407e-03,        -1.023977380551e-02,        +1.446752680150e+00,        -3.866978273809e+00
 1.00800000e+02,        +7.071067811865e+00,        +1.342077629309e+00,        -3.695758352693e+00,        +6.711490555122e-03,        -1.069575079208e-02,        +7.071067811865e+00,        +6.711490555155e-03,        -1.069575079210e-02,        +1.344943594856e+00,        -3.700197904114e+00
 1.02400000e+02,        +7.071067811865e+00,        +1.245473137469e+00,        -3.525858908255e+00,        +6.485896067020e-03,        -1.119879439546e-02,        +7.071067811865e+00,        +6.485896067021e-03,        -1.119879439548e-02,        +1.248316648267e+00,        -3.530540352270e+00
 1.04000000e+02,        +7.071067811865e+00,        +1.154070451575e+00,        -3.353037715247e+00,        +6.248945981945e-03,        -1.175857060526e-02,        +7.071067811865e+00,        +6.248945981959e-03,        -1.175857060527e-02,        +1.156880467877e+00,        -3.357963534562e+00
 1.05600000e+02,        +7.071067811865e+00,        +1.067894948098e+00,        -3.177232788876e+00,        +5.996221746161e-03,        -1.238652652975e-02,        +7.071067811865e+00,        +5.996221746227e-03,        -1.238652652978e-02,        +1.070660104806e+00,        -3.182405174619e+00
 1.07200000e+02,        +7.071067811865e+00,        +9.869909732773e-01,        -2.998360814610e+00,        +5.721859770773e-03,        -1.309628867128e-02,        +7.071067811865e+00,        +5.721859770803e-03,        -1.309628867130e-02,        +9.896995509952e-01,        -3.003781680695e+00
 1.08800000e+02,        +7.071067811865e+00,        +9.114248384341e-01,        -2.816315745120e+00,        +5.418099214516e-03,        -1.390416361268e-02,        +7.071067811865e+00,        +5.418099214528e-03,        -1.390416361269e-02,        +9.140647261373e-01,        -2.821986742999e+00
 1.10400000e+02,        +7.071067811865e+00,        +8.412884217163e-01,        -2.630967066116e+00,        +5.074668189924e-03,        -1.482977038608e-02,        +7.071067811865e+00,        +5.074668189900e-03,        -1.482977038602e-02,        +8.438470695440e-01,        -2.636889600092e+00
 1.12000000e+02,        +7.071067811865e+00,        +7.767035547352e-01,        -2.442157668210e+00,        +4.677943816794e-03,        -1.589684288567e-02,        +7.071067811865e+00,        +4.677943816756e-03,        -1.589684288563e-02,        +7.791679148643e-01,        -2.448332911541e+00
 1.13600000e+02,        +7.071067811865e+00,        +7.178274326396e-01,        -2.249701247260e+00,        +4.209792469008e-03,        -1.713425264682e-02,        +7.071067811865e+00,        +4.209792468979e-03,        -1.713425264683e-02,        +7.201838854979e-01,        -2.256130159386e+00
 1.15200000e+02,        +7.071067811865e+00,        +6.648593712163e-01,        -2.053379137793e+00,        +3.645952745746e-03,        -1.857731793212e-02,        +7.071067811865e+00,        +3.645952745788e-03,        -1.857731793208e-02,        +6.670936332997e-01,        -2.060062483062e+00
 1.16800000e+02,        +7.071067811865e+00,        +6.180493568805e-01,        -1.852936462900e+00,        +2.953756804308e-03,        -2.026948512366e-02,        +7.071067811865e+00,        +2.953756804339e-03,        -2.026948512367e-02,        +6.201463650532e-01,        -1.859874831271e+00
 1.18400000e+02,        +7.071067811865e+00,        +5.777090140859e-01,        -1.648077460302e+00,        +2.088882051126e-03,        -2.226449339392e-02,        +7.071067811865e+00,        +2.088882051099e-03,        -2.226449339386e-02,        +5.796527792637e-01,        -1.655271290533e+00
 1.20000000e+02,        +7.071067811865e+00,        +5.442258803403e-01,        -1.438459821001e+00,        +9.906621063557e-04,        -2.462916283915e-02,        +7.071067811865e+00,        +9.906621063065e-04,        -2.462916283915e-02,        +5.459993005633e-01,        -1.445909426733e+00
 1.21600000e+02,        +7.071067811865e+00,        +5.180822815714e-01,        -1.223687861589e+00,        -4.247749393111e-04,        -2.744697588266e-02,        +7.071067811865e+00,        -4.247749393416e-04,        -2.744697588264e-02,        +5.196669002220e-01,        -1.231393460529e+00
 1.23200000e+02,        +7.071067811865e+00,        +4.998807230719e-01,        -1.003304362522e+00,        -2.274697775753e-03,        -3.082264008101e-02,        +7.071067811865e+00,        -2.274697775793e-03,        -3.082264008096e-02,        +5.012564115756e-01,        -1.011266108165e+00
 1.24800000e+02,        +7.071067811865e+00,        +4.903786948808e-01,        -7.767809846757e-01,        -4.725154242477e-03,        -3.488779674361e-02,        +7.071067811865e+00,        -4.725154242425e-03,        -3.488779674357e-02,        +4.915232293850e-01,        -7.849989983715e-01
 1.26400000e+02,        +7.071067811865e+00,        +4.905373807041e-01,        -5.435074221517e-01,        -8.014598982121e-03,        -3.980789787722e-02,        +7.071067811865e+00,        -8.014598982124e-03,        -3.980789787724e-02,        +4.914258668419e-01,        -5.519818197166e-01
 1.28000000e+02,        +7.071067811865e+00,        +5.015913923626e-01,        -3.027800821075e-01,        -1.249087972542e-02,        -4.578982889165e-02,        +7.071067811865e+00,        -1.249087972536e-02,        -4.578982889159e-02,        +5.021954675608e-01,        -3.115109814345e-01
 1.29600000e+02,        +7.071067811865e+00,        +5.251511169003e-01,        -5.379261828347e-02,        -1.867032368093e-02,        -5.308865615590e-02,        +7.071067811865e+00,        -1.867032368072e-02,        -5.308865615581e-02,        +5.254378195305e-01,        -6.278009786823e-02
 1.31200000e+02,        +7.071067811865e+00,        +5.633570105306e-01,        +2.043656846957e-01,        -2.733417799591e-02,        -6.200881575559e-02,        +7.071067811865e+00,        -2.733417799575e-02,        -6.200881575550e-02,        +5.632871382415e-01,        +1.951217422263e-01
 1.32800000e+02,        +7.071067811865e+00,        +6.191188644473e-01,        +4.726888418367e-01,        -3.968951041292e-02,        -7.288732398801e-02,        +7.071067811865e+00,        -3.968951041278e-02,        -7.288732398791e-02,        +6.186445308301e-01,        +4.631891664117e-01
 1.34400000e+02,        +7.071067811865e+00,        +6.964974285060e-01,        +7.521738328066e-01,        -5.764327841999e-02,        -8.602686399972e-02,        +7.071067811865e+00,        -5.764327841976e-02,        -8.602686399962e-02,        +6.955583347080e-01,        +7.424207698862e-01
 1.36000000e+02,        +7.071067811865e+00,        +8.013281248698e-01,        +1.043589233560e+00,        -8.427647178955e-02,        -1.014951768726e-01,        +7.071067811865e+00,        -8.427647178931e-02,        -1.014951768726e-01,        +7.998457427513e-01,        +1.033589086746e+00
 1.37600000e+02,        +7.071067811865e+00,        +9.422521263276e-01,        +1.346856059070e+00,        -1.246645852510e-01,        -1.185693388328e-01,        +7.071067811865e+00,        -1.246645852507e-01,        -1.185693388327e-01,        +9.401205111006e-01,        +1.336624573790e+00
 1.39200000e+02,        +7.071067811865e+00,        +1.132374086617e+00,        +1.659412234911e+00,        -1.872357585374e-01,        -1.342255366223e-01,        +7.071067811865e+00,        -1.872357585368e-01,        -1.342255366223e-01,        +1.129445614237e+00,        +1.648987677478e+00
 1.40800000e+02,        +7.071067811865e+00,        +1.391517074120e+00,        +1.971877884132e+00,        -2.855976107464e-01,        -1.390481856022e-01,        +7.071067811865e+00,        -2.855976107458e-01,        -1.390481856021e-01,        +1.387582703068e+00,        +1.961352898105e+00
 1.42400000e+02,        +7.071067811865e+00,        +1.746866391531e+00,        +2.256847144387e+00,        -4.385753468362e-01,        -1.064955022434e-01,        +7.071067811865e+00,        -4.385753468352e-01,        -1.064955022436e-01,        +1.741641868197e+00,        +2.246445895988e+00
 1.44000000e+02,        +7.071067811865e+00,        +2.218672697626e+00,        +2.444508440996e+00,        -6.550966207023e-01,        +3.056304753729e-02,        +7.071067811865e+00,        -6.550966207011e-01,        +3.056304753679e-02,        +2.211860532986e+00,        +2.434752041672e+00
 1.45600000e+02,        +7.071067811865e+00,        +2.746449386847e+00,        +2.407022473909e+00,        -8.594066146998e-01,        +3.937571342472e-01,        +7.071067811865e+00,        -8.594066146991e-01,        +3.937571342454e-01,        +2.738113111513e+00,        +2.398906600427e+00
 1.47200000e+02,        +7.071067811865e+00,        +3.074984764192e+00,        +2.114118048396e+00,        -7.759868404291e-01,        +1.000620154184e+00,        +7.071067811865e+00,        -7.759868404285e-01,        +1.000620154182e+00,        +3.066286364619e+00,        +2.108578139203e+00
 1.48800000e+02,        +7.071067811865e+00,        +3.049881269596e+00,        +1.909162051997e+00,        -2.238331562859e-01,        +1.482420664087e+00,        +7.071067811865e+00,        -2.238331562869e-01,        +1.482420664085e+00,        +3.042437993757e+00,        +1.905601192957e+00
 1.50400000e+02,        +7.071067811865e+00,        +3.001609472798e+00,        +2.027233658942e+00,        +4.968575662575e-01,        +1.552674174911e+00,        +7.071067811865e+00,        +4.968575662558e-01,        +1.552674174910e+00,        +2.995604088305e+00,        +2.024241622682e+00
 1.52000000e+02,        +7.071067811865e+00,        +3.190576562132e+00,        +2.265264087216e+00,        +1.141758717342e+00,        +1.316662608748e+00,        +7.071067811865e+00,        +1.141758717340e+00,        +1.316662608748e+00,        +3.185315941982e+00,        +2.262278748571e+00
 1.53600000e+02,        +7.071067811865e+00,        +3.594259028393e+00,        +2.381062045717e+00,        +1.682639946682e+00,        +8.566503555424e-01,        +7.071067811865e+00,        +1.682639946679e+00,        +8.566503555428e-01,        +3.589256560747e+00,        +2.378238788388e+00
 1.55200000e+02,        +7.071067811865e+00,        +4.050475702321e+00,        +2.228253408700e+00,        +2.056847163668e+00,        +1.459803850848e-01,        +7.071067811865e+00,        +2.056847163666e+00,        +1.459803850865e-01,        +4.045694177855e+00,        +2.225945649730e+00
 1.56800000e+02,        +7.071067811865e+00,        +4.302483738486e+00,        +1.818020369226e+00,        +2.071774974887e+00,        -7.744063894357e-01,        +7.071067811865e+00,        +2.071774974885e+00,        -7.744063894341e-01,        +4.298258840277e+00,        +1.816399954555e+00
 1.58400000e+02,        +7.071067811865e+00,        +4.177669332089e+00,        +1.416604119558e+00,        +1.581943888355e+00,        -1.629473858843e+00,        +7.071067811865e+00,        +1.581943888354e+00,        -1.629473858840e+00,        +4.174373198469e+00,        +1.415434708848e+00
 1.60000000e+02,        +7.071067811865e+00,        +3.837789682972e+00,        +1.330235269070e+00,        +7.539433223333e-01,        -2.099800411120e+00,        +7.071067811865e+00,        +7.539433223334e-01,        -2.099800411118e+00,        +3.835450097570e+00,        +1.329090917370e+00
 1.61600000e+02,        +7.071067811865e+00,        +3.598245244218e+00,        +1.568600587476e+00,        -1.023741476346e-01,        -2.145753274119e+00,        +7.071067811865e+00,        -1.023741476333e-01,        -2.145753274117e+00,        +3.596632389646e+00,        +1.567264333631e+00
 1.63200000e+02,        +7.071067811865e+00,        +3.612581651220e+00,        +1.936286010691e+00,        -8.354133388217e-01,        -1.904448656029e+00,        +7.071067811865e+00,        -8.354133388201e-01,        -1.904448656027e+00,        +3.611529726373e+00,        +1.934786663943e+00
 1.64800000e+02,        +7.071067811865e+00,        +3.865384405894e+00,        +2.243356282058e+00,        -1.430209191076e+00,        -1.467860716675e+00,        +7.071067811865e+00,        -1.430209191074e+00,        -1.467860716674e+00,        +3.864928929939e+00,        +2.241771466227e+00
 1.66400000e+02,        +7.071067811865e+00,        +4.250168847663e+00,        +2.357515616607e+00,        -1.869016303691e+00,        -8.422054533545e-01,        +7.071067811865e+00,        -1.869016303689e+00,        -8.422054533546e-01,        +4.250502375209e+00,        +2.355773856745e+00
 1.68000000e+02,        +7.071067811865e+00,        +4.580590772796e+00,        +2.229418528511e+00,        -2.043422563348e+00,        -3.062784245277e-02,        +7.071067811865e+00,        -2.043422563346e+00,        -3.062784245329e-02,        +4.581868742818e+00,        +2.227161138511e+00
 1.69600000e+02,        +7.071067811865e+00,        +4.646319151041e+00,        +1.992553784051e+00,        -1.793468779926e+00,        +8.158952128085e-01,        +7.071067811865e+00,        -1.793468779923e+00,        +8.158952128071e-01,        +4.648323558091e+00,        +1.989230898868e+00
 1.71200000e+02,        +7.071067811865e+00,        +4.446400349448e+00,        +1.957278762135e+00,        -1.147474805605e+00,        +1.379283188892e+00,        +7.071067811865e+00,        -1.147474805604e+00,        +1.379283188889e+00,        +4.448445015620e+00,        +1.952642887687e+00
 1.72800000e+02,        +7.071067811865e+00,        +4.273929289816e+00,        +2.281934193803e+00,        -4.155622848618e-01,        +1.492965359650e+00,        +7.071067811865e+00,        -4.155622848618e-01,        +1.492965359648e+00,        +4.275385108404e+00,        +2.276348556164e+00
 1.74400000e+02,        +7.071067811865e+00,        +4.382514081509e+00,        +2.815804450084e+00,        +1.371047449756e-01,        +1.295324321668e+00,        +7.071067811865e+00,        +1.371047449751e-01,        +1.295324321665e+00,        +4.383249101352e+00,        +2.809857318703e+00
 1.76000000e+02,        +7.071067811865e+00,        +4.806860519821e+00,        +3.340799378163e+00,        +4.646657206170e-01,        +9.869177054070e-01,        +7.071067811865e+00,        +4.646657206161e-01,        +9.869177054053e-01,        +4.807102806066e+00,        +3.334879120031e+00
 1.77600000e+02,        +7.071067811865e+00,        +5.474864205128e+00,        +3.724463804225e+00,        +6.239447616980e-01,        +6.778834369949e-01,        +7.071067811865e+00,        +6.239447616966e-01,        +6.778834369932e-01,        +5.474926292767e+00,        +3.718680252943e+00
 1.79200000e+02,        +7.071067811865e+00,        +6.303526513597e+00,        +3.903977730768e+00,        +6.743861647994e-01,        +4.061261878175e-01,        +7.071067811865e+00,        +6.743861647981e-01,        +4.061261878162e-01,        +6.303651008095e+00,        +3.898237778841e+00
 1.80800000e+02,        +7.071067811865e+00,        +7.218767256533e+00,        +3.847831334773e+00,        +6.550335020684e-01,        +1.798875509614e-01,        +7.071067811865e+00,        +6.550335020665e-01,        +1.798875509605e-01,        +7.219060425224e+00,        +3.841929030004e+00
 1.82400000e+02,        +7.071067811865e+00,        +8.149289196281e+00,        +3.540223656332e+00,        +5.895161130722e-01,        -3.733820342613e-04,        +7.071067811865e+00,        +5.895161130702e-01,        -3.733820343767e-04,        +8.149694830029e+00,        +3.533927341761e+00
 1.84000000e+02,        +7.071067811865e+00,        +9.021038232399e+00,        +2.981389985851e+00,        +4.939774549550e-01,        -1.348882090093e-01,        +7.071067811865e+00,        +4.939774549534e-01,        -1.348882090088e-01,        +9.021346310384e+00,        +2.974532579206e+00
 1.85600000e+02,        +7.071067811865e+00,        +9.759006406293e+00,        +2.193449268965e+00,        +3.822185478320e-01,        -2.240694988121e-01,        +7.071067811865e+00,        +3.822185478311e-01,        -2.240694988116e-01,        +9.758907594224e+00,        +2.186010315163e+00
 1.87200000e+02,        +7.071067811865e+00,        +1.029618366019e+01,        +1.224319951769e+00,        +2.675780022963e-01,        -2.702413891360e-01,        +7.071067811865e+00,        +2.675780022946e-01,        -2.702413891353e-01,        +1.029536830388e+01,        +1.216469142661e+00
 1.88800000e+02,        +7.071067811865e+00,        +1.058590347047e+01,        +1.448450333791e-01,        +1.622206124916e-01,        -2.791811259944e-01,        +7.071067811865e+00,        +1.622206124912e-01,        -2.791811259940e-01,        +1.058417532570e+01,        +1.369185382579e-01
 1.90400000e+02,        +7.071067811865e+00,        +1.061167874124e+01,        -9.619954572392e-01,        +7.519099576400e-02,        -2.600943285308e-01,        +7.071067811865e+00,        +7.519099576418e-02,        -2.600943285295e-01,        +1.060903428833e+01,        -9.695853550222e-01
 1.92000000e+02,        +7.071067811865e+00,        +1.038942324154e+01,        -2.016359449699e+00,        +1.089247773837e-02,        -2.238892768147e-01,        +7.071067811865e+00,        +1.089247773818e-02,        -2.238892768135e-01,        +1.038605967622e+01,        -2.023243017056e+00
 1.93600000e+02,        +7.071067811865e+00,        +9.960925108515e+00,        -2.955256503786e+00,        -3.094114091507e-02,        -1.807615409731e-01,        +7.071067811865e+00,        -3.094114091466e-02,        -1.807615409721e-01,        +9.957179007396e+00,        -2.961200358607e+00
 1.95200000e+02,        +7.071067811865e+00,        +9.381897853295e+00,        -3.739882849538e+00,        -5.387500978606e-02,        -1.383720798675e-01,        +7.071067811865e+00,        -5.387500978530e-02,        -1.383720798663e-01,        +9.378151098282e+00,        -3.744825829733e+00
 1.96800000e+02,        +7.071067811865e+00,        +8.709742873398e+00,        -4.355560684748e+00,        -6.289218807775e-02,        -1.012514624345e-01,        +7.071067811865e+00,        -6.289218807740e-02,        -1.012514624342e-01,        +8.706338464923e+00,        -4.359593712849e+00
 1.98400000e+02,        +7.071067811865e+00,        +7.994778297926e+00,        -4.806566925404e+00,        -6.286155307976e-02,        -7.123404779613e-02,        +7.071067811865e+00,        -6.286155307931e-02,        -7.123404779561e-02,        +7.991970362058e+00,        -4.809881675821e+00
 2.00000000e+02,        +7.071067811865e+00,        +7.276026546983e+00,        -5.109160062944e+00,        -5.770873052338e-02,        -4.834750126868e-02,        +7.071067811865e+00,        -5.770873052256e-02,        -4.834750126781e-02,        +7.273966239779e+00,        -5.111993196339e+00
 2.01600000e+02,        +7.071067811865e+00,        +6.580677205656e+00,        -5.285279859448e+00,        -5.019907837324e-02,        -3.167583361212e-02,        +7.071067811865e+00,        -5.019907837340e-02,        -3.167583361184e-02,        +6.579423262468e+00,        -5.287869166791e+00
 2.03200000e+02,        +7.071067811865e+00,        +5.925669326574e+00,        -5.358015619634e+00,        -4.207319445972e-02,        -1.997597063209e-02,        +7.071067811865e+00,        -4.207319445936e-02,        -1.997597063233e-02,        +5.925209913518e+00,        -5.360572943804e+00
 2.04800000e+02,        +7.071067811865e+00,        +5.320058457850e+00,        -5.348907559062e+00,        -3.430815778593e-02,        -1.202967441670e-02,        +7.071067811865e+00,        -3.430815778574e-02,        -1.202967441688e-02,        +5.320334633742e+00,        -5.351606340456e+00
 2.06400000e+02,        +7.071067811865e+00,        +4.767349210306e+00,        -5.276666965057e+00,        -2.737368435443e-02,        -6.800072966825e-03,        +7.071067811865e+00,        -2.737368435409e-02,        -6.800072966690e-03,        +4.768274947154e+00,        -5.279639811042e+00
 2.08000000e+02,        +7.071067811865e+00,        +4.267425543545e+00,        -5.156813689523e+00,        -2.143216854804e-02,        -3.472351447649e-03,        +7.071067811865e+00,        -2.143216854782e-02,        -3.472351447838e-03,        +4.268902670809e+00,        -5.160155602352e+00
 2.09600000e+02,        +7.071067811865e+00,        +3.817992800910e+00,        -5.001821708678e+00,        -1.647627993831e-02,        -1.437944088157e-03,        +7.071067811865e+00,        -1.647627993827e-02,        -1.437944087984e-03,        +3.819921103626e+00,        -5.005595809972e+00
 2.11200000e+02,        +7.071067811865e+00,        +3.415581283422e+00,        -4.821496594444e+00,        -1.241564379833e-02,        -2.579008695454e-04,        +7.071067811865e+00,        -1.241564379851e-02,        -2.579008696156e-04,        +3.417864720851e+00,        -4.825740416389e+00
 2.12800000e+02,        +7.071067811865e+00,        +3.056206261850e+00,        -4.623421876581e+00,        -9.127605517256e-03,        +3.764181410188e-04,        +7.071067811865e+00,        -9.127605517308e-03,        +3.764181412920e-04,        +3.058756386276e+00,        -4.628153213594e+00
 2.14400000e+02,        +7.071067811865e+00,        +2.735779560091e+00,        -4.413389543006e+00,        -6.484819375018e-03,        +6.777063911070e-04,        +7.071067811865e+00,        -6.484819374964e-03,        +6.777063910184e-04,        +2.738517060797e+00,        -4.418611444259e+00
 2.16000000e+02,        +7.071067811865e+00,        +2.450351061280e+00,        -4.195777667289e+00,        -4.368827137672e-03,        +7.899897637795e-04,        +7.071067811865e+00,        -4.368827137282e-03,        +7.899897637079e-04,        +2.453206132524e+00,        -4.201482478763e+00
 2.17600000e+02,        +7.071067811865e+00,        +2.196238591665e+00,        -3.973864464657e+00,        -2.675635809799e-03,        +8.091253445122e-04,        +7.071067811865e+00,        -2.675635809869e-03,        +8.091253446396e-04,        +2.199150613211e+00,        -3.980036989879e+00
 2.19200000e+02,        +7.071067811865e+00,        +1.970087249781e+00,        -3.750081079269e+00,        -1.316997106961e-03,        +7.976876137390e-04,        +7.071067811865e+00,        -1.316997106844e-03,        +7.976876136242e-04,        +1.973004102821e+00,        -3.756700991006e+00
 2.20800000e+02,        +7.071067811865e+00,        +1.768885870173e+00,        -3.526210837906e+00,        -2.195616231353e-04,        +7.955382520063e-04,        +7.071067811865e+00,        -2.195616231183e-04,        +7.955382518222e-04,        +1.771763091756e+00,        -3.533254484905e+00
 2.22400000e+02,        +7.071067811865e+00,        +1.589958713382e+00,        -3.303544170886e+00,        +6.768733360343e-04,        +8.272159332988e-04,        +7.071067811865e+00,        +6.768733359226e-04,        +8.272159332950e-04,        +1.592758610822e+00,        -3.310985911908e+00
 2.24000000e+02,        +7.071067811865e+00,        +1.430943885613e+00,        -3.082997985782e+00,        +1.421372674630e-03,        +9.070454564080e-04,        +7.071067811865e+00,        +1.421372674824e-03,        +9.070454564151e-04,        +1.433634679006e+00,        -3.090811162486e+00
 2.25600000e+02,        +7.071067811865e+00,        +1.289765605030e+00,        -2.865207113092e+00,        +2.053807045759e-03,        +1.042639682440e-03,        +7.071067811865e+00,        +2.053807045931e-03,        +1.042639682400e-03,        +1.292320632257e+00,        -2.873364751313e+00
 2.27200000e+02,        +7.071067811865e+00,        +1.164604578479e+00,        -2.650594095394e+00,        +2.606590405092e-03,        +1.237282153220e-03,        +7.071067811865e+00,        +2.606590404995e-03,        +1.237282153111e-03,        +1.167001576705e+00,        -2.659069404409e+00
 2.28800000e+02,        +7.071067811865e+00,        +1.053868933264e+00,        -2.439422323718e+00,        +3.106167266073e-03,        +1.491536504551e-03,        +7.071067811865e+00,        +3.106167266060e-03,        +1.491536504501e-03,        +1.056089399158e+00,        -2.448189046184e+00
 2.30400000e+02,        +7.071067811865e+00,        +9.561670112155e-01,        -2.231836436037e+00,        +3.574253295316e-03,        +1.804324946834e-03,        +7.071067811865e+00,        +3.574253295244e-03,        +1.804324946801e-03,        +9.581956359257e-01,        -2.240869087666e+00
 2.32000000e+02,        +7.071067811865e+00,        +8.702826366661e-01,        -2.027893002898e+00,        +4.028854215033e-03,        +2.173643950645e-03,        +7.071067811865e+00,        +4.028854215029e-03,        +2.173643950532e-03,        +8.721068090596e-01,        -2.037167030186e+00
 2.33600000e+02,        +7.071067811865e+00,        +7.951530564672e-01,        -1.827583819309e+00,        +4.485095290378e-03,        +2.597033234305e-03,        +7.071067811865e+00,        +4.485095290311e-03,        +2.597033234280e-03,        +7.967624280459e-01,        -1.837075695372e+00
 2.35200000e+02,        +7.071067811865e+00,        +7.298495143372e-01,        -1.630853572257e+00,        +4.955893962310e-03,        +3.071878077694e-03,        +7.071067811865e+00,        +4.955893962329e-03,        +3.071878077628e-03,        +7.312356208232e-01,        -1.640540844879e+00
 2.36800000e+02,        +7.071067811865e+00,        +6.735602960873e-01,        -1.437613230285e+00,        +5.452505448651e-03,        +3.595600200888e-03,        +7.071067811865e+00,        +5.452505448619e-03,        +3.595600200887e-03,        +6.747162336976e-01,        -1.447474532385e+00
 2.38400000e+02,        +7.071067811865e+00,        +6.255760234523e-01,        -1.247750178497e+00,        +5.984967409475e-03,        +4.165775594941e-03,        +7.071067811865e+00,        +5.984967409485e-03,        +4.165775594925e-03,        +6.264961818586e-01,        -1.257765209744e+00
 2.40000000e+02,        +7.071067811865e+00,        +5.852769550488e-01,        -1.061135876745e+00,        +6.562466309083e-03,        +4.780206290320e-03,        +7.071067811865e+00,        +6.562466308896e-03,        +4.780206290340e-03,        +5.859568136623e-01,        -1.071285366491e+00
