        f (GHz),              E_elec[1] (J),               E_mag[1] (J),               E_cap[1] (J),               E_ind[1] (J),              E_elec[2] (J),               E_mag[2] (J),               E_cap[2] (J),               E_ind[2] (J),              E_elec[3] (J),               E_mag[3] (J),               E_cap[3] (J),               E_ind[3] (J)
 8.00000000e+01,        +7.044783760052e-13,        +7.675709750259e-13,        +0.000000000000e+00,        +0.000000000000e+00,        +6.055399469703e-13,        +1.105006490486e-12,        +0.000000000000e+00,        +0.000000000000e+00,        +6.048599432097e-13,        +1.104963970631e-12,        +0.000000000000e+00,        +0.000000000000e+00
 8.16000000e+01,        +7.057571165947e-13,        +7.667125148321e-13,        +0.000000000000e+00,        +0.000000000000e+00,        +6.110060908265e-13,        +1.096302281058e-12,        +0.000000000000e+00,        +0.000000000000e+00,        +6.103242263016e-13,        +1.096262295600e-12,        +0.000000000000e+00,        +0.000000000000e+00
 8.32000000e+01,        +7.070401686886e-13,        +7.658537958970e-13,        +0.000000000000e+00,        +0.000000000000e+00,        +6.164747661812e-13,        +1.087646739197e-12,        +0.000000000000e+00,        +0.000000000000e+00,        +6.157909401633e-13,        +1.087609185401e-12,        +0.000000000000e+00,        +0.000000000000e+00
 8.48000000e+01,        +7.083267812671e-13,        +7.649947271667e-13,        +0.000000000000e+00,        +0.000000000000e+00,        +6.219432045900e-13,        +1.079043558848e-12,        +0.000000000000e+00,        +0.000000000000e+00,        +6.212573171723e-13,        +1.079008329352e-12,        +0.000000000000e+00,        +0.000000000000e+00
 8.64000000e+01,        +7.096162010047e-13,        +7.641352347345e-13,        +0.000000000000e+00,        +0.000000000000e+00,        +6.274087365788e-13,        +1.070496308907e-12,        +0.000000000000e+00,        +0.000000000000e+00,        +6.267206888598e-13,        +1.070463291734e-12,        +0.000000000000e+00,        +0.000000000000e+00
 8.80000000e+01,        +7.109076725957e-13,        +7.632752604949e-13,        +0.000000000000e+00,        +0.000000000000e+00,        +6.328687909997e-13,        +1.062008432503e-12,        +0.000000000000e+00,        +0.000000000000e+00,        +6.321784852542e-13,        +1.061977511111e-12,        +0.000000000000e+00,        +0.000000000000e+00
 8.96000000e+01,        +7.122004390956e-13,        +7.624147609629e-13,        +0.000000000000e+00,        +0.000000000000e+00,        +6.383208942317e-13,        +1.053583246825e-12,        +0.000000000000e+00,        +0.000000000000e+00,        +6.376282340720e-13,        +1.053554300167e-12,        +0.000000000000e+00,        +0.000000000000e+00
 9.12000000e+01,        +7.134937422801e-13,        +7.615537062342e-13,        +0.000000000000e+00,        +0.000000000000e+00,        +6.437626692373e-13,        +1.045223943406e-12,        +0.000000000000e+00,        +0.000000000000e+00,        +6.430675597631e-13,        +1.045196846014e-12,        +0.000000000000e+00,        +0.000000000000e+00
 9.28000000e+01,        +7.147868230196e-13,        +7.606920790665e-13,        +0.000000000000e+00,        +0.000000000000e+00,        +6.491918344811e-13,        +1.036933588821e-12,        +0.000000000000e+00,        +0.000000000000e+00,        +6.484941824193e-13,        +1.036908210895e-12,        +0.000000000000e+00,        +0.000000000000e+00
 9.44000000e+01,        +7.160789216713e-13,        +7.598298740631e-13,        +0.000000000000e+00,        +0.000000000000e+00,        +6.546062027198e-13,        +1.028715125736e-12,        +0.000000000000e+00,        +0.000000000000e+00,        +6.539059165537e-13,        +1.028691333257e-12,        +0.000000000000e+00,        +0.000000000000e+00
 9.60000000e+01,        +7.173692784861e-13,        +7.589670969451e-13,        +0.000000000000e+00,        +0.000000000000e+00,        +6.600036796710e-13,        +1.020571374292e-12,        +0.000000000000e+00,        +0.000000000000e+00,        +6.593006697604e-13,        +1.020549029133e-12,        +0.000000000000e+00,        +0.000000000000e+00
 9.76000000e+01,        +7.186571340319e-13,        +7.581037638982e-13,        +0.000000000000e+00,        +0.000000000000e+00,        +6.653822625695e-13,        +1.012505033760e-12,        +0.000000000000e+00,        +0.000000000000e+00,        +6.646764412605e-13,        +1.012483993813e-12,        +0.000000000000e+00,        +0.000000000000e+00
 9.92000000e+01,        +7.199417296307e-13,        +7.572399009850e-13,        +0.000000000000e+00,        +0.000000000000e+00,        +6.707400386178e-13,        +1.004518684452e-12,        +0.000000000000e+00,        +0.000000000000e+00,        +6.700313203439e-13,        +1.004498803757e-12,        +0.000000000000e+00,        +0.000000000000e+00
 1.00800000e+02,        +7.212223078099e-13,        +7.563755436128e-13,        +0.000000000000e+00,        +0.000000000000e+00,        +6.760751833399e-13,        +9.966147898563e-13,        +0.000000000000e+00,        +0.000000000000e+00,        +6.753634847132e-13,        +9.965959187372e-13,        +0.000000000000e+00,        +0.000000000000e+00
 1.02400000e+02,        +7.224981127666e-13,        +7.555107360488e-13,        +0.000000000000e+00,        +0.000000000000e+00,        +6.813859588454e-13,        +9.887956989686e-13,        +0.000000000000e+00,        +0.000000000000e+00,        +6.806711987392e-13,        +9.887776841753e-13,        +0.000000000000e+00,        +0.000000000000e+00
 1.04000000e+02,        +7.237683908432e-13,        +7.546455309773e-13,        +0.000000000000e+00,        +0.000000000000e+00,        +6.866707120110e-13,        +9.810636488012e-13,        +0.000000000000e+00,        +0.000000000000e+00,        +6.859528116339e-13,        +9.810463336536e-13,        +0.000000000000e+00,        +0.000000000000e+00
 1.05600000e+02,        +7.250323910150e-13,        +7.537799890919e-13,        +0.000000000000e+00,        +0.000000000000e+00,        +6.919278725883e-13,        +9.734207670469e-13,        +0.000000000000e+00,        +0.000000000000e+00,        +6.912067555491e-13,        +9.734039915827e-13,        +0.000000000000e+00,        +0.000000000000e+00
 1.07200000e+02,        +7.262893653868e-13,        +7.529141787190e-13,        +0.000000000000e+00,        +0.000000000000e+00,        +6.971559512439e-13,        +9.658690748803e-13,        +0.000000000000e+00,        +0.000000000000e+00,        +6.964315436089e-13,        +9.658526760067e-13,        +0.000000000000e+00,        +0.000000000000e+00
 1.08800000e+02,        +7.275385696988e-13,        +7.520481754678e-13,        +0.000000000000e+00,        +0.000000000000e+00,        +7.023535375401e-13,        +9.584104898814e-13,        +0.000000000000e+00,        +0.000000000000e+00,        +7.016257678815e-13,        +9.583943015278e-13,        +0.000000000000e+00,        +0.000000000000e+00
 1.10400000e+02,        +7.287792638404e-13,        +7.511820619035e-13,        +0.000000000000e+00,        +0.000000000000e+00,        +7.075192978621e-13,        +9.510468290641e-13,        +0.000000000000e+00,        +0.000000000000e+00,        +7.067880972994e-13,        +9.510306823376e-13,        +0.000000000000e+00,        +0.000000000000e+00
 1.12000000e+02,        +7.300107123710e-13,        +7.503159272403e-13,        +0.000000000000e+00,        +0.000000000000e+00,        +7.126519733004e-13,        +9.437798119977e-13,        +0.000000000000e+00,        +0.000000000000e+00,        +7.119172755332e-13,        +9.437635353405e-13,        +0.000000000000e+00,        +0.000000000000e+00
 1.13600000e+02,        +7.312321850464e-13,        +7.494498670529e-13,        +0.000000000000e+00,        +0.000000000000e+00,        +7.177503774931e-13,        +9.366110640080e-13,        +0.000000000000e+00,        +0.000000000000e+00,        +7.170121188271e-13,        +9.365944833562e-13,        +0.000000000000e+00,        +0.000000000000e+00
 1.15200000e+02,        +7.324429573502e-13,        +7.485839830017e-13,        +0.000000000000e+00,        +0.000000000000e+00,        +7.228133944374e-13,        +9.295421194470e-13,        +0.000000000000e+00,        +0.000000000000e+00,        +7.220715138026e-13,        +9.295250583905e-13,        +0.000000000000e+00,        +0.000000000000e+00
 1.16800000e+02,        +7.336423110289e-13,        +7.477183825727e-13,        +0.000000000000e+00,        +0.000000000000e+00,        +7.278399762734e-13,        +9.225744250202e-13,        +0.000000000000e+00,        +0.000000000000e+00,        +7.270944152359e-13,        +9.225567049639e-13,        +0.000000000000e+00,        +0.000000000000e+00
 1.18400000e+02,        +7.348295346303e-13,        +7.468531788279e-13,        +0.000000000000e+00,        +0.000000000000e+00,        +7.328291410497e-13,        +9.157093431618e-13,        +0.000000000000e+00,        +0.000000000000e+00,        +7.320798438163e-13,        +9.156907834886e-13,        +0.000000000000e+00,        +0.000000000000e+00
 1.20000000e+02,        +7.360039240432e-13,        +7.459884901666e-13,        +0.000000000000e+00,        +0.000000000000e+00,        +7.377799704753e-13,        +9.089481554505e-13,        +0.000000000000e+00,        +0.000000000000e+00,        +7.370268838919e-13,        +9.089285736837e-13,        +0.000000000000e+00,        +0.000000000000e+00
 1.21600000e+02,        +7.371647830380e-13,        +7.451244400951e-13,        +0.000000000000e+00,        +0.000000000000e+00,        +7.426916076639e-13,        +9.022920660556e-13,        +0.000000000000e+00,        +0.000000000000e+00,        +7.419346812071e-13,        +9.022712780234e-13,        +0.000000000000e+00,        +0.000000000000e+00
 1.23200000e+02,        +7.383114238083e-13,        +7.442611570040e-13,        +0.000000000000e+00,        +0.000000000000e+00,        +7.475632548765e-13,        +8.957422052085e-13,        +0.000000000000e+00,        +0.000000000000e+00,        +7.468024406400e-13,        +8.957200252083e-13,        +0.000000000000e+00,        +0.000000000000e+00
 1.24800000e+02,        +7.394431675097e-13,        +7.433987739531e-13,        +0.000000000000e+00,        +0.000000000000e+00,        +7.523941712684e-13,        +8.892996326921e-13,        +0.000000000000e+00,        +0.000000000000e+00,        +7.516294239432e-13,        +8.892758736554e-13,        +0.000000000000e+00,        +0.000000000000e+00
 1.26400000e+02,        +7.405593447986e-13,        +7.425374284610e-13,        +0.000000000000e+00,        +0.000000000000e+00,        +7.571836706456e-13,        +8.829653413427e-13,        +0.000000000000e+00,        +0.000000000000e+00,        +7.564149474952e-13,        +8.829398150004e-13,        +0.000000000000e+00,        +0.000000000000e+00
 1.28000000e+02,        +7.416592963669e-13,        +7.416772623009e-13,        +0.000000000000e+00,        +0.000000000000e+00,        +7.619311192365e-13,        +8.767402605597e-13,        +0.000000000000e+00,        +0.000000000000e+00,        +7.611583800663e-13,        +8.767127776073e-13,        +0.000000000000e+00,        +0.000000000000e+00
 1.29600000e+02,        +7.427423734733e-13,        +7.408184213007e-13,        +0.000000000000e+00,        +0.000000000000e+00,        +7.666359334835e-13,        +8.706252598194e-13,        +0.000000000000e+00,        +0.000000000000e+00,        +7.658591406064e-13,        +8.705956300817e-13,        +0.000000000000e+00,        +0.000000000000e+00
 1.31200000e+02,        +7.438079384705e-13,        +7.399610551470e-13,        +0.000000000000e+00,        +0.000000000000e+00,        +7.712975778606e-13,        +8.646211521886e-13,        +0.000000000000e+00,        +0.000000000000e+00,        +7.705166960578e-13,        +8.645891847845e-13,        +0.000000000000e+00,        +0.000000000000e+00
 1.32800000e+02,        +7.448553653262e-13,        +7.391053171929e-13,        +0.000000000000e+00,        +0.000000000000e+00,        +7.759155627219e-13,        +8.587286978362e-13,        +0.000000000000e+00,        +0.000000000000e+00,        +7.751305591990e-13,        +8.586942013429e-13,        +0.000000000000e+00,        +0.000000000000e+00
 1.34400000e+02,        +7.458840401387e-13,        +7.382513642692e-13,        +0.000000000000e+00,        +0.000000000000e+00,        +7.804894421855e-13,        +8.529486075414e-13,        +0.000000000000e+00,        +0.000000000000e+00,        +7.797002865263e-13,        +8.529113901568e-13,        +0.000000000000e+00,        +0.000000000000e+00
 1.36000000e+02,        +7.468933616444e-13,        +7.373993564976e-13,        +0.000000000000e+00,        +0.000000000000e+00,        +7.850188120592e-13,        +8.472815461961e-13,        +0.000000000000e+00,        +0.000000000000e+00,        +7.842254761748e-13,        +8.472414159009e-13,        +0.000000000000e+00,        +0.000000000000e+00
 1.37600000e+02,        +7.478827417183e-13,        +7.365494571079e-13,        +0.000000000000e+00,        +0.000000000000e+00,        +7.895033078124e-13,        +8.417281363031e-13,        +0.000000000000e+00,        +0.000000000000e+00,        +7.887057658882e-13,        +8.416849010204e-13,        +0.000000000000e+00,        +0.000000000000e+00
 1.39200000e+02,        +7.488516058654e-13,        +7.357018322566e-13,        +0.000000000000e+00,        +0.000000000000e+00,        +7.939426025989e-13,        +8.362889614693e-13,        +0.000000000000e+00,        +0.000000000000e+00,        +7.931408310390e-13,        +8.362424292223e-13,        +0.000000000000e+00,        +0.000000000000e+00
 1.40800000e+02,        +7.497993937034e-13,        +7.348566508482e-13,        +0.000000000000e+00,        +0.000000000000e+00,        +7.983364053380e-13,        +8.309645698959e-13,        +0.000000000000e+00,        +0.000000000000e+00,        +7.975303827073e-13,        +8.309145489635e-13,        +0.000000000000e+00,        +0.000000000000e+00
 1.42400000e+02,        +7.507255594339e-13,        +7.340140843587e-13,        +0.000000000000e+00,        +0.000000000000e+00,        +8.026844588568e-13,        +8.257554778688e-13,        +0.000000000000e+00,        +0.000000000000e+00,        +8.018741658221e-13,        +8.257017769374e-13,        +0.000000000000e+00,        +0.000000000000e+00
 1.44000000e+02,        +7.516295723052e-13,        +7.331743066608e-13,        +0.000000000000e+00,        +0.000000000000e+00,        +8.069865381018e-13,        +8.206621732512e-13,        +0.000000000000e+00,        +0.000000000000e+00,        +8.061719573711e-13,        +8.206046015631e-13,        +0.000000000000e+00,        +0.000000000000e+00
 1.45600000e+02,        +7.525109170617e-13,        +7.323374938520e-13,        +0.000000000000e+00,        +0.000000000000e+00,        +8.112424484240e-13,        +8.156851189836e-13,        +0.000000000000e+00,        +0.000000000000e+00,        +8.104235646862e-13,        +8.156234864814e-13,        +0.000000000000e+00,        +0.000000000000e+00
 1.47200000e+02,        +7.533690943829e-13,        +7.315038240845e-13,        +0.000000000000e+00,        +0.000000000000e+00,        +8.154520239445e-13,        +8.108247565957e-13,        +0.000000000000e+00,        +0.000000000000e+00,        +8.146288238083e-13,        +8.107588740616e-13,        +0.000000000000e+00,        +0.000000000000e+00
 1.48800000e+02,        +7.542036213102e-13,        +7.306734773967e-13,        +0.000000000000e+00,        +0.000000000000e+00,        +8.196151260075e-13,        +8.060815097373e-13,        +0.000000000000e+00,        +0.000000000000e+00,        +8.187875979415e-13,        +8.060111889273e-13,        +0.000000000000e+00,        +0.000000000000e+00
 1.50400000e+02,        +7.550140316605e-13,        +7.298466355483e-13,        +0.000000000000e+00,        +0.000000000000e+00,        +8.237316417265e-13,        +8.014557877344e-13,        +0.000000000000e+00,        +0.000000000000e+00,        +8.228997760006e-13,        +8.013808415059e-13,        +0.000000000000e+00,        +0.000000000000e+00
 1.52000000e+02,        +7.557998764279e-13,        +7.290234818566e-13,        +0.000000000000e+00,        +0.000000000000e+00,        +8.278014826324e-13,        +7.969479891791e-13,        +0.000000000000e+00,        +0.000000000000e+00,        +8.269652712607e-13,        +7.968682316124e-13,        +0.000000000000e+00,        +0.000000000000e+00
 1.53600000e+02,        +7.565607241722e-13,        +7.282042010360e-13,        +0.000000000000e+00,        +0.000000000000e+00,        +8.318245834291e-13,        +7.925585055615e-13,        +0.000000000000e+00,        +0.000000000000e+00,        +8.309840201162e-13,        +7.924737520747e-13,        +0.000000000000e+00,        +0.000000000000e+00
 1.55200000e+02,        +7.572961613945e-13,        +7.273889790394e-13,        +0.000000000000e+00,        +0.000000000000e+00,        +8.358009008678e-13,        +7.882877249543e-13,        +0.000000000000e+00,        +0.000000000000e+00,        +8.349559809574e-13,        +7.881977924100e-13,        +0.000000000000e+00,        +0.000000000000e+00
 1.56800000e+02,        +7.580057929002e-13,        +7.265780029024e-13,        +0.000000000000e+00,        +0.000000000000e+00,        +8.397304127452e-13,        +7.841360357592e-13,        +0.000000000000e+00,        +0.000000000000e+00,        +8.388811331735e-13,        +7.840407425651e-13,        +0.000000000000e+00,        +0.000000000000e+00
 1.58400000e+02,        +7.586892421488e-13,        +7.257714605888e-13,        +0.000000000000e+00,        +0.000000000000e+00,        +8.436131170373e-13,        +7.801038305257e-13,        +0.000000000000e+00,        +0.000000000000e+00,        +8.427594762900e-13,        +7.800029967286e-13,        +0.000000000000e+00,        +0.000000000000e+00
 1.60000000e+02,        +7.593461515915e-13,        +7.249695408373e-13,        +0.000000000000e+00,        +0.000000000000e+00,        +8.474490311759e-13,        +7.761915098527e-13,        +0.000000000000e+00,        +0.000000000000e+00,        +8.465910292506e-13,        +7.760849572269e-13,        +0.000000000000e+00,        +0.000000000000e+00
 1.61600000e+02,        +7.599761829947e-13,        +7.241724330083e-13,        +0.000000000000e+00,        +0.000000000000e+00,        +8.512381914790e-13,        +7.723994863816e-13,        +0.000000000000e+00,        +0.000000000000e+00,        +8.503758298512e-13,        +7.722870385146e-13,        +0.000000000000e+00,        +0.000000000000e+00
 1.63200000e+02,        +7.605790177507e-13,        +7.233803269276e-13,        +0.000000000000e+00,        +0.000000000000e+00,        +8.549806527435e-13,        +7.687281888889e-13,        +0.000000000000e+00,        +0.000000000000e+00,        +8.541139343372e-13,        +7.686096712670e-13,        +0.000000000000e+00,        +0.000000000000e+00
 1.64800000e+02,        +7.611543571724e-13,        +7.225934127256e-13,        +0.000000000000e+00,        +0.000000000000e+00,        +8.586764880099e-13,        +7.651780664812e-13,        +0.000000000000e+00,        +0.000000000000e+00,        +8.578054171696e-13,        +7.650533065794e-13,        +0.000000000000e+00,        +0.000000000000e+00
 1.66400000e+02,        +7.617019227692e-13,        +7.218118806666e-13,        +0.000000000000e+00,        +0.000000000000e+00,        +8.623257885074e-13,        +7.617495928920e-13,        +0.000000000000e+00,        +0.000000000000e+00,        +8.614503709704e-13,        +7.616184202748e-13,        +0.000000000000e+00,        +0.000000000000e+00
 1.68000000e+02,        +7.622214565012e-13,        +7.210359209633e-13,        +0.000000000000e+00,        +0.000000000000e+00,        +8.659286637860e-13,        +7.584432708718e-13,        +0.000000000000e+00,        +0.000000000000e+00,        +8.650489066496e-13,        +7.583055173111e-13,        +0.000000000000e+00,        +0.000000000000e+00
 1.69600000e+02,        +7.627127210016e-13,        +7.202657235714e-13,        +0.000000000000e+00,        +0.000000000000e+00,        +8.694852420427e-13,        +7.552596366484e-13,        +0.000000000000e+00,        +0.000000000000e+00,        +8.686011537205e-13,        +7.551151362674e-13,        +0.000000000000e+00,        +0.000000000000e+00
 1.71200000e+02,        +7.631754997603e-13,        +7.195014779551e-13,        +0.000000000000e+00,        +0.000000000000e+00,        +8.729956706399e-13,        +7.521992644218e-13,        +0.000000000000e+00,        +0.000000000000e+00,        +8.721072607994e-13,        +7.520478538730e-13,        +0.000000000000e+00,        +0.000000000000e+00
 1.72800000e+02,        +7.636095972545e-13,        +7.187433728220e-13,        +0.000000000000e+00,        +0.000000000000e+00,        +8.764601168156e-13,        +7.492627708310e-13,        +0.000000000000e+00,        +0.000000000000e+00,        +8.755673962864e-13,        +7.491042895142e-13,        +0.000000000000e+00,        +0.000000000000e+00
 1.74400000e+02,        +7.640148390132e-13,        +7.179915958206e-13,        +0.000000000000e+00,        +0.000000000000e+00,        +8.798787685699e-13,        +7.464508193006e-13,        +0.000000000000e+00,        +0.000000000000e+00,        +8.789817492116e-13,        +7.462851096244e-13,        +0.000000000000e+00,        +0.000000000000e+00
 1.76000000e+02,        +7.643910716019e-13,        +7.172463332094e-13,        +0.000000000000e+00,        +0.000000000000e+00,        +8.832518357042e-13,        +7.437641241329e-13,        +0.000000000000e+00,        +0.000000000000e+00,        +8.823505302226e-13,        +7.435910318133e-13,        +0.000000000000e+00,        +0.000000000000e+00
 1.77600000e+02,        +7.647381625211e-13,        +7.165077695060e-13,        +0.000000000000e+00,        +0.000000000000e+00,        +8.865795509694e-13,        +7.412034541569e-13,        +0.000000000000e+00,        +0.000000000000e+00,        +8.856739726724e-13,        +7.410228285401e-13,        +0.000000000000e+00,        +0.000000000000e+00
 1.79200000e+02,        +7.650560000203e-13,        +7.157760871433e-13,        +0.000000000000e+00,        +0.000000000000e+00,        +8.898621712532e-13,        +7.387696356817e-13,        +0.000000000000e+00,        +0.000000000000e+00,        +8.889523337438e-13,        +7.385813300614e-13,        +0.000000000000e+00,        +0.000000000000e+00
 1.80800000e+02,        +7.653444928460e-13,        +7.150514661678e-13,        +0.000000000000e+00,        +0.000000000000e+00,        +8.930999787021e-13,        +7.364635544170e-13,        +0.000000000000e+00,        +0.000000000000e+00,        +8.921858955135e-13,        +7.362674263096e-13,        +0.000000000000e+00,        +0.000000000000e+00
 1.82400000e+02,        +7.656035699606e-13,        +7.143340840173e-13,        +0.000000000000e+00,        +0.000000000000e+00,        +8.962932816270e-13,        +7.342861559275e-13,        +0.000000000000e+00,        +0.000000000000e+00,        +8.953749658176e-13,        +7.340820672579e-13,        +0.000000000000e+00,        +0.000000000000e+00
 1.84000000e+02,        +7.658331802839e-13,        +7.136241154173e-13,        +0.000000000000e+00,        +0.000000000000e+00,        +8.994424149820e-13,        +7.322384440652e-13,        +0.000000000000e+00,        +0.000000000000e+00,        +8.985198787166e-13,        +7.320262612201e-13,        +0.000000000000e+00,        +0.000000000000e+00
 1.85600000e+02,        +7.660332925109e-13,        +7.129217324130e-13,        +0.000000000000e+00,        +0.000000000000e+00,        +9.025477401347e-13,        +7.303214766708e-13,        +0.000000000000e+00,        +0.000000000000e+00,        +9.016209942866e-13,        +7.301010703914e-13,        +0.000000000000e+00,        +0.000000000000e+00
 1.87200000e+02,        +7.662038950538e-13,        +7.122271045286e-13,        +0.000000000000e+00,        +0.000000000000e+00,        +9.056096435587e-13,        +7.285363576503e-13,        +0.000000000000e+00,        +0.000000000000e+00,        +9.046786973685e-13,        +7.283076027605e-13,        +0.000000000000e+00,        +0.000000000000e+00
 1.88800000e+02,        +7.663449961225e-13,        +7.115403990155e-13,        +0.000000000000e+00,        +0.000000000000e+00,        +9.086285339767e-13,        +7.268842242865e-13,        +0.000000000000e+00,        +0.000000000000e+00,        +9.076933947935e-13,        +7.266469992906e-13,        +0.000000000000e+00,        +0.000000000000e+00
 1.90400000e+02,        +7.664566239288e-13,        +7.108617811259e-13,        +0.000000000000e+00,        +0.000000000000e+00,        +9.116048373562e-13,        +7.253662283649e-13,        +0.000000000000e+00,        +0.000000000000e+00,        +9.106655104771e-13,        +7.251204149818e-13,        +0.000000000000e+00,        +0.000000000000e+00
 1.92000000e+02,        +7.665388269603e-13,        +7.101914143447e-13,        +0.000000000000e+00,        +0.000000000000e+00,        +9.145389890164e-13,        +7.239835093598e-13,        +0.000000000000e+00,        +0.000000000000e+00,        +9.135954776202e-13,        +7.237289920835e-13,        +0.000000000000e+00,        +0.000000000000e+00
 1.93600000e+02,        +7.665916742588e-13,        +7.095294605215e-13,        +0.000000000000e+00,        +0.000000000000e+00,        +9.174314219357e-13,        +7.227371575828e-13,        +0.000000000000e+00,        +0.000000000000e+00,        +9.164837270964e-13,        +7.224738233763e-13,        +0.000000000000e+00,        +0.000000000000e+00
 1.95200000e+02,        +7.666152556337e-13,        +7.088760798766e-13,        +0.000000000000e+00,        +0.000000000000e+00,        +9.202825501719e-13,        +7.216281648872e-13,        +0.000000000000e+00,        +0.000000000000e+00,        +9.193306709317e-13,        +7.213559031084e-13,        +0.000000000000e+00,        +0.000000000000e+00
 1.96800000e+02,        +7.666096817645e-13,        +7.082314308805e-13,        +0.000000000000e+00,        +0.000000000000e+00,        +9.230927461389e-13,        +7.206573603085e-13,        +0.000000000000e+00,        +0.000000000000e+00,        +9.221366796217e-13,        +7.203760629604e-13,        +0.000000000000e+00,        +0.000000000000e+00
 1.98400000e+02,        +7.665750841710e-13,        +7.075956700328e-13,        +0.000000000000e+00,        +0.000000000000e+00,        +9.258623103660e-13,        +7.198253280202e-13,        +0.000000000000e+00,        +0.000000000000e+00,        +9.249020519267e-13,        +7.195348903994e-13,        +0.000000000000e+00,        +0.000000000000e+00
 2.00000000e+02,        +7.665116150561e-13,        +7.069689515803e-13,        +0.000000000000e+00,        +0.000000000000e+00,        +9.285914323556e-13,        +7.191323053280e-13,        +0.000000000000e+00,        +0.000000000000e+00,        +9.276269757765e-13,        +7.188326271368e-13,        +0.000000000000e+00,        +0.000000000000e+00
 2.01600000e+02,        +7.664194470421e-13,        +7.063514272107e-13,        +0.000000000000e+00,        +0.000000000000e+00,        +9.312801413430e-13,        +7.185780593144e-13,        +0.000000000000e+00,        +0.000000000000e+00,        +9.303114791058e-13,        +7.182690462911e-13,        +0.000000000000e+00,        +0.000000000000e+00
 2.03200000e+02,        +7.662987728296e-13,        +7.057432457551e-13,        +0.000000000000e+00,        +0.000000000000e+00,        +9.339282462480e-13,        +7.181617424138e-13,        +0.000000000000e+00,        +0.000000000000e+00,        +9.329553699315e-13,        +7.178433085329e-13,        +0.000000000000e+00,        +0.000000000000e+00
 2.04800000e+02,        +7.661498048084e-13,        +7.051445529176e-13,        +0.000000000000e+00,        +0.000000000000e+00,        +9.365352650382e-13,        +7.178817299148e-13,        +0.000000000000e+00,        +0.000000000000e+00,        +9.355581659028e-13,        +7.175538001974e-13,        +0.000000000000e+00,        +0.000000000000e+00
 2.06400000e+02,        +7.659727746422e-13,        +7.045554910445e-13,        +0.000000000000e+00,        +0.000000000000e+00,        +9.391003452122e-13,        +7.177354463644e-13,        +0.000000000000e+00,        +0.000000000000e+00,        +9.381190150472e-13,        +7.173979603223e-13,        +0.000000000000e+00,        +0.000000000000e+00
 2.08000000e+02,        +7.657679328441e-13,        +7.039761989327e-13,        +0.000000000000e+00,        +0.000000000000e+00,        +9.416221792755e-13,        +7.177191931782e-13,        +0.000000000000e+00,        +0.000000000000e+00,        +9.406366115826e-13,        +7.173721088799e-13,        +0.000000000000e+00,        +0.000000000000e+00
 2.09600000e+02,        +7.655355483519e-13,        +7.034068116769e-13,        +0.000000000000e+00,        +0.000000000000e+00,        +9.440989218847e-13,        +7.178279961989e-13,        +0.000000000000e+00,        +0.000000000000e+00,        +9.431091134692e-13,        +7.174712948876e-13,        +0.000000000000e+00,        +0.000000000000e+00
 2.11200000e+02,        +7.652759081093e-13,        +7.028474605485e-13,        +0.000000000000e+00,        +0.000000000000e+00,        +9.465281185916e-13,        +7.180554987494e-13,        +0.000000000000e+00,        +0.000000000000e+00,        +9.455340716091e-13,        +7.176891898617e-13,        +0.000000000000e+00,        +0.000000000000e+00
 2.12800000e+02,        +7.649893166542e-13,        +7.022982729030e-13,        +0.000000000000e+00,        +0.000000000000e+00,        +9.489066593092e-13,        +7.183939314555e-13,        +0.000000000000e+00,        +0.000000000000e+00,        +9.479083837807e-13,        +7.180180577813e-13,        +0.000000000000e+00,        +0.000000000000e+00
 2.14400000e+02,        +7.646760957136e-13,        +7.017593721091e-13,        +0.000000000000e+00,        +0.000000000000e+00,        +9.512307718817e-13,        +7.188341925828e-13,        +0.000000000000e+00,        +0.000000000000e+00,        +9.502282886339e-13,        +7.184488351928e-13,        +0.000000000000e+00,        +0.000000000000e+00
 2.16000000e+02,        +7.643365838057e-13,        +7.012308774967e-13,        +0.000000000000e+00,        +0.000000000000e+00,        +9.534960713009e-13,        +7.193660691922e-13,        +0.000000000000e+00,        +0.000000000000e+00,        +9.524894152203e-13,        +7.189713516476e-13,        +0.000000000000e+00,        +0.000000000000e+00
 2.17600000e+02,        +7.639711358463e-13,        +7.007129043185e-13,        +0.000000000000e+00,        +0.000000000000e+00,        +9.556976769327e-13,        +7.199786176315e-13,        +0.000000000000e+00,        +0.000000000000e+00,        +9.546869003417e-13,        +7.195747089192e-13,        +0.000000000000e+00,        +0.000000000000e+00
 2.19200000e+02,        +7.635801227581e-13,        +7.002055637234e-13,        +0.000000000000e+00,        +0.000000000000e+00,        +9.578304027412e-13,        +7.206607007257e-13,        +0.000000000000e+00,        +0.000000000000e+00,        +9.568155786343e-13,        +7.202478163600e-13,        +0.000000000000e+00,        +0.000000000000e+00
 2.20800000e+02,        +7.631639310797e-13,        +6.997089627364e-13,        +0.000000000000e+00,        +0.000000000000e+00,        +9.598890140946e-13,        +7.214016501887e-13,        +0.000000000000e+00,        +0.000000000000e+00,        +9.588702389207e-13,        +7.209800510179e-13,        +0.000000000000e+00,        +0.000000000000e+00
 2.22400000e+02,        +7.627229625709e-13,        +6.992232042426e-13,        +0.000000000000e+00,        +0.000000000000e+00,        +9.618685309615e-13,        +7.221919914895e-13,        +0.000000000000e+00,        +0.000000000000e+00,        +9.608459266366e-13,        +7.217619799539e-13,        +0.000000000000e+00,        +0.000000000000e+00
 2.24000000e+02,        +7.622576338096e-13,        +6.987483869697e-13,        +0.000000000000e+00,        +0.000000000000e+00,        +9.637645443630e-13,        +7.230241429526e-13,        +0.000000000000e+00,        +0.000000000000e+00,        +9.627382592460e-13,        +7.225860568377e-13,        +0.000000000000e+00,        +0.000000000000e+00
 2.25600000e+02,        +7.617683757756e-13,        +6.982846054673e-13,        +0.000000000000e+00,        +0.000000000000e+00,        +9.655735048380e-13,        +7.238929903021e-13,        +0.000000000000e+00,        +0.000000000000e+00,        +9.645437135118e-13,        +7.234471943809e-13,        +0.000000000000e+00,        +0.000000000000e+00
 2.27200000e+02,        +7.612556334178e-13,        +6.978319500795e-13,        +0.000000000000e+00,        +0.000000000000e+00,        +9.672929417913e-13,        +7.247962484305e-13,        +0.000000000000e+00,        +0.000000000000e+00,        +9.662598436413e-13,        +7.243431246973e-13,        +0.000000000000e+00,        +0.000000000000e+00
 2.28800000e+02,        +7.607198652035e-13,        +6.973905069104e-13,        +0.000000000000e+00,        +0.000000000000e+00,        +9.689215821018e-13,        +7.257345539726e-13,        +0.000000000000e+00,        +0.000000000000e+00,        +9.678853988439e-13,        +7.252744913878e-13,        +0.000000000000e+00,        +0.000000000000e+00
 2.30400000e+02,        +7.601615426477e-13,        +6.969603577838e-13,        +0.000000000000e+00,        +0.000000000000e+00,        +9.704593533950e-13,        +7.267112781740e-13,        +0.000000000000e+00,        +0.000000000000e+00,        +9.694203258433e-13,        +7.262446628929e-13,        +0.000000000000e+00,        +0.000000000000e+00
 2.32000000e+02,        +7.595811498259e-13,        +6.965415801990e-13,        +0.000000000000e+00,        +0.000000000000e+00,        +9.719072774367e-13,        +7.277320973150e-13,        +0.000000000000e+00,        +0.000000000000e+00,        +9.708656618821e-13,        +7.272593042628e-13,        +0.000000000000e+00,        +0.000000000000e+00
 2.33600000e+02,        +7.589791828739e-13,        +6.961342472873e-13,        +0.000000000000e+00,        +0.000000000000e+00,        +9.732672767579e-13,        +7.288043948893e-13,        +0.000000000000e+00,        +0.000000000000e+00,        +9.722233413471e-13,        +7.283257813009e-13,        +0.000000000000e+00,        +0.000000000000e+00
 2.35200000e+02,        +7.583561494787e-13,        +6.957384277710e-13,        +0.000000000000e+00,        +0.000000000000e+00,        +9.745419286127e-13,        +7.299365874481e-13,        +0.000000000000e+00,        +0.000000000000e+00,        +9.734959500647e-13,        +7.294524886786e-13,        +0.000000000000e+00,        +0.000000000000e+00
 2.36800000e+02,        +7.577125683649e-13,        +6.953541859292e-13,        +0.000000000000e+00,        +0.000000000000e+00,        +9.757342029565e-13,        +7.311374629537e-13,        +0.000000000000e+00,        +0.000000000000e+00,        +9.746864638648e-13,        +7.306481905573e-13,        +0.000000000000e+00,        +0.000000000000e+00
 2.38400000e+02,        +7.570489687801e-13,        +6.949815815717e-13,        +0.000000000000e+00,        +0.000000000000e+00,        +9.768472163328e-13,        +7.324156013468e-13,        +0.000000000000e+00,        +0.000000000000e+00,        +9.757980031870e-13,        +7.319214431717e-13,        +0.000000000000e+00,        +0.000000000000e+00
 2.40000000e+02,        +7.563658899831e-13,        +6.946206700215e-13,        +0.000000000000e+00,        +0.000000000000e+00,        +9.778840241510e-13,        +7.337789198348e-13,        +0.000000000000e+00,        +0.000000000000e+00,        +9.768336261092e-13,        +7.332801417264e-13,        +0.000000000000e+00,        +0.000000000000e+00
