        f (GHz),             |S[1][1]| (dB),        arg(S[1][1]) (deg.),             |S[2][1]| (dB),        arg(S[2][1]) (deg.),             |S[3][1]| (dB),        arg(S[3][1]) (deg.),             |S[1][2]| (dB),        arg(S[1][2]) (deg.),             |S[2][2]| (dB),        arg(S[2][2]) (deg.),             |S[3][2]| (dB),        arg(S[3][2]) (deg.),             |S[1][3]| (dB),        arg(S[1][3]) (deg.),             |S[2][3]| (dB),        arg(S[2][3]) (deg.),             |S[3][3]| (dB),        arg(S[3][3]) (deg.)
 8.00000000e+01,        -1.624778597010e+01,        +1.600084735112e+02,        -4.410217460235e+00,        -4.524472228325e+01,        -4.410330404953e+00,        -4.524077835267e+01,        -4.410217460235e+00,        -4.524472228325e+01,        -7.705778716042e+00,        +4.310864471627e+01,        -7.454222421456e+00,        -9.268271598339e+01,        -4.410330404953e+00,        -4.524077835267e+01,        -7.454222421456e+00,        -9.268271598339e+01,        -7.701474048242e+00,        +4.314438606882e+01
 8.16000000e+01,        -1.633605501417e+01,        +1.598819915113e+02,        -4.409734200718e+00,        -4.614984824047e+01,        -4.409862149783e+00,        -4.614586187273e+01,        -4.409734200718e+00,        -4.614984824047e+01,        -7.595377512071e+00,        +4.204560379688e+01,        -7.469153517545e+00,        -9.444967589436e+01,        -4.409862149783e+00,        -4.614586187273e+01,        -7.469153517545e+00,        -9.444967589436e+01,        -7.591096994520e+00,        +4.208228409578e+01
 8.32000000e+01,        -1.642560308554e+01,        +1.597711765207e+02,        -4.409243832626e+00,        -4.705533290248e+01,        -4.409387640581e+00,        -4.705130260489e+01,        -4.409243832626e+00,        -4.705533290248e+01,        -7.488651013775e+00,        +4.099089030073e+01,        -7.483936664623e+00,        -9.621447247831e+01,        -4.409387640581e+00,        -4.705130260489e+01,        -7.483936664623e+00,        -9.621447247831e+01,        -7.484395198468e+00,        +4.102850939508e+01
 8.48000000e+01,        -1.651639872332e+01,        +1.596765867627e+02,        -4.408748624149e+00,        -4.796117819299e+01,        -4.408909164000e+00,        -4.795710223775e+01,        -4.408748624149e+00,        -4.796117819299e+01,        -7.385481380343e+00,        +3.994417056970e+01,        -7.498565126771e+00,        -9.797714604682e+01,        -4.408909164000e+00,        -4.795710223775e+01,        -7.498565126771e+00,        -9.797714604682e+01,        -7.381250792350e+00,        +3.998272830278e+01
 8.64000000e+01,        -1.660840635150e+01,        +1.595987976965e+02,        -4.408250829740e+00,        -4.886738564563e+01,        -4.408428990207e+00,        -4.886326206038e+01,        -4.408250829740e+00,        -4.886738564563e+01,        -7.285756803383e+00,        +3.890513047508e+01,        -7.513032319147e+00,        -9.973773763754e+01,        -4.408428990207e+00,        -4.886326206038e+01,        -7.513032319147e+00,        -9.973773763754e+01,        -7.281551944648e+00,        +3.894462668797e+01
 8.80000000e+01,        -1.670158592910e+01,        +1.595384017434e+02,        -4.407752689696e+00,        -4.977395640047e+01,        -4.407949372555e+00,        -4.976978296003e+01,        -4.407752689696e+00,        -4.977395640047e+01,        -7.189371131553e+00,        +3.787347359192e+01,        -7.527331811350e+00,        -1.014962889674e+02,        -4.407949372555e+00,        -4.976978296003e+01,        -7.527331811350e+00,        -1.014962889674e+02,        -7.185192484314e+00,        +3.791390812597e+01
 8.96000000e+01,        -1.679589257745e+01,        +1.594960078503e+02,        -4.407256429574e+00,        -5.068089120148e+01,        -4.407472547084e+00,        -5.067666542069e+01,        -4.407256429574e+00,        -5.068089120148e+01,        -7.096223525112e+00,        +3.684891956416e+01,        -7.541457330234e+00,        -1.032528423897e+02,        -4.407472547084e+00,        -5.067666542069e+01,        -7.541457330234e+00,        -1.032528423897e+02,        -7.092071554994e+00,        +3.689029226244e+01
 9.12000000e+01,        -1.689127618486e+01,        +1.594722408700e+02,        -4.406764259486e+00,        -5.158819039496e+01,        -4.407000731899e+00,        -5.158390952251e+01,        -4.406764259486e+00,        -5.158819039496e+01,        -7.006218137770e+00,        +3.583120263787e+01,        -7.555402762271e+00,        -1.050074408550e+02,        -4.407000731899e+00,        -5.158390952251e+01,        -7.555402762271e+00,        -1.050074408550e+02,        -7.002093296602e+00,        +3.587351334589e+01
 9.28000000e+01,        -1.698768098852e+01,        +1.594677407296e+02,        -4.406278373281e+00,        -5.249585392879e+01,        -4.406536126425e+00,        -5.249151494195e+01,        -4.406278373281e+00,        -5.249585392879e+01,        -6.919263823491e+00,        +3.482007034284e+01,        -7.569162155551e+00,        -1.067601278745e+02,        -4.406536126425e+00,        -5.249151494195e+01,        -7.569162155551e+00,        -1.067601278745e+02,        -6.915166551877e+00,        +3.486331890864e+01
 9.44000000e+01,        -1.708504513457e+01,        +1.594831613624e+02,        -4.405800947642e+00,        -5.340388135244e+01,        -4.406080910584e+00,        -5.339948095264e+01,        -4.405800947642e+00,        -5.340388135244e+01,        -6.835273866087e+00,        +3.381528230548e+01,        -7.582729721492e+00,        -1.085109474865e+02,        -4.406080910584e+00,        -5.339948095264e+01,        -7.582729721492e+00,        -1.085109474865e+02,        -6.831204595780e+00,        +3.385946857916e+01
 9.60000000e+01,        -1.718330021709e+01,        +1.595191693685e+02,        -4.405334141124e+00,        -5.431227181769e+01,        -4.405637243891e+00,        -5.430780642681e+01,        -4.405334141124e+00,        -5.431227181769e+01,        -6.754165729700e+00,        +3.281660917807e+01,        -7.596099836315e+00,        -1.102599442254e+02,        -4.405637243891e+00,        -5.430780642681e+01,        -7.596099836315e+00,        -1.102599442254e+02,        -6.750124885792e+00,        +3.286173301101e+01
 9.76000000e+01,        -1.728237079758e+01,        +1.595764423740e+02,        -4.404880093122e+00,        -5.522102407996e+01,        -4.405207264494e+00,        -5.521648983731e+01,        -4.404880093122e+00,        -5.522102407996e+01,        -6.675860828377e+00,        +3.182383167169e+01,        -7.609267042324e+00,        -1.120071630920e+02,        -4.405207264494e+00,        -5.521648983731e+01,        -7.609267042324e+00,        -1.120071630920e+02,        -6.671848831347e+00,        +3.186989291542e+01
 9.92000000e+01,        -1.738217390714e+01,        +1.596556670503e+02,        -4.404440922810e+00,        -5.613013650021e+01,        -4.404793088173e+00,        -5.612552926018e+01,        -4.404440922810e+00,        -5.613013650021e+01,        -6.600284313179e+00,        +3.083673968130e+01,        -7.622226049047e+00,        -1.137526495266e+02,        -4.404793088173e+00,        -5.612552926018e+01,        -7.622226049047e+00,        -1.137526495266e+02,        -6.596301580812e+00,        +3.088373818623e+01
 1.00800000e+02,        -1.748261853422e+01,        +1.597575367566e+02,        -4.404018728042e+00,        -5.703960704743e+01,        -4.404396807290e+00,        -5.703492237763e+01,        -4.404018728042e+00,        -5.703960704743e+01,        -6.527364875366e+00,        +2.985513149324e+01,        -7.634971734251e+00,        -1.154964493827e+02,        -4.404396807290e+00,        -5.703492237763e+01,        -7.634971734251e+00,        -1.154964493827e+02,        -6.523411824563e+00,        +2.990306710718e+01
 1.02400000e+02,        -1.758360510157e+01,        +1.598827487637e+02,        -4.403615584226e+00,        -5.794943330152e+01,        -4.404020489726e+00,        -5.794466648147e+01,        -4.403615584226e+00,        -5.794943330152e+01,        -6.457034564338e+00,        +2.887881306649e+01,        -7.647499144879e+00,        -1.172386089032e+02,        -4.404020489726e+00,        -5.794466648147e+01,        -7.647499144879e+00,        -1.172386089032e+02,        -6.453111612848e+00,        +2.892768563312e+01
 1.04000000e+02,        -1.768502493749e+01,        +1.600320010177e+02,        -4.403233543180e+00,        -5.885961245667e+01,        -4.403666177779e+00,        -5.885475847691e+01,        -4.403233543180e+00,        -5.885961245667e+01,        -6.389228619171e+00,        +2.790759738003e+01,        -7.659803497919e+00,        -1.189791746964e+02,        -4.403666177779e+00,        -5.885475847691e+01,        -7.659803497919e+00,        -1.189791746964e+02,        -6.385336187235e+00,        +2.795740673732e+01
 1.05600000e+02,        -1.778675974702e+01,        +1.602059884001e+02,        -4.402874631986e+00,        -5.977014132511e+01,        -4.403335887060e+00,        -5.976519488680e+01,        -4.402874631986e+00,        -5.977014132511e+01,        -6.323885312628e+00,        +2.694130383953e+01,        -7.671880181231e+00,        -1.207181937150e+02,        -4.403335887060e+00,        -5.976519488680e+01,        -7.671880181231e+00,        -1.207181937150e+02,        -6.320023824575e+00,        +2.699204981820e+01
 1.07200000e+02,        -1.788868109073e+01,        +1.604053984424e+02,        -4.402540851820e+00,        -6.068101634127e+01,        -4.403031605370e+00,        -6.067597185609e+01,        -4.402540851820e+00,        -6.068101634127e+01,        -6.260945806701e+00,        +2.597975773760e+01,        -7.683724754365e+00,        -1.224557132341e+02,        -4.403031605370e+00,        -6.067597185609e+01,        -7.683724754365e+00,        -1.224557132341e+02,        -6.257115692488e+00,        +2.603144015966e+01
 1.08800000e+02,        -1.799064987959e+01,        +1.606309064509e+02,        -4.402234176794e+00,        -6.159223356625e+01,        -4.402755291571e+00,        -6.158708515669e+01,        -4.402234176794e+00,        -6.159223356625e+01,        -6.200354018760e+00,        +2.502278976229e+01,        -7.695332949361e+00,        -1.241917808317e+02,        -4.402755291571e+00,        -6.158708515669e+01,        -7.695332949361e+00,        -1.241917808317e+02,        -6.196555715477e+00,        +2.507540843957e+01
 1.10400000e+02,        -1.809251589656e+01,        +1.608831700048e+02,        -4.401956552786e+00,        -6.250378869265e+01,        -4.402508874453e+00,        -6.249853019262e+01,        -4.401956552786e+00,        -6.250378869265e+01,        -6.142056497519e+00,        +2.407023554909e+01,        -7.706700671584e+00,        -1.259264443689e+02,        -4.402508874453e+00,        -6.249853019262e+01,        -7.706700671584e+00,        -1.259264443689e+02,        -6.138290450857e+00,        +2.412379028204e+01
 1.12000000e+02,        -1.819411735701e+01,        +1.611628227919e+02,        -4.401709896283e+00,        -6.341567704967e+01,        -4.402294251602e+00,        -6.341030200536e+01,        -4.401709896283e+00,        -6.341567704967e+01,        -6.086002308057e+00,        +2.312193527249e+01,        -7.717824000582e+00,        -1.276597519714e+02,        -4.402294251602e+00,        -6.341030200536e+01,        -7.717824000582e+00,        -1.276597519714e+02,        -6.082268973763e+00,        +2.317642584900e+01
 1.13600000e+02,        -1.829528052209e+01,        +1.614704677532e+02,        -4.401496093221e+00,        -6.432789360854e+01,        -4.402113288264e+00,        -6.432239527958e+01,        -4.401496093222e+00,        -6.432789360854e+01,        -6.032142925249e+00,        +2.217773327333e+01,        -7.728699191008e+00,        -1.293917520115e+02,        -4.402113288264e+00,        -6.432239527958e+01,        -7.728699191008e+00,        -1.293917520115e+02,        -6.028442770557e+00,        +2.223315946784e+01
 1.15200000e+02,        -1.839581938083e+01,        +1.618066695184e+02,        -4.401316997845e+00,        -6.524043298816e+01,        -4.401967816220e+00,        -6.523480434901e+01,        -4.401316997845e+00,        -6.524043298816e+01,        -5.980432134968e+00,        +2.123747771873e+01,        -7.739322673604e+00,        -1.311224930903e+02,        -4.401967816220e+00,        -6.523480434901e+01,        -7.739322673604e+00,        -1.311224930903e+02,        -5.976765640022e+00,        +2.129383929146e+01
 1.16800000e+02,        -1.849553541912e+01,        +1.621719461238e+02,        -4.401174431560e+00,        -6.615328946106e+01,        -4.401859632664e+00,        -6.614752320263e+01,        -4.401174431560e+00,        -6.615328946106e+01,        -5.930825942521e+00,        +2.030102029172e+01,        -7.749691056286e+00,        -1.328520240210e+02,        -4.401859632664e+00,        -6.614752320263e+01,        -7.749691056286e+00,        -1.328520240210e+02,        -5.927193601784e+00,        +2.035831698817e+01
 1.18400000e+02,        -1.859421749516e+01,        +1.625667600238e+02,        -4.401070181818e+00,        -6.706645695954e+01,        -4.401790499085e+00,        -6.706054549106e+01,        -4.401070181818e+00,        -6.706645695954e+01,        -5.883282487789e+00,        +1.936821590791e+01,        -7.759801125338e+00,        -1.345803938119e+02,        -4.401790499085e+00,        -6.706054549106e+01,        -7.759801125338e+00,        -1.345803938119e+02,        -5.879684811464e+00,        +1.942644745861e+01
 1.20000000e+02,        -1.869164184275e+01,        +1.629915084198e+02,        -4.401006000999e+00,        -6.797992908215e+01,        -4.401762140166e+00,        -6.797386453318e+01,        -4.401006000999e+00,        -6.797992908215e+01,        -5.837761966640e+00,        +1.843892245708e+01,        -7.769649846740e+00,        -1.363076516501e+02,        -4.401762140166e+00,        -6.797386453318e+01,        -7.769649846740e+00,        -1.363076516501e+02,        -5.834199482076e+00,        +1.849808857754e+01
 1.21600000e+02,        -1.878757222531e+01,        +1.634465129605e+02,        -4.400983605316e+00,        -6.889369910027e+01,        -4.401776242686e+00,        -6.888747332294e+01,        -4.400983605316e+00,        -6.889369910027e+01,        -5.794226558159e+00,        +1.751300056743e+01,        -7.779234367650e+00,        -1.380338468854e+02,        -4.401776242686e+00,        -6.888747332294e+01,        -7.779234367650e+00,        -1.380338468854e+02,        -5.790699811272e+00,        +1.757310095848e+01
 1.23200000e+02,        -1.888176026426e+01,        +1.639320088878e+02,        -4.401004673738e+00,        -6.980775996501e+01,        -4.401834454441e+00,        -6.980136453647e+01,        -4.401004673738e+00,        -6.980775996501e+01,        -5.752640357343e+00,        +1.659031339097e+01,        -7.788552018069e+00,        -1.397590290142e+02,        -4.401834454441e+00,        -6.980136453647e+01,        -7.788552018069e+00,        -1.397590290142e+02,        -5.749149914032e+00,        +1.665134773928e+01
 1.24800000e+02,        -1.897394596579e+01,        +1.644481337372e+02,        -4.401070846931e+00,        -7.072210431424e+01,        -4.401938383178e+00,        -7.071553053931e+01,        -4.401070846931e+00,        -7.072210431424e+01,        -5.712969312885e+00,        +1.567072640815e+01,        -7.797600312711e+00,        -1.414832476632e+02,        -4.401938383178e+00,        -7.071553053931e+01,        -7.797600312711e+00,        -1.414832476632e+02,        -5.709515760466e+00,        +1.573269438711e+01
 1.26400000e+02,        -1.906385846953e+01,        +1.649949157338e+02,        -4.401183726213e+00,        -7.163672447993e+01,        -4.402089595541e+00,        -7.162996339388e+01,        -4.401183726213e+00,        -7.163672447993e+01,        -5.675181169755e+00,        +1.475410725055e+01,        -7.806376953102e+00,        -1.432065525732e+02,        -4.402089595541e+00,        -7.162996339388e+01,        -7.806376953102e+00,        -1.432065525732e+02,        -5.671765118394e+00,        +1.481700852149e+01
 1.28000000e+02,        -1.915121704141e+01,        +1.655722620600e+02,        -4.401344872540e+00,        -7.255161249555e+01,        -4.402289616038e+00,        -7.254465486716e+01,        -4.401344872540e+00,        -7.255161249555e+01,        -5.639245416272e+00,        +1.384032554036e+01,        -7.814879829946e+00,        -1.449289935824e+02,        -4.402289616038e+00,        -7.254465486716e+01,        -7.814879829946e+00,        -1.449289935824e+02,        -5.635867500431e+00,        +1.390415975404e+01
 1.29600000e+02,        -1.923573232993e+01,        +1.661799472131e+02,        -4.401555805508e+00,        -7.346676010380e+01,        -4.402539926021e+00,        -7.345959643857e+01,        -4.401555805508e+00,        -7.346676010380e+01,        -5.605133235410e+00,        +1.292925274544e+01,        -7.823107025778e+00,        -1.466506206097e+02,        -4.402539926021e+00,        -7.345959643857e+01,        -7.823107025778e+00,        -1.466506206097e+02,        -5.601794115301e+00,        +1.299401954392e+01
 1.31200000e+02,        -1.931710790176e+01,        +1.668176017043e+02,        -4.401818002383e+00,        -7.438215876444e+01,        -4.402841962695e+00,        -7.437477930802e+01,        -4.401818002383e+00,        -7.438215876444e+01,        -5.572817460101e+00,        +1.202076204920e+01,        -7.831056817946e+00,        -1.483714836360e+02,        -4.402841962695e+00,        -7.437477930802e+01,        -7.831056817946e+00,        -1.483714836360e+02,        -5.569517823153e+00,        +1.208646106807e+01
 1.32800000e+02,        -1.939504206662e+01,        +1.674847013900e+02,        -4.402132897154e+00,        -7.529779966232e+01,        -4.403197118135e+00,        -7.529019440420e+01,        -4.402132897154e+00,        -7.529779966232e+01,        -5.542272532319e+00,        +1.111472823454e+01,        -7.838727681947e+00,        -1.500916326865e+02,        -4.403197118135e+00,        -7.529019440420e+01,        -7.838727681947e+00,        -1.500916326865e+02,        -5.539013094652e+00,        +1.118135910544e+01
 1.34400000e+02,        -1.946922999484e+01,        +1.681805577583e+02,        -4.402501879614e+00,        -7.621367371558e+01,        -4.403606738336e+00,        -7.620583239302e+01,        -4.402501879614e+00,        -7.621367371558e+01,        -5.513474465749e+00,        +1.021102758100e+01,        -7.846118295167e+00,        -1.518111178097e+02,        -4.403606738336e+00,        -7.620583239302e+01,        -7.846118295167e+00,        -1.518111178097e+02,        -5.510255973656e+00,        +1.027858993454e+01
 1.36000000e+02,        -1.953936612254e+01,        +1.689043095175e+02,        -4.402926294473e+00,        -7.712977158403e+01,        -4.404072122281e+00,        -7.712168368624e+01,        -4.402926294473e+00,        -7.712977158403e+01,        -5.486400811856e+00,        +9.309537774878e+00,        -7.853227541051e+00,        -1.535299890564e+02,        -4.404072122281e+00,        -7.712168368624e+01,        -7.853227541051e+00,        -1.535299890564e+02,        -5.483224043299e+00,        +9.378031243910e+00
 1.37600000e+02,        -1.960514682930e+01,        +1.696549158506e+02,        -4.403407440494e+00,        -7.804608367772e+01,        -4.404594521032e+00,        -7.803773845034e+01,        -4.403407440494e+00,        -7.804608367772e+01,        -5.461030629206e+00,        +8.410137831780e+00,        -7.860054513752e+00,        -1.552482964562e+02,        -4.404594521032e+00,        -7.803773845034e+01,        -7.860054513752e+00,        -1.552482964562e+02,        -5.457896395311e+00,        +8.479562055023e+00
 1.39200000e+02,        -1.966627336253e+01,        +1.704311517028e+02,        -4.403946569666e+00,        -7.896260016558e+01,        -4.405175136851e+00,        -7.895398661549e+01,        -4.403946569666e+00,        -7.896260016558e+01,        -5.437344455868e+00,        +7.512708031418e+00,        -7.866598523304e+00,        -1.569660899913e+02,        -4.405175136851e+00,        -7.895398661549e+01,        -7.866598523304e+00,        -1.569660899913e+02,        -5.434253602437e+00,        +7.583062657436e+00
 1.40800000e+02,        -1.972245497065e+01,        +1.712316054579e+02,        -4.404544886408e+00,        -7.987931098425e+01,        -4.405815122344e+00,        -7.987041788478e+01,        -4.404544886408e+00,        -7.987931098425e+01,        -5.415324284793e+00,        +6.617129864546e+00,        -7.872859101357e+00,        -1.586834195680e+02,        -4.405815122345e+00,        -7.987041788478e+01,        -7.872859101357e+00,        -1.586834195680e+02,        -5.412277693813e+00,        +6.688414556084e+00
 1.42400000e+02,        -1.977341219537e+01,        +1.720546793265e+02,        -4.405203546806e+00,        -8.079620584709e+01,        -4.406515579636e+00,        -8.078702174358e+01,        -4.405203546806e+00,        -8.079620584709e+01,        -5.394953542017e+00,        +5.723285992071e+00,        -7.878836007528e+00,        -1.604003349844e+02,        -4.406515579636e+00,        -8.078702174358e+01,        -7.878836007528e+00,        -1.604003349844e+02,        -5.391952133176e+00,        +5.795500430727e+00
 1.44000000e+02,        -1.981888026148e+01,        +1.728985927270e+02,        -4.405923657883e+00,        -8.171327425328e+01,        -4.407277559567e+00,        -8.170378746906e+01,        -4.405923657883e+00,        -8.171327425328e+01,        -5.376217067587e+00,        +4.831060216522e+00,        -7.884529236419e+00,        -1.621168858943e+02,        -4.407277559567e+00,        -8.170378746906e+01,        -7.884529236419e+00,        -1.621168858943e+02,        -5.373261799795e+00,        +4.904204107759e+00
 1.45600000e+02,        -1.985861249197e+01,        +1.737613888649e+02,        -4.406706276913e+00,        -8.263050549698e+01,        -4.408102060932e+00,        -8.262070413998e+01,        -4.406706276913e+00,        -8.263050549698e+01,        -5.359101099097e+00,        +3.940337466207e+00,        -7.889939025344e+00,        -1.638331217651e+02,        -4.408102060932e+00,        -8.262070413998e+01,        -7.889939025344e+00,        -1.638331217651e+02,        -5.356192972003e+00,        +4.014410544678e+00
 1.47200000e+02,        -1.989238366770e+01,        +1.746409446369e+02,        -4.407552410765e+00,        -8.354788867670e+01,        -4.408990029733e+00,        -8.353776064651e+01,        -4.407552410765e+00,        -8.354788867670e+01,        -5.343593257730e+00,        +3.051003792575e+00,        -7.895065862822e+00,        -1.655490918318e+02,        -4.408990029734e+00,        -8.353776064651e+01,        -7.895065862822e+00,        -1.655490918318e+02,        -5.340733313239e+00,        +3.126005827755e+00
 1.48800000e+02,        -1.991999324452e+01,        +1.755349838782e+02,        -4.408463015286e+00,        -8.446541270472e+01,        -4.409942358482e+00,        -8.445494570033e+01,        -4.408463015286e+00,        -8.446541270472e+01,        -5.329682536697e+00,        +2.162946381470e+00,        -7.899910497880e+00,        -1.672648450418e+02,        -4.409942358482e+00,        -8.445494570033e+01,        -7.899910497880e+00,        -1.672648450418e+02,        -5.326871860486e+00,        +2.238877183552e+00
 1.50400000e+02,        -1.994126833841e+01,        +1.764410938619e+02,        -4.409438994730e+00,        -8.538306631656e+01,        -4.410959885516e+00,        -8.537224784486e+01,        -4.409438994730e+00,        -8.538306631656e+01,        -5.317359291972e+00,        +1.276053579146e+00,        -7.904473950221e+00,        -1.689804299932e+02,        -4.410959885516e+00,        -8.537224784486e+01,        -7.904473950221e+00,        -1.689804299932e+02,        -5.314599014996e+00,        +1.352913005192e+00
 1.52000000e+02,        -1.995606638994e+01,        +1.773567448368e+02,        -4.410481201222e+00,        -8.630083808057e+01,        -4.412043394364e+00,        -8.628965546565e+01,        -4.410481201222e+00,        -8.630083808057e+01,        -5.306615235194e+00,        +3.902149341805e-01,        -7.908757521291e+00,        -1.706958948625e+02,        -4.412043394364e+00,        -8.628965546565e+01,        -7.908757521291e+00,        -1.706958948625e+02,        -5.303906535189e+00,        +4.680028944717e-01
 1.53600000e+02,        -1.996427742525e+01,        +1.782793122692e+02,        -4.411590434264e+00,        -8.721871640754e+01,        -4.413193613130e+00,        -8.720715680090e+01,        -4.411590434264e+00,        -8.721871640754e+01,        -5.297443428633e+00,        -4.946787434035e-01,        -7.912762806276e+00,        -1.724112873213e+02,        -4.413193613131e+00,        -8.720715680090e+01,        -7.912762806276e+00,        -1.724112873213e+02,        -5.294787531607e+00,        -4.159622788533e-01
 1.55200000e+02,        -1.996582584022e+01,        +1.792061013433e+02,        -4.412767440286e+00,        -8.813668956036e+01,        -4.414411213924e+00,        -8.812473995227e+01,        -4.412767440286e+00,        -8.813668956036e+01,        -5.289838282045e+00,        -1.378735304149e+00,        -7.916491707065e+00,        -1.741266544399e+02,        -4.414411213924e+00,        -8.812473995227e+01,        -7.916491707065e+00,        -1.741266544399e+02,        -5.287236463757e+00,        -1.299090298979e+00
 1.56800000e+02,        -1.996067164801e+01,        -1.798656268247e+02,        -4.414012912234e+00,        -8.905474566369e+01,        -4.415696812314e+00,        -8.904239289570e+01,        -4.414012912234e+00,        -8.905474566369e+01,        -5.283795551265e+00,        -2.262061160432e+00,        -7.919946446174e+00,        -1.758420425743e+02,        -4.415696812315e+00,        -8.904239289570e+01,        -7.919946446174e+00,        -1.758420425743e+02,        -5.281249138695e+00,        -2.181487505286e+00
 1.58400000e+02,        -1.994881114750e+01,        -1.789386278810e+02,        -4.415327489207e+00,        -8.997287271366e+01,        -4.417050966824e+00,        -8.996010349253e+01,        -4.415327489207e+00,        -8.997287271366e+01,        -5.279312338315e+00,        -3.144761164721e+00,        -7.923129581607e+00,        -1.775574972363e+02,        -4.417050966824e+00,        -8.996010349253e+01,        -7.923129581607e+00,        -1.775574972363e+02,        -5.276822711119e+00,        -3.063258670647e+00
 1.60000000e+02,        -1.993027698939e+01,        -1.780156465074e+02,        -4.416711756127e+00,        -9.089105858748e+01,        -4.418474178453e+00,        -9.087785950073e+01,        -4.416711756127e+00,        -9.089105858748e+01,        -5.276387092779e+00,        -4.026938462232e+00,        -7.926044022626e+00,        -1.792730629409e+02,        -4.418474178453e+00,        -9.087785950073e+01,        -7.926044022626e+00,        -1.792730629409e+02,        -5.273955684728e+00,        -3.944506854238e+00
 1.61600000e+02,        -1.990513763762e+01,        -1.770993889644e+02,        -4.418166243460e+00,        -9.180929105306e+01,        -4.419966890242e+00,        -9.179564858640e+01,        -4.418166243460e+00,        -9.180929105306e+01,        -5.275019614105e+00,        -4.908694314978e+00,        -7.928693046300e+00,        +1.790112169705e+02,        -4.419966890242e+00,        -9.179564858640e+01,        -7.928693046300e+00,        +1.790112169705e+02,        -5.272647914519e+00,        -4.825333225852e+00
 1.63200000e+02,        -1.987349624481e+01,        -1.761924965825e+02,        -4.419691426968e+00,        -9.272755777861e+01,        -4.421529486866e+00,        -9.271345833543e+01,        -4.419691426968e+00,        -9.272755777861e+01,        -5.275211054442e+00,        -5.790127893805e+00,        -7.931080314712e+00,        +1.772953005365e+02,        -4.421529486866e+00,        -9.271345833543e+01,        -7.931080314712e+00,        +1.772953005365e+02,        -5.272900609618e+00,        -5.705836858351e+00
 1.64800000e+02,        -1.983548898023e+01,        -1.752975208376e+02,        -4.421287727504e+00,        -9.364584634205e+01,        -4.423162294263e+00,        -9.363127626543e+01,        -4.421287727504e+00,        -9.364584634205e+01,        -5.276963921490e+00,        -6.671336034533e+00,        -7.933209892557e+00,        +1.755791474161e+02,        -4.423162294263e+00,        -9.363127626543e+01,        -7.933209892557e+00,        +1.755791474161e+02,        -5.274716336124e+00,        -6.586114484380e+00
 1.66400000e+02,        -1.979128286655e+01,        -1.744169005718e+02,        -4.422955510847e+00,        -9.456414424043e+01,        -4.424865579304e+00,        -9.454908983794e+01,        -4.422955510847e+00,        -9.456414424043e+01,        -5.280282080707e+00,        -7.552412953883e+00,        -7.935086264814e+00,        +1.738627191682e+02,        -4.424865579304e+00,        -9.454908983794e+01,        -7.935086264814e+00,        +1.738627191682e+02,        -5.278099019341e+00,        -7.466260213071e+00
 1.68000000e+02,        -1.974107319589e+01,        -1.735529418318e+02,        -4.424695087562e+00,        -9.548243889922e+01,        -4.426639549501e+00,        -9.546688647103e+01,        -4.424695087562e+00,        -9.548243889922e+01,        -5.285170756057e+00,        -8.433449920392e+00,        -7.936714353988e+00,        +1.721459795775e+02,        -4.426639549501e+00,        -9.546688647103e+01,        -7.936714353988e+00,        +1.721459795775e+02,        -5.283053944548e+00,        -8.346365201929e+00
 1.69600000e+02,        -1.968508060659e+01,        -1.727078006832e+02,        -4.426506712907e+00,        -9.640071768137e+01,        -4.428484352766e+00,        -9.638465355219e+01,        -4.426506712907e+00,        -9.640071768137e+01,        -5.291636528249e+00,        -9.314534875113e+00,        -7.938099536283e+00,        +1.704288950334e+02,        -4.428484352766e+00,        -9.638465355219e+01,        -7.938099536283e+00,        +1.704288950334e+02,        -5.289587755305e+00,        -9.226517278754e+00
 1.71200000e+02,        -1.962354790822e+01,        -1.718834692399e+02,        -4.428390586760e+00,        -9.731896789642e+01,        -4.430400077221e+00,        -9.730237845174e+01,        -4.428390586760e+00,        -9.731896789642e+01,        -5.299687329155e+00,        -1.019575199651e+01,        -7.939247655795e+00,        +1.687114349693e+02,        -4.430400077221e+00,        -9.730237845174e+01,        -7.939247655795e+00,        +1.687114349693e+02,        -5.297708447960e+00,        -1.010680050799e+01
 1.72800000e+02,        -1.955673674463e+01,        -1.710817650301e+02,        -4.430346853591e+00,        -9.823717680926e+01,        -4.432386751085e+00,        -9.822004853669e+01,        -4.430346853591e+00,        -9.823717680926e+01,        -5.309332430757e+00,        -1.107718120376e+01,        -7.940165035540e+00,        +1.669935723729e+02,        -4.432386751085e+00,        -9.822004853669e+01,        -7.940165035540e+00,        +1.669935723729e+02,        -5.307425360730e+00,        -1.098729469575e+01
 1.74400000e+02,        -1.948492418304e+01,        -1.703043237000e+02,        -4.432375602465e+00,        -9.915533164886e+01,        -4.434444342647e+00,        -9.913765118523e+01,        -4.432375602465e+00,        -9.915533164886e+01,        -5.320582426539e+00,        -1.195889759273e+01,        -7.940858483742e+00,        +1.652752843762e+02,        -4.434444342647e+00,        -9.913765118523e+01,        -7.940858483742e+00,        +1.652752843762e+02,        -5.318749155301e+00,        -1.186807482768e+01
 1.76000000e+02,        -1.940839931171e+01,        -1.695525949539e+02,        -4.434476867078e+00,        -1.000734196166e+02,        -4.436572760356e+00,        -1.000551738016e+02,        -4.434476867078e+00,        -1.000734196166e+02,        -5.333449202751e+00,        -1.284097079913e+01,        -7.941335293326e+00,        +1.635565529361e+02,        -4.436572760356e+00,        -1.000551738016e+02,        -7.941335293326e+00,        +1.635565529361e+02,        -5.331691788350e+00,        -1.274921043428e+01
 1.77600000e+02,        -1.932745992054e+01,        -1.688278415381e+02,        -4.436650625845e+00,        -1.009914278944e+02,        -4.438771853051e+00,        -1.009726038318e+02,        -4.436650625845e+00,        -1.009914278944e+02,        -5.347945896325e+00,        -1.372346428448e+01,        -7.941603231964e+00,        +1.618373656165e+02,        -4.438771853051e+00,        -1.009726038318e+02,        -7.941603231964e+00,        +1.618373656165e+02,        -5.346266469799e+00,        -1.363076487908e+01
 1.79200000e+02,        -1.924240932873e+01,        -1.681311410041e+02,        -4.438896802011e+00,        -1.019093436521e+02,        -4.441041410359e+00,        -1.018899287793e+02,        -4.438896802011e+00,        -1.019093436521e+02,        -5.364086835473e+00,        -1.460643454205e+01,        -7.941670519259e+00,        +1.601177164838e+02,        -4.441041410359e+00,        -1.018899287793e+02,        -7.941670519259e+00,        +1.601177164838e+02,        -5.362487603845e+00,        -1.451279456694e+01
 1.80800000e+02,        -1.915355341195e+01,        -1.674633899320e+02,        -4.441215263792e+00,        -1.028271540548e+02,        -4.443381163287e+00,        -1.028071362211e+02,        -4.441215263792e+00,        -1.028271540548e+02,        -5.381887458113e+00,        -1.548993022297e+01,        -7.941545786741e+00,        +1.583976071254e+02,        -4.443381163287e+00,        -1.028071362211e+02,        -7.941545786741e+00,        +1.583976071254e+02,        -5.380370707887e+00,        -1.539534807258e+01
 1.82400000e+02,        -1.906119786946e+01,        -1.668253102640e+02,        -4.443605824520e+00,        -1.037448462683e+02,        -4.445790785009e+00,        -1.037242138246e+02,        -4.443605824520e+00,        -1.037448462683e+02,        -5.401364202218e+00,        -1.637399118740e+01,        -7.941238015218e+00,        +1.566770478002e+02,        -4.445790785009e+00,        -1.037242138246e+02,        -7.941238015218e+00,        +1.566770478002e+02,        -5.399932303478e+00,        -1.627846519413e+01
 1.84000000e+02,        -1.896564575933e+01,        -1.662174573786e+02,        -4.446068242729e+00,        -1.046624074644e+02,        -4.448269891871e+00,        -1.046411493631e+02,        -4.446068242729e+00,        -1.046624074644e+02,        -5.422534361028e+00,        -1.725864749208e+01,        -7.940756442651e+00,        +1.549560587273e+02,        -4.448269891871e+00,        -1.046411493631e+02,        -7.940756442651e+00,        +1.549560587273e+02,        -5.421189772213e+00,        -1.716217594326e+01
 1.85600000e+02,        -1.886719531889e+01,        -1.656402295411e+02,        -4.448602222135e+00,        -1.055798248246e+02,        -4.450818044579e+00,        -1.055579307320e+02,        -4.448602222135e+00,        -1.055798248246e+02,        -5.445415894766e+00,        -1.814391833601e+01,        -7.940110434125e+00,        +1.532346715111e+02,        -4.450818044579e+00,        -1.055579307320e+02,        -7.940110434125e+00,        +1.532346715111e+02,        -5.444161168247e+00,        -1.804649949369e+01
 1.87200000e+02,        -1.876613807706e+01,        -1.650938783763e+02,        -4.451207411420e+00,        -1.064970855425e+02,        -4.453434749590e+00,        -1.064745459647e+02,        -4.451207411420e+00,        -1.064970855425e+02,        -5.470027189229e+00,        -1.902981099956e+01,        -7.939309303620e+00,        +1.515129306939e+02,        -4.453434749590e+00,        -1.064745459647e+02,        -7.939309303620e+00,        +1.515129306939e+02,        -5.468864977826e+00,        -1.893144312331e+01
 1.88800000e+02,        -1.866275725679e+01,        -1.645785200383e+02,        -4.453883403733e+00,        -1.074141768256e+02,        -4.456119460697e+00,        -1.073909832479e+02,        -4.453883403733e+00,        -1.074141768256e+02,        -5.496386750380e+00,        -1.991631983148e+01,        -7.938362075227e+00,        +1.497908954132e+02,        -4.456119460697e+00,        -1.073909832479e+02,        -7.938362075227e+00,        +1.497908954132e+02,        -5.495319815027e+00,        -1.981700120474e+01
 1.90400000e+02,        -1.855732645837e+01,        -1.640941467796e+02,        -4.456629735827e+00,        -1.083310858963e+02,        -4.458871580861e+00,        -1.083072309377e+02,        -4.456629735827e+00,        -1.083310858963e+02,        -5.524512823153e+00,        -2.080342536373e+01,        -7.937277169319e+00,        +1.480686411185e+02,        -4.458871580861e+00,        -1.083072309377e+02,        -7.937277169319e+00,        +1.480686411185e+02,        -5.523544041999e+00,        -2.070315432393e+01
 1.92000000e+02,        -1.845010860920e+01,        -1.636406386636e+02,        -4.459445886746e+00,        -1.092477999932e+02,        -4.461690464358e+00,        -1.092232775753e+02,        -4.459445886746e+00,        -1.092477999932e+02,        -5.554422922376e+00,        -2.169109366752e+01,        -7.936061997178e+00,        +1.463462612761e+02,        -4.461690464358e+00,        -1.092232775753e+02,        -7.936061997178e+00,        +1.463462612761e+02,        -5.553555301703e+00,        -2.158986863988e+01
 1.93600000e+02,        -1.834135516143e+01,        -1.632177751958e+02,        -4.462331276023e+00,        -1.101643063726e+02,        -4.464575419357e+00,        -1.101391119022e+02,        -4.462331276023e+00,        -1.101643063726e+02,        -5.586133264464e+00,        -2.257927610611e+01,        -7.934722446089e+00,        +1.446238689498e+02,        -4.464575419357e+00,        -1.101391119022e+02,        -7.934722446089e+00,        +1.446238689498e+02,        -5.585369951900e+00,        -2.247709564038e+01
 1.95200000e+02,        -1.823130551609e+01,        -1.628252466911e+02,        -4.465285261322e+00,        -1.110805923121e+02,        -4.467525711036e+00,        -1.110547228761e+02,        -4.465285261322e+00,        -1.110805923121e+02,        -5.619658091063e+00,        -2.346790969199e+01,        -7.933262236492e+00,        +1.429015980935e+02,        -4.467525711036e+00,        -1.110547228761e+02,        -7.933262236492e+00,        +1.429015980935e+02,        -5.619002391643e+00,        -2.336477250062e+01
 1.96800000e+02,        -1.812018665067e+01,        -1.624626652287e+02,        -4.468307135499e+00,        -1.119966451169e+02,        -4.470540565379e+00,        -1.119700996835e+02,        -4.468307135499e+00,        -1.119966451169e+02,        -5.655008881071e+00,        -2.435691831744e+01,        -7.931682134338e+00,        +1.411796043282e+02,        -4.470540565379e+00,        -1.119700996835e+02,        -7.931682134338e+00,        +1.411796043282e+02,        -5.654464276737e+00,        -2.425282331210e+01
 1.98400000e+02,        -1.800821292671e+01,        -1.621295750778e+02,        -4.471396123059e+00,        -1.129124521291e+02,        -4.473619173718e+00,        -1.128852317502e+02,        -4.471396123059e+00,        -1.129124521291e+02,        -5.692193456576e+00,        -2.524621519471e+01,        -7.929979006426e+00,        +1.394580648928e+02,        -4.473619173718e+00,        -1.128852317502e+02,        -7.929979006426e+00,        +1.394580648928e+02,        -5.691763629729e+00,        -2.514116151701e+01
 2.00000000e+02,        -1.789558605345e+01,        -1.618254625102e+02,        -4.474551376014e+00,        -1.138280007436e+02,        -4.476760698056e+00,        -1.138001087465e+02,        -4.474551376014e+00,        -1.138280007436e+02,        -5.731215002729e+00,        -2.613570690950e+01,        -7.928144715876e+00,        +1.377371773712e+02,        -4.476760698056e+00,        -1.138001087465e+02,        -7.928144715876e+00,        +1.377371773712e+02,        -5.730903864363e+00,        -2.602969394959e+01
 2.01600000e+02,        -1.778249518474e+01,        -1.615497649436e+02,        -4.477771969213e+00,        -1.147432784299e+02,        -4.479964277122e+00,        -1.147147205850e+02,        -4.477771969213e+00,        -1.147432784299e+02,        -5.772071042828e+00,        -2.702529954593e+01,        -7.926164870900e+00,        +1.360171566986e+02,        -4.479964277122e+00,        -1.147147205850e+02,        -7.926164870900e+00,        +1.360171566986e+02,        -5.771882765663e+00,        -2.691832694095e+01
 2.03200000e+02,        -1.766911712742e+01,        -1.613018793796e+02,        -4.481056895297e+00,        -1.156582727650e+02,        -4.483229032976e+00,        -1.156290574085e+02,        -4.481056895297e+00,        -1.156582727650e+02,        -5.814752439168e+00,        -2.791490736386e+01,        -7.924017464647e+00,        +1.342982298705e+02,        -4.483229032976e+00,        -1.156290574085e+02,        -7.924017464647e+00,        +1.342982298705e+02,        -5.814691495929e+00,        -2.780697496601e+01
 2.04800000e+02,        -1.755561664097e+01,        -1.610811701265e+02,        -4.484405059577e+00,        -1.165729714767e+02,        -4.486554077843e+00,        -1.165431095652e+02,        -4.484405059577e+00,        -1.165729714767e+02,        -5.859242527761e+00,        -2.880446447038e+01,        -7.921671478998e+00,        +1.325806277250e+02,        -4.486554077843e+00,        -1.165431095652e+02,        -7.921671478998e+00,        +1.325806277250e+02,        -5.859313734368e+00,        -2.869557227229e+01
 2.06400000e+02,        -1.744214680994e+01,        -1.608869758070e+02,        -4.487815275338e+00,        -1.174873625033e+02,        -4.489938520661e+00,        -1.174568675687e+02,        -4.487815275338e+00,        -1.174873625033e+02,        -5.905516539244e+00,        -2.969393978944e+01,        -7.919085571149e+00,        +1.308645731961e+02,        -4.489938520661e+00,        -1.174568675687e+02,        -7.919085571149e+00,        +1.308645731961e+02,        -5.905725102103e+00,        -2.958408779288e+01
 2.08000000e+02,        -1.732884947282e+01,        -1.607186156704e+02,        -4.491286260270e+00,        -1.184014340684e+02,        -4.493381472596e+00,        -1.183703220406e+02,        -4.491286260270e+00,        -1.184014340684e+02,        -5.953541504472e+00,        -3.058335535231e+01,        -7.916207016875e+00,        +1.291502655776e+02,        -4.493381472596e+00,        -1.183703220406e+02,        -7.916207016875e+00,        +1.291502655776e+02,        -5.953893070278e+00,        -3.047254336558e+01
 2.09600000e+02,        -1.721585569266e+01,        -1.605753952339e+02,        -4.494816635006e+00,        -1.193151747732e+02,        -4.496882050546e+00,        -1.192834636363e+02,        -4.494816635006e+00,        -1.193151747732e+02,        -6.003276882123e+00,        -3.147280746790e+01,        -7.912971142300e+00,        +1.274378606640e+02,        -4.496882050546e+00,        -1.192834636363e+02,        -7.912971142300e+00,        +1.274378606640e+02,        -6.003777587651e+00,        -3.136103481822e+01
 2.11200000e+02,        -1.710328625692e+01,        -1.604566112868e+02,        -4.498404924919e+00,        -1.202285737040e+02,        -4.500439377448e+00,        -1.201962829533e+02,        -4.498404924919e+00,        -1.202285737040e+02,        -6.054676162636e+00,        -3.236248966807e+01,        -7.909301525071e+00,        +1.257274471776e+02,        -4.500439377448e+00,        -1.201962829533e+02,        -7.909301525071e+00,        +1.257274471776e+02,        -6.055332680887e+00,        -3.224975481865e+01
 2.12800000e+02,        -1.699125219570e+01,        -1.603615562977e+02,        -4.502049566437e+00,        -1.211416205500e+02,        -4.504052578142e+00,        -1.211087704306e+02,        -4.502049566437e+00,        -1.211416205500e+02,        -6.107689678540e+00,        -3.325271548787e+01,        -7.905111267371e+00,        +1.240190206861e+02,        -4.504052578142e+00,        -1.211087704306e+02,        -7.905111267371e+00,        +1.240190206861e+02,        -6.108509256603e+00,        -3.313901555647e+01
 2.14400000e+02,        -1.687985530911e+01,        -1.602895222650e+02,        -4.505748919011e+00,        -1.220543057221e+02,        -4.507720769639e+00,        -1.220209162449e+02,        -4.505748919011e+00,        -1.220543057221e+02,        -6.162268765197e+00,        -3.414393824263e+01,        -7.900305613606e+00,        +1.223124571981e+02,        -4.507720769639e+00,        -1.220209162449e+02,        -7.900305613606e+00,        +1.223124571981e+02,        -6.163259248402e+00,        -3.402926842873e+01
 2.16000000e+02,        -1.676918869626e+01,        -1.602398040536e+02,        -4.509501283422e+00,        -1.229666204594e+02,        -4.511443045104e+00,        -1.229327102188e+02,        -4.509501283422e+00,        -1.229666204594e+02,        -6.218371253176e+00,        -3.503676420552e+01,        -7.894786081103e+00,        +1.206074896620e+02,        -4.511443045104e+00,        -1.229327102188e+02,        -7.894786081103e+00,        +1.206074896620e+02,        -6.219541089922e+00,        -3.492111714782e+01
 2.17600000e+02,        -1.665933727948e+01,        -1.602117022626e+02,        -4.513304926355e+00,        -1.238785569072e+02,        -4.515218451652e+00,        -1.238441417583e+02,        -4.513304926355e+00,        -1.238785569072e+02,        -6.275968035419e+00,        -3.593195526490e+01,        -7.888456078623e+00,        +1.189036914160e+02,        -4.515218451652e+00,        -1.238441417583e+02,        -7.888456078623e+00,        +1.189036914160e+02,        -6.277326257834e+00,        -3.581532036680e+01
 2.19200000e+02,        -1.655037831875e+01,        -1.602045256652e+02,        -4.517158109986e+00,        -1.247901081470e+02,        -4.519045963159e+00,        -1.247551998352e+02,        -4.517158109986e+00,        -1.247901081470e+02,        -6.335050167595e+00,        -3.683041756863e+01,        -7.881227713463e+00,        +1.172004709057e+02,        -4.519045963159e+00,        -1.247551998352e+02,        -7.881227713463e+00,        +1.172004709057e+02,        -6.336606345042e+00,        -3.671278034484e+01
 2.20800000e+02,        -1.644238191221e+01,        -1.602175932626e+02,        -4.521059124090e+00,        -1.257012681653e+02,        -4.522924450618e+00,        -1.256658730325e+02,        -4.521059124090e+00,        -1.257012681653e+02,        -6.395635689486e+00,        -3.773317407237e+01,        -7.873029175014e+00,        +1.154970813496e+02,        -4.522924450618e+00,        -1.256658730325e+02,        -7.873029175014e+00,        +1.154970813496e+02,        -6.397399855029e+00,        -3.761451558053e+01
 2.22400000e+02,        -1.633541147979e+01,        -1.602502359926e+02,        -4.525006317013e+00,        -1.266120317513e+02,        -4.526852653676e+00,        -1.265761496589e+02,        -4.525006317013e+00,        -1.266120317513e+02,        -6.457775184478e+00,        -3.864132128700e+01,        -7.863811807045e+00,        +1.137926473177e+02,        -4.526852653676e+00,        -1.265761496589e+02,        -7.863811807045e+00,        +1.137926473177e+02,        -6.459757738312e+00,        -3.852161770967e+01
 2.24000000e+02,        -1.622952422745e+01,        -1.603017981290e+02,        -4.528998121226e+00,        -1.275223943261e+02,        -4.530829157607e+00,        -1.274860179315e+02,        -4.528998121226e+00,        -1.275223943261e+02,        -6.521555108054e+00,        -3.955597349737e+01,        -7.853555837377e+00,        +1.120862075156e+02,        -4.530829157607e+00,        -1.274860179315e+02,        -7.853555837377e+00,        +1.120862075156e+02,        -6.523766705954e+00,        -3.943519592979e+01
 2.25600000e+02,        -1.612477159063e+01,        -1.603716384081e+02,        -4.533033069470e+00,        -1.284323517194e+02,        -4.534852379735e+00,        -1.283954662101e+02,        -4.533033069470e+00,        -1.284323517194e+02,        -6.587098162187e+00,        -4.047820058963e+01,        -7.842273801653e+00,        +1.103767699632e+02,        -4.534852379735e+00,        -1.283954662101e+02,        -7.842273801653e+00,        +1.103767699632e+02,        -6.589549600289e+00,        -4.035631506623e+01
 2.27200000e+02,        -1.602119965579e+01,        -1.604591309159e+02,        -4.537109798666e+00,        -1.293418999198e+02,        -4.538920568095e+00,        -1.293044832583e+02,        -4.537109798666e+00,        -1.293418999198e+02,        -6.654560447796e+00,        -4.140896751414e+01,        -7.830011003318e+00,        +1.086633730367e+02,        -4.538920568095e+00,        -1.293044832583e+02,        -7.830011003318e+00,        +1.086633730367e+02,        -6.657262556569e+00,        -4.128593527610e+01
 2.28800000e+02,        -1.591884955962e+01,        -1.605636657637e+02,        -4.541227040794e+00,        -1.302510348316e+02,        -4.543031813144e+00,        -1.302130584959e+02,        -4.541227040794e+00,        -1.302510348316e+02,        -6.724125690800e+00,        -4.234908363931e+01,        -7.816842841336e+00,        +1.069451443514e+02,        -4.543031813144e+00,        -1.302130584959e+02,        -7.816842841336e+00,        +1.069451443514e+02,        -6.727089250420e+00,        -4.222486161202e+01
 2.30400000e+02,        -1.581775786579e+01,        -1.606846495820e+02,        -4.545383602160e+00,        -1.311597520709e+02,        -4.547184071094e+00,        -1.311211822134e+02,        -4.545383602160e+00,        -1.311597520709e+02,        -6.795997358098e+00,        -4.329916862354e+01,        -7.802869386982e+00,        +1.052213497225e+02,        -4.547184071094e+00,        -1.311211822134e+02,        -7.802869386982e+00,        +1.052213497225e+02,        -6.799233044632e+00,        -4.317371004477e+01
 2.32000000e+02,        -1.571795691966e+01,        -1.608215058550e+02,        -4.549578334448e+00,        -1.320680468250e+02,        -4.551375195487e+00,        -1.320288457213e+02,        -4.549578334448e+00,        -1.320680468250e+02,        -6.870389813923e+00,        -4.425963836716e+01,        -7.788208050579e+00,        +1.034914264124e+02,        -4.551375195487e+00,        -1.320288457213e+02,        -7.788208050579e+00,        +1.034914264124e+02,        -6.873908181431e+00,        -4.413289349031e+01
 2.33600000e+02,        -1.561947518123e+01,        -1.609736751191e+02,        -4.553810101972e+00,        -1.329759137878e+02,        -4.555602972579e+00,        -1.329360414239e+02,        -4.553810101972e+00,        -1.329759137878e+02,        -6.947519733645e+00,        -4.523071098626e+01,        -7.772985428958e+00,        +1.017549979599e+02,        -4.555602972579e+00,        -1.329360414239e+02,        -7.772985428958e+00,        +1.017549979599e+02,        -6.951331232586e+00,        -4.510262777978e+01
 2.35200000e+02,        -1.552233753711e+01,        -1.611406150425e+02,        -4.558077749685e+00,        -1.338833471699e+02,        -4.559865156011e+00,        -1.338427628177e+02,        -4.558077749685e+00,        -1.338833471699e+02,        -7.027598800849e+00,        -4.621242956100e+01,        -7.757329420866e+00,        +1.000118711764e+02,        -4.559865156011e+00,        -1.338427628177e+02,        -7.757329420866e+00,        +1.000118711764e+02,        -7.031713829005e+00,        -4.608295433614e+01
 2.36800000e+02,        -1.542656559229e+01,        -1.613218004048e+02,        -4.562380075599e+00,        -1.347903407701e+02,        -4.564159497100e+00,        -1.347490044276e+02,        -4.562380075599e+00,        -1.347903407701e+02,        -7.110828350557e+00,        -4.720469637772e+01,        -7.741362478880e+00,        +9.826201855195e+01,        -4.564159497100e+00,        -1.347490044276e+02,        -7.741362478880e+00,        +9.826201855194e+01,        -7.115257329900e+00,        -4.707377429523e+01
 2.38400000e+02,        -1.533217794231e+01,        -1.615167229902e+02,        -4.566715809952e+00,        -1.356968880899e+02,        -4.568483768415e+00,        -1.356547617004e+02,        -4.566715809952e+00,        -1.356968880899e+02,        -7.197396206419e+00,        -4.820731275770e+01,        -7.725196526589e+00,        +9.650555082279e+01,        -4.568483768415e+00,        -1.356547617004e+02,        -7.725196526589e+00,        +9.650555082279e+01,        -7.202149678093e+00,        -4.807488818696e+01
 2.40000000e+02,        -1.523919042696e+01,        -1.617248914087e+02,        -4.571083601978e+00,        -1.366029824702e+02,        -4.572835779789e+00,        -1.365600308747e+02,        -4.571083601978e+00,        -1.366029824702e+02,        -7.287475598542e+00,        -4.922001915498e+01,        -7.708929714245e+00,        +9.474268474773e+01,        -4.572835779789e+00,        -1.365600308747e+02,        -7.708929714245e+00,        +9.474268474773e+01,        -7.292564328389e+00,        -4.908603587950e+01
