        f (GHz),            I_inc[1][1] (A),            Re{I[1][1]} (A),            Im{I[1][1]} (A),            Re{I[2][1]} (A),            Im{I[2][1]} (A),            Re{I[3][1]} (A),            Im{I[3][1]} (A),            I_inc[2][2] (A),            Re{I[1][2]} (A),            Im{I[1][2]} (A),            Re{I[2][2]} (A),            Im{I[2][2]} (A),            Re{I[3][2]} (A),            Im{I[3][2]} (A),            I_inc[3][3] (A),            Re{I[1][3]} (A),            Im{I[1][3]} (A),            Re{I[2][3]} (A),            Im{I[2][3]} (A),            Re{I[3][3]} (A),            Im{I[3][3]} (A)
 8.00000000e+01,        +1.414213562373e-01,        +1.209505528312e-01,        +7.447334796845e-03,        +5.992750801145e-02,        -6.044163296787e-02,        +5.993088904266e-02,        -6.043672186180e-02,        +1.414213562373e-01,        +5.992750801145e-02,        -6.044163296787e-02,        +1.839404624218e-01,        +3.980071052803e-02,        -2.806061880376e-03,        -5.988632271106e-02,        +1.414213562373e-01,        +5.993088904266e-02,        -6.043672186180e-02,        -2.806061880376e-03,        -5.988632271106e-02,        +1.839366913875e-01,        +3.984696937714e-02
 8.16000000e+01,        +1.414213562373e-01,        +1.211738541439e-01,        +7.416750585596e-03,        +5.896852857191e-02,        -6.138416753402e-02,        +5.897193054445e-02,        -6.137916047234e-02,        +1.414213562373e-01,        +5.896852857191e-02,        -6.138416753402e-02,        +1.852247830894e-01,        +3.950395852643e-02,        -4.643296537035e-03,        -5.966866503103e-02,        +1.414213562373e-01,        +5.897193054444e-02,        -6.137916047234e-02,        -4.643296537035e-03,        -5.966866503103e-02,        +1.852210637356e-01,        +3.955147970533e-02
 8.32000000e+01,        +1.414213562373e-01,        +1.213957604839e-01,        +7.379424649319e-03,        +5.799438296543e-02,        -6.231190138300e-02,        +5.799780571462e-02,        -6.230679019904e-02,        +1.414213562373e-01,        +5.799438296543e-02,        -6.231190138300e-02,        +1.864949644032e-01,        +3.916930970715e-02,        -6.467671360502e-03,        -5.939618774884e-02,        +1.414213562373e-01,        +5.799780571462e-02,        -6.230679019904e-02,        -6.467671360502e-03,        -5.939618774884e-02,        +1.864913144858e-01,        +3.921810650280e-02
 8.48000000e+01,        +1.414213562373e-01,        +1.216160854545e-01,        +7.335394126704e-03,        +5.700527600437e-02,        -6.322457046340e-02,        +5.700871989026e-02,        -6.321934653082e-02,        +1.414213562373e-01,        +5.700527600437e-02,        -6.322457046340e-02,        +1.877500050623e-01,        +3.879748734983e-02,        -8.277661508403e-03,        -5.906957247122e-02,        +1.414213562373e-01,        +5.700871989026e-02,        -6.321934653082e-02,        -8.277661508403e-03,        -5.906957247122e-02,        +1.877464432489e-01,        +3.884757252579e-02
 8.64000000e+01,        +1.414213562373e-01,        +1.218346431002e-01,        +7.284701180398e-03,        +5.600141813079e-02,        -6.412191257952e-02,        +5.600488409382e-02,        -6.411656684429e-02,        +1.414213562373e-01,        +5.600141813079e-02,        -6.412191257952e-02,        +1.889889389263e-01,        +3.838923373618e-02,        -1.007177564774e-02,        -5.868953588402e-02,        +1.414213562373e-01,        +5.600488409382e-02,        -6.411656684429e-02,        -1.007177564774e-02,        -5.868953588401e-02,        +1.889854847614e-01,        +3.844061948718e-02
 8.80000000e+01,        +1.414213562373e-01,        +1.220512480488e-01,        +7.227393007158e-03,        +5.498302544400e-02,        -6.500366753918e-02,        +5.498651505723e-02,        -6.499819055544e-02,        +1.414213562373e-01,        +5.498302544400e-02,        -6.500366753918e-02,        +1.902108348185e-01,        +3.794530852802e-02,        -1.184855624603e-02,        -5.825682822982e-02,        +1.414213562373e-01,        +5.498651505723e-02,        -6.499819055544e-02,        -1.184855624603e-02,        -5.825682822982e-02,        +1.902075086885e-01,        +3.799800643668e-02
 8.96000000e+01,        +1.414213562373e-01,        +1.222657156539e-01,        +7.163521847049e-03,        +5.395031972386e-02,        -6.586957730647e-02,        +5.395383524174e-02,        -6.586395927581e-02,        +1.414213562373e-01,        +5.395031972386e-02,        -6.586957730647e-02,        +1.914147962670e-01,        +3.746648720398e-02,        -1.360657980641e-02,        -5.777223182760e-02,        +1.414213562373e-01,        +5.395383524174e-02,        -6.586395927581e-02,        -1.360657980641e-02,        -5.777223182760e-02,        +1.914116193638e-01,        +3.752050819961e-02
 9.12000000e+01,        +1.414213562373e-01,        +1.224778621402e-01,        +7.093144990920e-03,        +5.290352844928e-02,        -6.671938615865e-02,        +5.290707285286e-02,        -6.671361697264e-02,        +1.414213562373e-01,        +5.290352844928e-02,        -6.671938615865e-02,        +1.925999611866e-01,        +3.695355955522e-02,        -1.534445705034e-02,        -5.723655963454e-02,        +1.414213562373e-01,        +5.290707285286e-02,        -6.671361697264e-02,        -1.534445705034e-02,        -5.723655963454e-02,        +1.925969554710e-01,        +3.700891387466e-02
 9.28000000e+01,        +1.414213562373e-01,        +1.226875047497e-01,        +7.016324785492e-03,        +5.184288481160e-02,        -6.755284084714e-02,        +5.184646185017e-02,        -6.754691013278e-02,        +1.414213562373e-01,        +5.184288481160e-02,        -6.755284084714e-02,        +1.937655015070e-01,        +3.640732824054e-02,        -1.706083305148e-02,        -5.665065385028e-02,        +1.414213562373e-01,        +5.184646185017e-02,        -6.754691013278e-02,        -1.706083305148e-02,        -5.665065385028e-02,        +1.937626896717e-01,        +3.646402539091e-02
 9.44000000e+01,        +1.414213562373e-01,        +1.228944618912e-01,        +6.933128635462e-03,        +5.076862772247e-02,        -6.836969076190e-02,        +5.077224195169e-02,        -6.836358792975e-02,        +1.414213562373e-01,        +5.076862772247e-02,        -6.836969076190e-02,        +1.949106227508e-01,        +3.582860740086e-02,        -1.875438732418e-02,        -5.601538456352e-02,        +1.414213562373e-01,        +5.077224195169e-02,        -6.836358792975e-02,        -1.875438732418e-02,        -5.601538456352e-02,        +1.949080281822e-01,        +3.588665612429e-02
 9.60000000e+01,        +1.414213562373e-01,        +1.230985532910e-01,        +6.843629002062e-03,        +4.968100181607e-02,        -6.916968809894e-02,        +4.968465863244e-02,        -6.916340239367e-02,        +1.414213562373e-01,        +4.968100181607e-02,        -6.916968809894e-02,        +1.960345635653e-01,        +3.521822133369e-02,        -2.042383386975e-02,        -5.533164844126e-02,        +1.414213562373e-01,        +4.968465863244e-02,        -6.916340239367e-02,        -2.042383386975e-02,        -5.533164844126e-02,        +1.960322103051e-01,        +3.527762957388e-02
 9.76000000e+01,        +1.414213562373e-01,        +1.232996001456e-01,        +6.747903397616e-03,        +4.858025744523e-02,        -6.995258803057e-02,        +4.858396311705e-02,        -6.994610858375e-02,        +1.414213562373e-01,        +4.858025744523e-02,        -6.995258803057e-02,        +1.971365952123e-01,        +3.457700322731e-02,        -2.206792118375e-02,        -5.460036746057e-02,        +1.414213562373e-01,        +4.858396311705e-02,        -6.994610858375e-02,        -2.206792118375e-02,        -5.460036746057e-02,        +1.971345079181e-01,        +3.463777809804e-02
 9.92000000e+01,        +1.414213562373e-01,        +1.234974252759e-01,        +6.646034375671e-03,        +4.746665067155e-02,        -7.071814887805e-02,        +4.747041236623e-02,        -7.071146476283e-02,        +1.414213562373e-01,        +4.746665067155e-02,        -7.071814887805e-02,        +1.982160210184e-01,        +3.390579395524e-02,        -2.368543222729e-02,        -5.382248768291e-02,        +1.414213562373e-01,        +4.747041236623e-02,        -7.071146476283e-02,        -2.368543222729e-02,        -5.382248768291e-02,        +1.982142249235e-01,        +3.396794171069e-02
 1.00800000e+02,        +1.414213562373e-01,        +1.236918532841e-01,        +6.538109516345e-03,        +4.634044324906e-02,        -7.146613228614e-02,        +4.634426905686e-02,        -7.145923257377e-02,        +1.414213562373e-01,        +4.634044324906e-02,        -7.146613228614e-02,        +1.992721757910e-01,        +3.320544093066e-02,        -2.527518436536e-02,        -5.299897807093e-02,        +1.414213562373e-01,        +4.634426905686e-02,        -7.145923257377e-02,        -2.527518436536e-02,        -5.299897807093e-02,        +1.992706966640e-01,        +3.326896693756e-02
 1.02400000e+02,        +1.414213562373e-01,        +1.238827107103e-01,        +6.424221406579e-03,        +4.520190260143e-02,        -7.219630339939e-02,        +4.520580155560e-02,        -7.218917721724e-02,        +1.414213562373e-01,        +4.520190260143e-02,        -7.219630339939e-02,        +2.003044252025e-01,        +3.247679702098e-02,        -2.683602927499e-02,        -5.213082934749e-02,        +1.414213562373e-01,        +4.520580155560e-02,        -7.218917721724e-02,        -2.683602927499e-02,        -5.213082934749e-02,        +2.003032893056e-01,        +3.254170573264e-02
 1.04000000e+02,        +1.414213562373e-01,        +1.240698261916e-01,        +6.304467615036e-03,        +4.405130179261e-02,        -7.290843103966e-02,        +4.405528388596e-02,        -7.290106763065e-02,        +1.414213562373e-01,        +4.405130179261e-02,        -7.290843103966e-02,        +2.013121651459e-01,        +3.172071952233e-02,        -2.836685282610e-02,        -5.121905289675e-02,        +1.414213562373e-01,        +4.405528388596e-02,        -7.290106763065e-02,        -2.836685282610e-02,        -5.121905289675e-02,        +2.013113991932e-01,        +3.178701445453e-02
 1.05600000e+02,        +1.414213562373e-01,        +1.242530306212e-01,        +6.178950661419e-03,        +4.288891949074e-02,        -7.360228788468e-02,        +4.289299568864e-02,        -7.359467666785e-02,        +1.414213562373e-01,        +4.288891949074e-02,        -7.360228788468e-02,        +2.022948210663e-01,        +3.093806919379e-02,        -2.986657493760e-02,        -5.026467970697e-02,        +1.414213562373e-01,        +4.289299568864e-02,        -7.359467666785e-02,        -2.986657493760e-02,        -5.026467970697e-02,        +2.022944521809e-01,        +3.100575290252e-02
 1.07200000e+02,        +1.414213562373e-01,        +1.244321573081e-01,        +6.047777980030e-03,        +4.171503992525e-02,        -7.427765064713e-02,        +4.171922217509e-02,        -7.426978127928e-02,        +1.414213562373e-01,        +4.171503992525e-02,        -7.427765064713e-02,        +2.032518472706e-01,        +3.012970935110e-02,        -3.133414941157e-02,        -4.926875935453e-02,        +1.414213562373e-01,        +4.171922217509e-02,        -7.426978127928e-02,        -3.133414941157e-02,        -4.926875935453e-02,        +2.032519029413e-01,        +3.019878341216e-02
 1.08800000e+02,        +1.414213562373e-01,        +1.246070421379e-01,        +5.911061877434e-03,        +4.052995283715e-02,        -7.493430025415e-02,        +4.053425407424e-02,        -7.492616269228e-02,        +1.414213562373e-01,        +4.052995283715e-02,        -7.493430025415e-02,        +2.041827262184e-01,        +2.929650501937e-02,        -3.276856374779e-02,        -4.823235902883e-02,        +1.414213562373e-01,        +4.053425407424e-02,        -7.492616269228e-02,        -3.276856374779e-02,        -4.823235902883e-02,        +2.041832342560e-01,        +2.936697000987e-02
 1.10400000e+02,        +1.414213562373e-01,        +1.247775237321e-01,        +5.768919484091e-03,        +3.933395342241e-02,        -7.557202202677e-02,        +3.933838757236e-02,        -7.556360659120e-02,        +1.414213562373e-01,        +3.933395342241e-02,        -7.557202202677e-02,        +2.050869677986e-01,        +2.843932214434e-02,        -3.416883894122e-02,        -4.715656259739e-02,        +1.414213562373e-01,        +3.933838757236e-02,        -7.556360659120e-02,        -3.416883894122e-02,        -4.715656259739e-02,        +2.050879562913e-01,        +2.851117762614e-02
 1.12000000e+02,        +1.414213562373e-01,        +1.249434436086e-01,        +5.621472699901e-03,        +3.812734226838e-02,        -7.619060585899e-02,        +3.813192424593e-02,        -7.618190329706e-02,        +1.414213562373e-01,        +3.812734226838e-02,        -7.619060585899e-02,        +2.059641085926e-01,        +2.755902686166e-02,        -3.553402926466e-02,        -4.604246971061e-02,        +1.414213562373e-01,        +3.813192424593e-02,        -7.618190329706e-02,        -3.553402926465e-02,        -4.604246971061e-02,        +2.059656058614e-01,        +2.763227136666e-02
 1.13600000e+02,        +1.414213562373e-01,        +1.251046463404e-01,        +5.468848133573e-03,        +3.691042528324e-02,        -7.678984639626e-02,        +3.691517098769e-02,        -7.678084794640e-02,        +1.414213562373e-01,        +3.691042528324e-02,        -7.678984639626e-02,        +2.068137111295e-01,        +2.665648482342e-02,        -3.686322203885e-02,        -4.489119494544e-02,        +1.414213562373e-01,        +3.691517098769e-02,        -7.678084794640e-02,        -3.686322203885e-02,        -4.489119494544e-02,        +2.068157456826e-01,        +2.673111584088e-02
 1.15200000e+02,        +1.414213562373e-01,        +1.252609797138e-01,        +5.311177035815e-03,        +3.568351361850e-02,        -7.736954321295e-02,        +3.568843992561e-02,        -7.736024066900e-02,        +1.414213562373e-01,        +3.568351361850e-02,        -7.736954321295e-02,        +2.076353631339e-01,        +2.573256058129e-02,        -3.815553739224e-02,        -4.370386698719e-02,        +1.414213562373e-01,        +3.568843992561e-02,        -7.736024066900e-02,        -3.815553739224e-02,        -4.370386698719e-02,        +2.076379636209e-01,        +2.580857454709e-02
 1.16800000e+02,        +1.414213562373e-01,        +1.254122948859e-01,        +5.148595226308e-03,        +3.444692358458e-02,        -7.792950098857e-02,        +3.445204833496e-02,        -7.791988676423e-02,        +1.414213562373e-01,        +3.444692358458e-02,        -7.792950098857e-02,        +2.084286767703e-01,        +2.478811702541e-02,        -3.941012801230e-02,        -4.248162784882e-02,        +1.414213562373e-01,        +3.445204833496e-02,        -7.791988676423e-02,        -3.941012801230e-02,        -4.248162784882e-02,        +2.084318719366e-01,        +2.486550931328e-02
 1.18400000e+02,        +1.414213562373e-01,        +1.255584465394e-01,        +4.981243014487e-03,        +3.320097655933e-02,        -7.846952968244e-02,        +3.320631854348e-02,        -7.845959687568e-02,        +1.414213562373e-01,        +3.320097655933e-02,        -7.846952968244e-02,        +2.091932878868e-01,        +2.382401487806e-02,        -4.062617889045e-02,        -4.122563212672e-02,        +1.414213562373e-01,        +3.320631854348e-02,        -7.845959687568e-02,        -4.062617889045e-02,        -4.122563212672e-02,        +2.091971065268e-01,        +2.390277979284e-02
 1.20000000e+02,        +1.414213562373e-01,        +1.256992930367e-01,        +4.809265114149e-03,        +3.194599888976e-02,        -7.898944470636e-02,        +3.195157782961e-02,        -7.897918716380e-02,        +1.414213562373e-01,        +3.194599888976e-02,        -7.898944470636e-02,        +2.099288552599e-01,        +2.284111224129e-02,        -4.180290706245e-02,        -3.993704629213e-02,        +1.414213562373e-01,        +3.195157782961e-02,        -7.897918716380e-02,        -4.180290706245e-02,        -3.993704629213e-02,        +2.099333261708e-01,        +2.292124301424e-02
 1.21600000e+02,        +1.414213562373e-01,        +1.258346965712e-01,        +4.632810551939e-03,        +3.068232178682e-02,        -7.948906709524e-02,        +3.068815831391e-02,        -7.947847947612e-02,        +1.414213562373e-01,        +3.068232178682e-02,        -7.948906709524e-02,        +2.106350598441e-01,        +2.184026419743e-02,        -4.293956134594e-02,        -3.861704801741e-02,        +1.414213562373e-01,        +3.068815831391e-02,        -7.947847947612e-02,        -4.293956134594e-02,        -3.861704801741e-02,        +2.106402117792e-01,        +2.192175298350e-02
 1.23200000e+02,        +1.414213562373e-01,        +1.259645233167e-01,        +4.452032569774e-03,        +2.941028121339e-02,        -7.996822367508e-02,        +2.941639684359e-02,        -7.995730151503e-02,        +1.414213562373e-01,        +2.941028121339e-02,        -7.996822367508e-02,        +2.113116040270e-01,        +2.082232246136e-02,        -4.403542207689e-02,        -3.726682553611e-02,        +1.414213562373e-01,        +2.941639684359e-02,        -7.995730151503e-02,        -4.403542207689e-02,        -3.726682553611e-02,        +2.113174656490e-01,        +2.090516033863e-02
 1.24800000e+02,        +1.414213562373e-01,        +1.260886435738e-01,        +4.267088521268e-03,        +2.813021776556e-02,        -8.042674722827e-02,        +2.813663487045e-02,        -8.041548700245e-02,        +1.414213562373e-01,        +2.813021776556e-02,        -8.042674722827e-02,        +2.119582108943e-01,        +1.978813508358e-02,        -4.508980084654e-02,        -3.588757703602e-02,        +1.414213562373e-01,        +2.813663487045e-02,        -8.041548700245e-02,        -4.508980084654e-02,        -3.588757703602e-02,        +2.119648107287e-01,        +1.987231205465e-02
 1.26400000e+02,        +1.414213562373e-01,        +1.262069319133e-01,        +4.078139762271e-03,        +2.684247654725e-02,        -8.086447665572e-02,        +2.684921832204e-02,        -8.085287584150e-02,        +1.414213562373e-01,        +2.684247654725e-02,        -8.086447665572e-02,        +2.125746235052e-01,        +1.873854620276e-02,        -4.610204024025e-02,        -3.448051008421e-02,        +1.414213562373e-01,        +2.684921832204e-02,        -8.085287584150e-02,        -4.610204024025e-02,        -3.448051008421e-02,        +2.125819898938e-01,        +1.882405119832e-02
 1.28000000e+02,        +1.414213562373e-01,        +1.263192673170e-01,        +3.885351535603e-03,        +2.554740703820e-02,        -8.128125713562e-02,        +2.555449746636e-02,        -8.126931427448e-02,        +1.414213562373e-01,        +2.554740703820e-02,        -8.128125713562e-02,        +2.131606041811e-01,        +1.767439584687e-02,        -4.707151357984e-02,        -3.304684108317e-02,        +1.414213562373e-01,        +2.555449746636e-02,        -8.126931427448e-02,        -4.707151357984e-02,        -3.304684108317e-02,        +2.131687652357e-01,        +1.776121673122e-02
 1.29600000e+02,        +1.414213562373e-01,        +1.264255333143e-01,        +3.688892850108e-03,        +2.424536295566e-02,        -8.167694027856e-02,        +2.425282677011e-02,        -8.166465503720e-02,        +1.414213562373e-01,        +2.424536295566e-02,        -8.167694027856e-02,        +2.137159338104e-01,        +1.659651978142e-02,        -4.799762467066e-02,        -3.158779475716e-02,        +1.414213562373e-01,        +2.425282677011e-02,        -8.166465503720e-02,        -4.799762467066e-02,        -3.158779475716e-02,        +2.137249173669e-01,        +1.668464336014e-02
 1.31200000e+02,        +1.414213562373e-01,        +1.265256181155e-01,        +3.488936354166e-03,        +2.293670210960e-02,        -8.205138427858e-02,        +2.294456475054e-02,        -8.203875750918e-02,        +1.414213562373e-01,        +2.293670210960e-02,        -8.205138427858e-02,        +2.142404111695e-01,        +1.550574940384e-02,        -4.887980755482e-02,        -3.010460366793e-02,        +1.414213562373e-01,        +2.294456475054e-02,        -8.203875750918e-02,        -4.887980755482e-02,        -3.010460366793e-02,        +2.142502447423e-01,        +1.559516143348e-02
 1.32800000e+02,        +1.414213562373e-01,        +1.266194147413e-01,        +3.285658203775e-03,        +2.162178625188e-02,        -8.240445406012e-02,        +2.163007382125e-02,        -8.239148785947e-02,        +1.414213562373e-01,        +2.162178625188e-02,        -8.240445406012e-02,        +2.147338522645e-01,        +1.440291168279e-02,        -4.971752627179e-02,        -2.859850775893e-02,        +1.414213562373e-01,        +2.163007382125e-02,        -8.239148785947e-02,        -4.971752627179e-02,        -2.859850775893e-02,        +2.147445630013e-01,        +1.449359688256e-02
 1.34400000e+02,        +1.414213562373e-01,        +1.267068211477e-01,        +3.079237925385e-03,        +2.030098091929e-02,        -8.273602142028e-02,        +2.030972013183e-02,        -8.272271918794e-02,        +1.414213562373e-01,        +2.030098091929e-02,        -8.273602142028e-02,        +2.151960896931e-01,        +1.328882914110e-02,        -5.051027462760e-02,        -2.707075392727e-02,        +1.414213562373e-01,        +2.030972013183e-02,        -8.272271918794e-02,        -5.051027462760e-02,        -2.707075392727e-02,        +2.152077043308e-01,        +1.338077120663e-02
 1.36000000e+02,        +1.414213562373e-01,        +1.267877403470e-01,        +2.869858273621e-03,        +1.897465527082e-02,        -8.304596516638e-02,        +1.898387340170e-02,        -8.303233166152e-02,        +1.414213562373e-01,        +1.897465527082e-02,        -8.304596516638e-02,        +2.156269720309e-01,        +1.216431988141e-02,        -5.125757597389e-02,        -2.552259562264e-02,        +1.414213562373e-01,        +1.898387340170e-02,        -8.303233166152e-02,        -5.125757597389e-02,        -2.552259562264e-02,        +2.156395168516e-01,        +1.225750150043e-02
 1.37600000e+02,        +1.414213562373e-01,        +1.268620805233e-01,        +2.657705084071e-03,        +1.764318191917e-02,        -8.333417124848e-02,        +1.765290674826e-02,        -8.332021264541e-02,        +1.414213562373e-01,        +1.764318191917e-02,        -8.333417124848e-02,        +2.160263632420e-01,        +1.103019765322e-02,        -5.195898299800e-02,        -2.395529247262e-02,        +1.414213562373e-01,        +1.765290674826e-02,        -8.332021264541e-02,        -5.195898299800e-02,        -2.395529247262e-02,        +2.160398640299e-01,        +1.112460052316e-02
 1.39200000e+02,        +1.414213562373e-01,        +1.269297551445e-01,        +2.442967121334e-03,        +1.630693675678e-02,        -8.360053288644e-02,        +1.631719650945e-02,        -8.358625682881e-02,        +1.414213562373e-01,        +1.630693675678e-02,        -8.360053288644e-02,        +2.163941421168e-01,        +9.887271960211e-03,        -5.261407752537e-02,        -2.237010993371e-02,        +1.414213562373e-01,        +1.631719650945e-02,        -8.358625682881e-02,        -5.261407752536e-02,        -2.237010993371e-02,        +2.164086241167e-01,        +9.982876807761e-03
 1.40800000e+02,        +1.414213562373e-01,        +1.269906830677e-01,        +2.225835922492e-03,        +1.496629877667e-02,        -8.384495069160e-02,        +1.497712206110e-02,        -8.383036634494e-02,        +1.414213562373e-01,        +1.496629877667e-02,        -8.384495069160e-02,        +2.167302017394e-01,        +8.736348207100e-03,        -5.322247033532e-02,        -2.076831896754e-02,        +1.414213562373e-01,        +1.497712206110e-02,        -8.383036634494e-02,        -5.322247033532e-02,        -2.076831896754e-02,        +2.167456896149e-01,        +8.833134809500e-03
 1.42400000e+02,        +1.414213562373e-01,        +1.270447886407e-01,        +2.006505636225e-03,        +1.362164988809e-02,        -8.406733278247e-02,        +1.363306562906e-02,        -8.405245088522e-02,        +1.414213562373e-01,        +1.362164988809e-02,        -8.406733278247e-02,        +2.170344489851e-01,        +7.578227884636e-03,        -5.378380099186e-02,        -1.915119574186e-02,        +1.414213562373e-01,        +1.363306562906e-02,        -8.405245088522e-02,        -5.378380099186e-02,        -1.915119574186e-02,        +2.170509667793e-01,        +7.676175092785e-03
 1.44000000e+02,        +1.414213562373e-01,        +1.270920017970e-01,        +1.785172857768e-03,        +1.227337472741e-02,        -8.426759489449e-02,        +1.228541209659e-02,        -8.425242780722e-02,        +1.414213562373e-01,        +1.227337472741e-02,        -8.426759489449e-02,        +2.173068040513e-01,        +6.413708792125e-03,        -5.429773769054e-02,        -1.752002135604e-02,        +1.414213562373e-01,        +1.228541209659e-02,        -8.425242780722e-02,        -5.429773769054e-02,        -1.752002135604e-02,        +2.173243751477e-01,        +6.512794555335e-03
 1.45600000e+02,        +1.414213562373e-01,        +1.271322581462e-01,        +1.562036459918e-03,        +1.092186046442e-02,        -8.444566048348e-02,        +1.093454880696e-02,        -8.443022223628e-02,        +1.414213562373e-01,        +1.092186046442e-02,        -8.444566048348e-02,        +2.175472000231e-01,        +5.243585296437e-03,        -5.476397712312e-02,        -1.587608159063e-02,        +1.414213562373e-01,        +1.093454880696e-02,        -8.443022223628e-02,        -5.476397712312e-02,        -1.587608159063e-02,        +2.175658471082e-01,        +5.343786688783e-03
 1.47200000e+02,        +1.414213562373e-01,        +1.271654990573e-01,        +1.337297420335e-03,        +9.567496604278e-03,        -8.460146082266e-02,        +9.580865361793e-03,        -8.458576716054e-02,        +1.414213562373e-01,        +9.567496604278e-03,        -8.460146082266e-02,        +2.177555824766e-01,        +4.068648626772e-03,        -5.518224436154e-02,        -1.422066668106e-02,        +1.414213562373e-01,        +9.580865361793e-03,        -8.458576716054e-02,        -5.518224436154e-02,        -1.422066668106e-02,        +2.177753275035e-01,        +4.169941874923e-03
 1.48800000e+02,        +1.414213562373e-01,        +1.271916717376e-01,        +1.111158645332e-03,        +8.210674785401e-03,        -8.473493509289e-02,        +8.224753415112e-03,        -8.471900351913e-02,        +1.414213562373e-01,        +8.210674785401e-03,        -8.473493509289e-02,        +2.179319091210e-01,        +2.889687204452e-03,        -5.555229276321e-02,        -1.255507111526e-02,        +1.414213562373e-01,        +8.224753415112e-03,        -8.471900351913e-02,        -5.555229276321e-02,        -1.255507111526e-02,        +2.179527732751e-01,        +2.992047716872e-03
 1.50400000e+02,        +1.414213562373e-01,        +1.272107293039e-01,        +8.838247904266e-04,        +6.851788573590e-03,        -8.484603046622e-02,        +6.866606463641e-03,        -8.482988028344e-02,        +1.414213562373e-01,        +6.851788573590e-03,        -8.484603046622e-02,        +2.180761494836e-01,        +1.707487007065e-03,        -5.587390389945e-02,        -1.088059345538e-02,        +1.414213562373e-01,        +6.866606463641e-03,        -8.482988028344e-02,        -5.587390389945e-02,        -1.088059345538e-02,        +2.180981531491e-01,        +1.810889404460e-03
 1.52000000e+02,        +1.414213562373e-01,        +1.272226308489e-01,        +6.555020778697e-04,        +5.491233252641e-03,        -8.493470218225e-02,        +5.506819633409e-03,        -8.491835453114e-02,        +1.414213562373e-01,        +5.491233252641e-03,        -8.493470218225e-02,        +2.181882846399e-01,        +5.228319664117e-04,        -5.614688750984e-02,        -9.198536183630e-03,        +1.414213562373e-01,        +5.506819633409e-03,        -8.491835453114e-02,        -5.614688750984e-02,        -9.198536183630e-03,        +2.182114473680e-01,        +6.272501132833e-04
 1.53600000e+02,        +1.414213562373e-01,        +1.272273414999e-01,        +4.263981114125e-04,        +4.129405611775e-03,        -8.500091361742e-02,        +4.145789463061e-03,        -8.498439151294e-02,        +1.414213562373e-01,        +4.129405611775e-03,        -8.500091361742e-02,        +2.182683069910e-01,        -6.634956002891e-04,        -5.637108148478e-02,        -7.510205572666e-03,        +1.414213562373e-01,        +4.145789463061e-03,        -8.498439151294e-02,        -5.637108148478e-02,        -7.510205572666e-03,        +2.182926474702e-01,        -5.580885631447e-04
 1.55200000e+02,        +1.414213562373e-01,        +1.272248324722e-01,        +1.967216885628e-04,        +2.766703730186e-03,        -8.504463634692e-02,        +2.783913684112e-03,        -8.502796471178e-02,        +1.414213562373e-01,        +2.766703730186e-03,        -8.504463634692e-02,        +2.183162200943e-01,        -1.850714526394e-03,        -5.654635187995e-02,        -5.816911580635e-03,        +1.414213562373e-01,        +2.783913684112e-03,        -8.502796471178e-02,        -5.654635187995e-02,        -5.816911580634e-03,        +2.183417561216e-01,        -1.744346148599e-03
 1.56800000e+02,        +1.414213562373e-01,        +1.272150811150e-01,        -3.331738941100e-05,        +1.403526759022e-03,        -8.506585019922e-02,        +1.421590998452e-03,        -8.504905589447e-02,        +1.414213562373e-01,        +1.403526759022e-03,        -8.506585019922e-02,        +2.183320385492e-01,        -3.038044299504e-03,        -5.667259296605e-02,        -4.119967771360e-03,        +1.414213562373e-01,        +1.421590998452e-03,        -8.504905589447e-02,        -5.667259296605e-02,        -4.119967771360e-03,        +2.183587870032e-01,        -2.930742787217e-03
 1.58400000e+02,        +1.414213562373e-01,        +1.271980709509e-01,        -2.635085094626e-04,        +4.027470112448e-05,        -8.506454330296e-02,        +5.922085338253e-05,        -8.504765515547e-02,        +1.414213562373e-01,        +4.027470112451e-05,        -8.506454330296e-02,        +2.183157879442e-01,        -4.224704533275e-03,        -5.674972731845e-02,        -2.420691259985e-03,        +1.414213562373e-01,        +5.922085338256e-05,        -8.504765515547e-02,        -5.674972731845e-02,        -2.420691259985e-03,        +2.183437647598e-01,        -4.116498714905e-03
 1.60000000e+02,        +1.414213562373e-01,        +1.271737917084e-01,        -4.936404404639e-04,        -1.322651811136e-03,        -8.504071212631e-02,        -1.302796785505e-03,        -8.502376095285e-02,        +1.414213562373e-01,        -1.322651811136e-03,        -8.504071212631e-02,        +2.182675048697e-01,        -5.409914407952e-03,        -5.677770595186e-02,        -7.204026843403e-04,        +1.414213562373e-01,        -1.302796785505e-03,        -8.502376095285e-02,        -5.677770595186e-02,        -7.204026843400e-04,        +2.182967250143e-01,        -5.300833699692e-03
 1.61600000e+02,        +1.414213562373e-01,        +1.271422393481e-01,        -7.235015283404e-04,        -2.684851739610e-03,        -8.499436150859e-02,        -2.664061663338e-03,        -8.497738013620e-02,        +1.414213562373e-01,        -2.684851739610e-03,        -8.499436150858e-02,        +2.181872370043e-01,        -6.592892080338e-03,        -5.675650850626e-02,        +9.795737977627e-04,        +1.414213562373e-01,        -2.664061663338e-03,        -8.497738013620e-02,        -5.675650850625e-02,        +9.795737977629e-04,        +2.182177144553e-01,        -6.482966451729e-03
 1.63200000e+02,        +1.414213562373e-01,        +1.271034160808e-01,        -9.528798923525e-04,        -4.045923865350e-03,        -8.492550468411e-02,        -4.024173466547e-03,        -8.490852796649e-02,        +1.414213562373e-01,        -4.045923865350e-03,        -8.492550468411e-02,        +2.180750432809e-01,        -7.772854064228e-03,        -5.668614349122e-02,        +2.677910485480e-03,        +1.414213562373e-01,        -4.024173466547e-03,        -8.490852796649e-02,        -5.668614349122e-02,        +2.677910485480e-03,        +2.181067910045e-01,        -7.662114004013e-03
 1.64800000e+02,        +1.414213562373e-01,        +1.270573303795e-01,        -1.181563622229e-03,        -5.405467014515e-03,        -8.483416329838e-02,        -5.382732054762e-03,        -8.481722812770e-02,        +1.414213562373e-01,        -5.405467014515e-03,        -8.483416329838e-02,        +2.179309941417e-01,        -8.949014582757e-03,        -5.656664859739e-02,        +4.373276086622e-03,        +1.414213562373e-01,        -5.382732054762e-03,        -8.481722812770e-02,        -5.656664859739e-02,        +4.373276086622e-03,        +2.179640240729e-01,        -8.837491065245e-03
 1.66400000e+02,        +1.414213562373e-01,        +1.270039969841e-01,        -1.409340975835e-03,        -6.763080284843e-03,        -8.472036741640e-02,        -6.739337693726e-03,        -8.470351273015e-02,        +1.414213562373e-01,        -6.763080284843e-03,        -8.472036741640e-02,        +2.177551718930e-01,        -1.012058489478e-02,        -5.639809108507e-02,        +6.064335645284e-03,        +1.414213562373e-01,        -6.739337693726e-03,        -8.470351273015e-02,        -5.639809108507e-02,        +6.064335645284e-03,        +2.177894949159e-01,        -1.000830934697e-02
 1.68000000e+02,        +1.414213562373e-01,        +1.269434368982e-01,        -1.636000577048e-03,        -8.118363272384e-03,        -8.458415552329e-02,        -8.093591288971e-03,        -8.456742230544e-02,        +1.414213562373e-01,        -8.118363272384e-03,        -8.458415552329e-02,        +2.175476711701e-01,        -1.128677259833e-02,        -5.618056826204e-02,        +7.749750447537e-03,        +1.414213562373e-01,        -8.093591288971e-03,        -8.456742230544e-02,        -5.618056826204e-02,        +7.749750447537e-03,        +2.175832970993e-01,        -1.117377686800e-02
 1.69600000e+02,        +1.414213562373e-01,        +1.268756773799e-01,        -1.861331613482e-03,        -9.470916298167e-03,        -8.442557451717e-02,        -9.445094619966e-03,        -8.440900579282e-02,        +1.414213562373e-01,        -9.470916298167e-03,        -8.442557451717e-02,        +2.173085995293e-01,        -1.244678091557e-02,        -5.591420806452e-02,        +9.428177908639e-03,        +1.414213562373e-01,        -9.445094619966e-03,        -8.440900579282e-02,        -5.591420806451e-02,        +9.428177908639e-03,        +2.173455370900e-01,        -1.233309724051e-02
 1.71200000e+02,        +1.414213562373e-01,        +1.268007519242e-01,        -2.085124033697e-03,        -1.082034063448e-02,        -8.424467969426e-02,        -1.079345057446e-02,        -8.422832051688e-02,        +1.414213562373e-01,        -1.082034063448e-02,        -8.424467969426e-02,        +2.170380781794e-01,        -1.359980796544e-02,        -5.559916975776e-02,        +1.109827144711e-02,        +1.414213562373e-01,        -1.079345057446e-02,        -8.422832051688e-02,        -5.559916975776e-02,        +1.109827144711e-02,        +2.170763349882e-01,        -1.348546894397e-02
 1.72800000e+02,        +1.414213562373e-01,        +1.267187002391e-01,        -2.307168743509e-03,        -1.216623873043e-02,        -8.404153472643e-02,        -1.213826338273e-02,        -8.402543215633e-02,        +1.414213562373e-01,        -1.216623873043e-02,        -8.404153472643e-02,        +2.167362428758e-01,        -1.474504603276e-02,        -5.523564477542e-02,        +1.275868035351e-02,        +1.414213562373e-01,        -1.213826338273e-02,        -8.402543215633e-02,        -5.523564477542e-02,        +1.275868035351e-02,        +2.167758254188e-01,        -1.463008459541e-02
 1.74400000e+02,        +1.414213562373e-01,        +1.266295682148e-01,        -2.527257801007e-03,        -1.350821443648e-02,        -8.381621163099e-02,        -1.347913885133e-02,        -8.380041470367e-02,        +1.414213562373e-01,        -1.350821443648e-02,        -8.381621163099e-02,        +2.164032449953e-01,        -1.588168084588e-02,        -5.482385771959e-02,        +1.440804966531e-02,        +1.414213562373e-01,        -1.347913885133e-02,        -8.380041470366e-02,        -5.482385771959e-02,        +1.440804966531e-02,        +2.164441586048e-01,        -1.576613022823e-02
 1.76000000e+02,        +1.414213562373e-01,        +1.265334078853e-01,        -2.745184609938e-03,        -1.484587322746e-02,        -8.356879073297e-02,        -1.481568459593e-02,        -8.355335041542e-02,        +1.414213562373e-01,        -1.484587322746e-02,        -8.356879073297e-02,        +2.160392528197e-01,        -1.700889087950e-02,        -5.436406754686e-02,        +1.604502006372e-02,        +1.414213562373e-01,        -1.481568459593e-02,        -8.355335041542e-02,        -5.436406754686e-02,        +1.604502006372e-02,        +2.160815016478e-01,        -1.689278459570e-02
 1.77600000e+02,        +1.414213562373e-01,        +1.264302773843e-01,        -2.960744111156e-03,        -1.617882242382e-02,        -8.329936061992e-02,        -1.614751027269e-02,        -8.328432975279e-02,        +1.414213562373e-01,        -1.617882242382e-02,        -8.329936061992e-02,        +2.156444530548e-01,        -1.812584670527e-02,        -5.385656896874e-02,        +1.766822781439e-02,        +1.414213562373e-01,        -1.614751027269e-02,        -8.328432975279e-02,        -5.385656896874e-02,        +1.766822781439e-02,        +2.156880400420e-01,        -1.800921852168e-02
 1.79200000e+02,        +1.414213562373e-01,        +1.263202408947e-01,        -3.173732971973e-03,        -1.750667141043e-02,        -8.300801808940e-02,        -1.747422780749e-02,        -8.299345131243e-02,        +1.414213562373e-01,        -1.750667141043e-02,        -8.300801808940e-02,        +2.152190526160e-01,        -1.923171042055e-02,        -5.330169409790e-02,        +1.927630478192e-02,        +1.414213562373e-01,        -1.747422780749e-02,        -8.299345131243e-02,        -5.330169409790e-02,        +1.927630478192e-02,        +2.152639794565e-01,        -1.911459432875e-02
 1.80800000e+02,        +1.414213562373e-01,        +1.262033685922e-01,        -3.383949773373e-03,        -1.882903185261e-02,        -8.269486808955e-02,        -1.879545162224e-02,        -8.268082174733e-02,        +1.414213562373e-01,        -1.882903185261e-02,        -8.269486808955e-02,        +2.147632807167e-01,        -2.032563519584e-02,        -5.269981437444e-02,        +2.086787855795e-02,        +1.414213562373e-01,        -1.879545162224e-02,        -8.268082174733e-02,        -5.269981437444e-02,        +2.086787855795e-02,        +2.148095478168e-01,        -2.020806538385e-02
 1.82400000e+02,        +1.414213562373e-01,        +1.260797365830e-01,        -3.591195195199e-03,        -2.014551790869e-02,        -8.236002365315e-02,        -2.011079885748e-02,        -8.234655567782e-02,        +1.414213562373e-01,        -2.014551790869e-02,        -8.236002365315e-02,        +2.142773912934e-01,        -2.140676499466e-02,        -5.205134280808e-02,        +2.244157275574e-02,        +1.414213562373e-01,        -2.011079885748e-02,        -8.234655567782e-02,        -5.205134280808e-02,        +2.244157275574e-02,        +2.143249977244e-01,        -2.128877581528e-02
 1.84000000e+02,        +1.414213562373e-01,        +1.259494268370e-01,        -3.795272199509e-03,        -2.145574643903e-02,        -8.200360582603e-02,        -2.141988959049e-02,        -8.199077559304e-02,        +1.414213562373e-01,        -2.145574643903e-02,        -8.200360582603e-02,        +2.137616658057e-01,        -2.247423453590e-02,        -5.135673657211e-02,        +2.399600754034e-02,        +1.414213562373e-01,        -2.141988959049e-02,        -8.199077559304e-02,        -5.135673657211e-02,        +2.399600754034e-02,        +2.138106092497e-01,        -2.235586047074e-02
 1.85600000e+02,        +1.414213562373e-01,        +1.258125271136e-01,        -3.995986212300e-03,        -2.275933721109e-02,        -8.162574359061e-02,        -2.272234704822e-02,        -8.161361174314e-02,        +1.414213562373e-01,        -2.275933721109e-02,        -8.162574359061e-02,        +2.132164164431e-01,        -2.352716958939e-02,        -5.061649998233e-02,        +2.552980048342e-02,        +1.414213562373e-01,        -2.272234704822e-02,        -8.161361174314e-02,        -5.061649998233e-02,        +2.552980048342e-02,        +2.132666931322e-01,        -2.340844520727e-02
 1.87200000e+02,        +1.414213562373e-01,        +1.256691308829e-01,        -4.193145303604e-03,        -2.405591310102e-02,        -8.122657378563e-02,        -2.401779781476e-02,        -8.121520202260e-02,        +1.414213562373e-01,        -2.405591310102e-02,        -8.122657378563e-02,        +2.126419897665e-01,        -2.456468772072e-02,        -4.983118788733e-02,        +2.704156785704e-02,        +1.414213562373e-01,        -2.401779781476e-02,        -8.121520202260e-02,        -4.983118788733e-02,        +2.704156785704e-02,        +2.126935944131e-01,        -2.444564762876e-02
 1.88800000e+02,        +1.414213562373e-01,        +1.255193372392e-01,        -4.386560365708e-03,        -2.534510029223e-02,        -8.080624102293e-02,        -2.530587203276e-02,        -8.079569184478e-02,        +1.414213562373e-01,        -2.534510029223e-02,        -8.080624102293e-02,        +2.120387707947e-01,        -2.558589963080e-02,        -4.900140948248e-02,        +2.852992650992e-02,        +1.414213562373e-01,        -2.530587203276e-02,        -8.079569184478e-02,        -4.900140948248e-02,        +2.852992650992e-02,        +2.120916965145e-01,        -2.546657841644e-02
 1.90400000e+02,        +1.414213562373e-01,        +1.253632508084e-01,        -4.576045288940e-03,        -2.662652847203e-02,        -8.036489760216e-02,        -2.658620359876e-02,        -8.035523400771e-02,        +1.414213562373e-01,        -2.662652847203e-02,        -8.036489760216e-02,        +2.114071875256e-01,        -2.658991127042e-02,        -4.812783253721e-02,        +2.999349650450e-02,        +1.414213562373e-01,        -2.658620359876e-02,        -8.035523400771e-02,        -4.812783253721e-02,        +2.999349650450e-02,        +2.114614257504e-01,        -2.647034343174e-02
 1.92000000e+02,        +1.414213562373e-01,        +1.252009816468e-01,        -4.761417134208e-03,        -2.789983102748e-02,        -7.990270342363e-02,        -2.785843035140e-02,        -7.989398855052e-02,        +1.414213562373e-01,        -2.789983102748e-02,        -7.990270342363e-02,        +2.107477158422e-01,        -2.757582694783e-02,        -4.721118798817e-02,        +3.143090473099e-02,        +1.414213562373e-01,        -2.785843035140e-02,        -7.989398855052e-02,        -4.721118798817e-02,        +3.143090473099e-02,        +2.108032562229e-01,        -2.745604680878e-02
 1.93600000e+02,        +1.414213562373e-01,        +1.250326451346e-01,        -4.942496301428e-03,        -2.916464524209e-02,        -7.941982589952e-02,        -2.912219425168e-02,        -7.941212260023e-02,        +1.414213562373e-01,        -2.916464524209e-02,        -7.941982589952e-02,        +2.100608847003e-01,        -2.854275368602e-02,        -4.625227479572e-02,        +3.284078975415e-02,        +1.414213562373e-01,        -2.912219425168e-02,        -7.941212260023e-02,        -4.625227479572e-02,        +3.284078975415e-02,        +2.101177149990e-01,        -2.842279529186e-02
 1.95200000e+02,        +1.414213562373e-01,        +1.248583618610e-01,        -5.119106693077e-03,        -3.042061249475e-02,        -7.891643986305e-02,        -3.037714155315e-02,        -7.890981020833e-02,        +1.414213562373e-01,        -3.042061249475e-02,        -7.891643986305e-02,        +2.093472814131e-01,        -2.948980712213e-02,        -4.525196488261e-02,        +3.422180818427e-02,        +1.414213562373e-01,        -3.037714155315e-02,        -7.890981020833e-02,        -4.525196488261e-02,        +3.422180818427e-02,        +2.094053873850e-01,        -2.936970410904e-02
 1.96800000e+02,        +1.414213562373e-01,        +1.246782575045e-01,        -5.291075872336e-03,        -3.166737846277e-02,        -7.839272747504e-02,        -3.162292295975e-02,        -7.838723217750e-02,        +1.414213562373e-01,        -3.166737846277e-02,        -7.839272747504e-02,        +2.086075567426e-01,        -3.041611926525e-02,        -4.421120786480e-02,        +3.557264288818e-02,        +1.414213562373e-01,        -3.162292295975e-02,        -7.838723217750e-02,        -4.421120786480e-02,        +3.557264288818e-02,        +2.086669220098e-01,        -3.029590469665e-02
 1.98400000e+02,        +1.414213562373e-01,        +1.244924627075e-01,        -5.458235215567e-03,        -3.290459333089e-02,        -7.784887812661e-02,        -3.285919376822e-02,        -7.784457587928e-02,        +1.414213562373e-01,        -3.290459333089e-02,        -7.784887812661e-02,        +2.078424293619e-01,        -3.132084842941e-02,        -4.313103514217e-02,        +3.689201335678e-02,        +1.414213562373e-01,        -3.285919376822e-02,        -7.784457587928e-02,        -4.313103514217e-02,        +3.689201335678e-02,        +2.079030352842e-01,        -3.120055459042e-02
 2.00000000e+02,        +1.414213562373e-01,        +1.243011129461e-01,        -5.620420059080e-03,        -3.413191200841e-02,        -7.728508833622e-02,        -3.408561399168e-02,        -7.728203506481e-02,        +1.414213562373e-01,        -3.413191200841e-02,        -7.728508833622e-02,        +2.070526890775e-01,        -3.220319161788e-02,        -4.201256273742e-02,        +3.817868850489e-02,        +1.414213562373e-01,        -3.408561399168e-02,        -7.728203506481e-02,        -4.201256273742e-02,        +3.817868850489e-02,        +2.071145146262e-01,        -3.208284975885e-02
 2.01600000e+02,        +1.414213562373e-01,        +1.241043483963e-01,        -5.777469840257e-03,        -3.534899435668e-02,        -7.670156163825e-02,        -3.530184846123e-02,        -7.669980967211e-02,        +1.414213562373e-01,        -3.534899435668e-02,        -7.670156163825e-02,        +2.062391979829e-01,        -3.306239952885e-02,        -4.085699206031e-02,        +3.943150207348e-02,        +1.414213562373e-01,        -3.530184846123e-02,        -7.669980967211e-02,        -4.085699206031e-02,        +3.943150207348e-02,        +2.063022196316e-01,        -3.294203954892e-02
 2.03200000e+02,        +1.414213562373e-01,        +1.239023137955e-01,        -5.929228233173e-03,        -3.655550542888e-02,        -7.609850845882e-02,        -3.650756690256e-02,        -7.609810563484e-02,        +1.414213562373e-01,        -3.655550542888e-02,        -7.609850845882e-02,        +2.054028884932e-01,        -3.389779415134e-02,        -3.966560754547e-02,        +4.064937060347e-02,        +1.414213562373e-01,        -3.650756690256e-02,        -7.609810563484e-02,        -3.966560754547e-02,        +4.064937060347e-02,        +2.054670801397e-01,        -3.377744421464e-02
 2.04800000e+02,        +1.414213562373e-01,        +1.236951583007e-01,        -6.075543278765e-03,        -3.775111572332e-02,        -7.547614597317e-02,        -3.770244398582e-02,        -7.547713469933e-02,        +1.414213562373e-01,        -3.775111572332e-02,        -7.547614597317e-02,        +2.045447569873e-01,        -3.470878859218e-02,        -3.843976989645e-02,        +4.183131362269e-02,        +1.414213562373e-01,        -3.770244398582e-02,        -7.547713469933e-02,        -3.843976989645e-02,        +4.183131362269e-02,        +2.046100899288e-01,        -3.458847467220e-02
 2.06400000e+02,        +1.414213562373e-01,        +1.234830353440e-01,        -6.216267509598e-03,        -3.893550144999e-02,        -7.483469793684e-02,        -3.888615934866e-02,        -7.483711425854e-02,        +1.414213562373e-01,        -3.893550144999e-02,        -7.483469793684e-02,        +2.036658516424e-01,        -3.549490829172e-02,        -3.718090352196e-02,        +4.297647520596e-02,        +1.414213562373e-01,        -3.888615934866e-02,        -7.483711425854e-02,        -3.718090352196e-02,        +4.297647520596e-02,        +2.037322946313e-01,        -3.537465364488e-02
 2.08000000e+02,        +1.414213562373e-01,        +1.232661024833e-01,        -6.351258069196e-03,        -4.010834480713e-02,        -7.417439448158e-02,        -4.005839759516e-02,        -7.417826721275e-02,        +1.414213562373e-01,        -4.010834480713e-02,        -7.417439448158e-02,        +2.027672530475e-01,        -3.625581213888e-02,        -3.589047675371e-02,        +4.408414542218e-02,        +1.414213562373e-01,        -4.005839759516e-02,        -7.417826721275e-02,        -3.589047675371e-02,        +4.408414542218e-02,        +2.028347724565e-01,        -3.613563671640e-02
 2.09600000e+02,        +1.414213562373e-01,        +1.230445212514e-01,        -6.480376825858e-03,        -4.126933426099e-02,        -7.349547186584e-02,        -4.121884827769e-02,        -7.350082186813e-02,        +1.414213562373e-01,        -4.126933426099e-02,        -7.349547186584e-02,        +2.018500464442e-01,        -3.699131121341e-02,        -3.456997369757e-02,        +4.515377940117e-02,        +1.414213562373e-01,        -4.121884827769e-02,        -7.350082186813e-02,        -3.456997369757e-02,        +4.515377940117e-02,        +2.019186065756e-01,        -3.687123103160e-02
 2.11200000e+02,        +1.414213562373e-01,        +1.228184570011e-01,        -6.603490480902e-03,        -4.241816481661e-02,        -7.279817217081e-02,        -4.236720587326e-02,        -7.280501188281e-02,        +1.414213562373e-01,        -4.241816481661e-02,        -7.279817217081e-02,        +2.009152850906e-01,        -3.770138205453e-02,        -3.322085721136e-02,        +4.618501092615e-02,        +1.414213562373e-01,        -4.236720587326e-02,        -7.280501188281e-02,        -3.322085721136e-02,        +4.618501092615e-02,        +2.009848486598e-01,        -3.758140855776e-02
 2.12800000e+02,        +1.414213562373e-01,        +1.225880787481e-01,        -6.720470671285e-03,        -4.355453826208e-02,        -7.208274293548e-02,        -4.350316977225e-02,        -7.209107626765e-02,        +1.414213562373e-01,        -4.355453826208e-02,        -7.208274293548e-02,        +1.999639453603e-01,        -3.838617065771e-02,        -3.184452362149e-02,        +4.717765676061e-02,        +1.414213562373e-01,        -4.350316977225e-02,        -7.209107626765e-02,        -3.184452362149e-02,        +4.717765676061e-02,        +2.000344741790e-01,        -3.826631012342e-02
 2.14400000e+02,        +1.414213562373e-01,        +1.223535590114e-01,        -6.831194066574e-03,        -4.467816336331e-02,        -7.134943673085e-02,        -4.462644430206e-02,        -7.135925944238e-02,        +1.414213562373e-01,        -4.467816336331e-02,        -7.134943673085e-02,        +1.989968758166e-01,        -3.904598309716e-02,        -3.044225140934e-02,        +4.813170761457e-02,        +1.414213562373e-01,        -4.462644430206e-02,        -7.135925944238e-02,        -3.044225140934e-02,        +4.813170761457e-02,        +1.990683316850e-01,        -3.892623614767e-02
 2.16000000e+02,        +1.414213562373e-01,        +1.221150736517e-01,        -6.935542460299e-03,        -4.578875598329e-02,        -7.059851068257e-02,        -4.573673881165e-02,        -7.060981133828e-02,        +1.414213562373e-01,        -4.578875598329e-02,        -7.059851068257e-02,        +1.980147444922e-01,        -3.968125908689e-02,        -2.901514808938e-02,        +4.904730206807e-02,        +1.414213562373e-01,        -4.573673881165e-02,        -7.060981133828e-02,        -2.901514808938e-02,        +4.904730206807e-02,        +1.980870902869e-01,        -3.956162038334e-02
 2.17600000e+02,        +1.414213562373e-01,        +1.218728017075e-01,        -7.033402855770e-03,        -4.688603910125e-02,        -6.983022596350e-02,        -4.683376784158e-02,        -6.984298752678e-02,        +1.414213562373e-01,        -4.688603910125e-02,        -6.983022596350e-02,        +1.970179906404e-01,        -4.029252622129e-02,        -2.756410153051e-02,        +4.992468119386e-02,        +1.414213562373e-01,        -4.683376784158e-02,        -6.984298752678e-02,        -2.756410153051e-02,        +4.992468119386e-02,        +1.970911915584e-01,        -4.017298441730e-02
 2.19200000e+02,        +1.414213562373e-01,        +1.216269252294e-01,        -7.124667546425e-03,        -4.796974271398e-02,        -6.904484729026e-02,        -4.791725139716e-02,        -6.905904934038e-02,        +1.414213562373e-01,        -4.796974271398e-02,        -6.904484729026e-02,        +1.960067887406e-01,        -4.088033520426e-02,        -2.608974348714e-02,        +5.076412418292e-02,        +1.414213562373e-01,        -4.791725139716e-02,        -6.905904934038e-02,        -2.608974348714e-02,        +5.076412418292e-02,        +1.960808136215e-01,        -4.076087322683e-02
 2.20800000e+02,        +1.414213562373e-01,        +1.213776291132e-01,        -7.209234190794e-03,        -4.903960361593e-02,        -6.824264246778e-02,        -4.898691532796e-02,        -6.825826394285e-02,        +1.414213562373e-01,        -4.903960361593e-02,        -6.824264246778e-02,        +1.949810328631e-01,        -4.144517987990e-02,        -2.459243343225e-02,        +5.156586877285e-02,        +1.414213562373e-01,        -4.898691532796e-02,        -6.825826394285e-02,        -2.459243343225e-02,        +5.156586877285e-02,        +1.950558554873e-01,        -4.132577557900e-02
 2.22400000e+02,        +1.414213562373e-01,        +1.211251009301e-01,        -7.287005882067e-03,        -5.009536507442e-02,        -6.742388202888e-02,        -5.004249179766e-02,        -6.744090430208e-02,        +1.414213562373e-01,        -5.009536507442e-02,        -6.742388202888e-02,        +1.939403480538e-01,        -4.198740968216e-02,        -2.307226934167e-02,        +5.233002407631e-02,        +1.414213562373e-01,        -5.004249179766e-02,        -6.744090430208e-02,        -2.307226934167e-02,        +5.233002407631e-02,        +1.940159482896e-01,        -4.186803685036e-02
 2.24000000e+02,        +1.414213562373e-01,        +1.208695307567e-01,        -7.357891212204e-03,        -5.113677643748e-02,        -6.658883900882e-02,        -5.108371980657e-02,        -6.660724902654e-02,        +1.414213562373e-01,        -5.113677643748e-02,        -6.658883900882e-02,        +1.928841319820e-01,        -4.250714521996e-02,        -2.152912867601e-02,        +5.305648650107e-02,        +1.414213562373e-01,        -5.108371980657e-02,        -6.660724902654e-02,        -2.152912867601e-02,        +5.305648650107e-02,        +1.929604966568e-01,        -4.238777493373e-02
 2.25600000e+02,        +1.414213562373e-01,        +1.206111110019e-01,        -7.421804330380e-03,        -5.216359272953e-02,        -6.573778887705e-02,        -5.211034571199e-02,        -6.575758204360e-02,        +1.414213562373e-01,        -5.216359272953e-02,        -6.573778887705e-02,        +1.918116251696e-01,        -4.300420900659e-02,        -1.996273788642e-02,        +5.374487074591e-02,        +1.414213562373e-01,        -5.211034571199e-02,        -6.575758204360e-02,        -1.996273788642e-02,        +5.374487074591e-02,        +1.918887485593e-01,        -4.288481119162e-02
 2.27200000e+02,        +1.414213562373e-01,        +1.203500362325e-01,        -7.478664995509e-03,        -5.317557429749e-02,        -6.487100962258e-02,        -5.312212368389e-02,        -6.489219212392e-02,        +1.414213562373e-01,        -5.317557429749e-02,        -6.487100962258e-02,        +1.907220027636e-01,        -4.347808206759e-02,        -1.837276343174e-02,        +5.439446658760e-02,        +1.414213562373e-01,        -5.312212368389e-02,        -6.489219212392e-02,        -1.837276343174e-02,        +5.439446658760e-02,        +1.907998866385e-01,        -4.335862715260e-02
 2.28800000e+02,        +1.414213562373e-01,        +1.200865029984e-01,        -7.528398622545e-03,        -5.417248656394e-02,        -6.398878196169e-02,        -5.411881603951e-02,        -6.401137228368e-02,        +1.414213562373e-01,        -5.417248656394e-02,        -6.398878196169e-02,        +1.896144765170e-01,        -4.392789330338e-02,        -1.675891299777e-02,        +5.500422832718e-02,        +1.414213562373e-01,        -5.411881603951e-02,        -6.401137228368e-02,        -1.675891299777e-02,        +5.500422832718e-02,        +1.896931297371e-01,        -4.380835381074e-02
 2.30400000e+02,        +1.414213562373e-01,        +1.198207096553e-01,        -7.570936322310e-03,        -5.515409992515e-02,        -6.309138961487e-02,        -5.510019341921e-02,        -6.311541911813e-02,        +1.414213562373e-01,        -5.515409992515e-02,        -6.309138961487e-02,        +1.884883936696e-01,        -4.435244290823e-02,        -1.512103364291e-02,        +5.557279820240e-02,        +1.414213562373e-01,        -5.510019341921e-02,        -6.311541911813e-02,        -1.512103364291e-02,        +5.557279820240e-02,        +1.885678313821e-01,        -4.423279483968e-02
 2.32000000e+02,        +1.414213562373e-01,        +1.195528561877e-01,        -7.606214934681e-03,        -5.612018980471e-02,        -6.217911959003e-02,        -5.606603479304e-02,        -6.220463212997e-02,        +1.414213562373e-01,        -5.612018980471e-02,        -6.217911959003e-02,        +1.873433203763e-01,        -4.475025534009e-02,        -1.345919454052e-02,        +5.609855927750e-02,        +1.414213562373e-01,        -5.606603479304e-02,        -6.220463212997e-02,        -1.345919454052e-02,        +5.609855927750e-02,        +1.874235629149e-01,        -4.463047924914e-02
 2.33600000e+02,        +1.414213562373e-01,        +1.192831440324e-01,        -7.634177055136e-03,        -5.707053684611e-02,        -6.125226241276e-02,        -5.701612731471e-02,        -6.127931311219e-02,        +1.414213562373e-01,        -5.707053684611e-02,        -6.125226241276e-02,        +1.861791008320e-01,        -4.511965284083e-02,        -1.177374548212e-02,        +5.657970883455e-02,        +1.414213562373e-01,        -5.701612731471e-02,        -6.127931311219e-02,        -1.177374548212e-02,        +5.657970883455e-02,        +1.862601724448e-01,        -4.499973453234e-02
 2.35200000e+02,        +1.414213562373e-01,        +1.190117759008e-01,        -7.654771054756e-03,        -5.800492720625e-02,        -6.031111226036e-02,        -5.795026606105e-02,        -6.033976562911e-02,        +1.414213562373e-01,        -5.800492720625e-02,        -6.031111226036e-02,        +1.849958881634e-01,        -4.545883834577e-02,        -1.006534721502e-02,        +5.701434113167e-02,        +1.414213562373e-01,        -5.795026606105e-02,        -6.033976562911e-02,        -1.006534721502e-02,        +5.701434113167e-02,        +1.850778157008e-01,        -4.533876919543e-02
 2.36800000e+02,        +1.414213562373e-01,        +1.187389556044e-01,        -7.667951093931e-03,        -5.892315290187e-02,        -5.935596697799e-02,        -5.886825370513e-02,        -5.938629461781e-02,        +1.414213562373e-01,        -5.892315290187e-02,        -5.935596697798e-02,        +1.837941480856e-01,        -4.576597698513e-02,        -8.334974602924e-03,        +5.740052875334e-02,        +1.414213562373e-01,        -5.886825370513e-02,        -5.938629461781e-02,        -8.334974602924e-03,        +5.740052875334e-02,        +1.838769597619e-01,        -4.564575391639e-02
 2.38400000e+02,        +1.414213562373e-01,        +1.184648878794e-01,        -7.673677130029e-03,        -5.982501216141e-02,        -5.838712797692e-02,        -5.976990017070e-02,        -5.841920611057e-02,        +1.414213562373e-01,        -5.982501216141e-02,        -5.838712797692e-02,        +1.825746400915e-01,        -4.603926769936e-02,        -6.583897365131e-03,        +5.773639409038e-02,        +1.414213562373e-01,        -5.976990017070e-02,        -5.841920611057e-02,        -6.583897365130e-03,        +5.773639409038e-02,        +1.826583644042e-01,        -4.591889288602e-02
 2.40000000e+02,        +1.414213562373e-01,        +1.181897782141e-01,        -7.671914919348e-03,        -6.071030974382e-02,        -5.740490003178e-02,        -6.065502230638e-02,        -5.743880706195e-02,        +1.414213562373e-01,        -6.071030974382e-02,        -5.740490003178e-02,        +1.813383829899e-01,        -4.627699979129e-02,        -4.813645191005e-03,        +5.802016577999e-02,        +1.414213562373e-01,        -6.065502230638e-02,        -5.743880706195e-02,        -4.813645191005e-03,        +5.802016577999e-02,        +1.814230478448e-01,        -4.615648016832e-02
