        f (GHz),            V_inc[1][1] (V),            Re{V[1][1]} (V),            Im{V[1][1]} (V),            Re{V[2][1]} (V),            Im{V[2][1]} (V),            Re{V[3][1]} (V),            Im{V[3][1]} (V),            V_inc[2][2] (V),            Re{V[1][2]} (V),            Im{V[1][2]} (V),            Re{V[2][2]} (V),            Im{V[2][2]} (V),            Re{V[3][2]} (V),            Im{V[3][2]} (V),            V_inc[3][3] (V),            Re{V[1][3]} (V),            Im{V[1][3]} (V),            Re{V[2][3]} (V),            Im{V[2][3]} (V),            Re{V[3][3]} (V),            Im{V[3][3]} (V)
 8.00000000e+01,        +7.071067811865e+00,        +6.047444430089e+00,        +3.723730821870e-01,        +2.996272304961e+00,        -3.022022710176e+00,        +2.996743770023e+00,        -3.021781876635e+00,        +7.071067811865e+00,        +2.996272304961e+00,        -3.022022710176e+00,        +9.197153260240e+00,        +1.990090867820e+00,        -1.402614512304e-01,        -2.994347914753e+00,        +7.071067811865e+00,        +2.996743770023e+00,        -3.021781876635e+00,        -1.402614512305e-01,        -2.994347914753e+00,        +9.196682386582e+00,        +1.992252757220e+00
 8.16000000e+01,        +7.071067811865e+00,        +6.058607569077e+00,        +3.708462996092e-01,        +2.948322784458e+00,        -3.069145114551e+00,        +2.948800383573e+00,        -3.068906944987e+00,        +7.071067811865e+00,        +2.948322784458e+00,        -3.069145114551e+00,        +9.261375091802e+00,        +1.975251832407e+00,        -2.321241674560e-01,        -2.983466705512e+00,        +7.071067811865e+00,        +2.948800383573e+00,        -3.068906944987e+00,        -2.321241674559e-01,        -2.983466705512e+00,        +9.260898398859e+00,        +1.977478308923e+00
 8.32000000e+01,        +7.071067811865e+00,        +6.069701016733e+00,        +3.689825384758e-01,        +2.899615093503e+00,        -3.115527401936e+00,        +2.900098626428e+00,        -3.115291745521e+00,        +7.071067811865e+00,        +2.899615093503e+00,        -3.115527401936e+00,        +9.324890047426e+00,        +1.958517707085e+00,        -3.233439817310e-01,        -2.969844457312e+00,        +7.071067811865e+00,        +2.900098626428e+00,        -3.115291745521e+00,        -3.233439817309e-01,        -2.969844457312e+00,        +9.324408333177e+00,        +1.960809698986e+00
 8.48000000e+01,        +7.071067811865e+00,        +6.080715457444e+00,        +3.667836534955e-01,        +2.850159476515e+00,        -3.161156374150e+00,        +2.850648760361e+00,        -3.160923051230e+00,        +7.071067811865e+00,        +2.850159476515e+00,        -3.161156374150e+00,        +9.387648051508e+00,        +1.939924648700e+00,        -4.138446471488e-01,        -2.953515245881e+00,        +7.071067811865e+00,        +2.850648760361e+00,        -3.160923051230e+00,        -4.138446471488e-01,        -2.953515245881e+00,        +9.387162165657e+00,        +1.942283064135e+00
 8.64000000e+01,        +7.071067811865e+00,        +6.091641597622e+00,        +3.642517505405e-01,        +2.799966459217e+00,        -3.206018925936e+00,        +2.800461331459e+00,        -3.205787729445e+00,        +7.071067811865e+00,        +2.799966459217e+00,        -3.206018925936e+00,        +9.449600786170e+00,        +1.919509764703e+00,        -5.035515920914e-01,        -2.934514901215e+00,        +7.071067811865e+00,        +2.800461331459e+00,        -3.205787729445e+00,        -5.035515920914e-01,        -2.934514901215e+00,        +9.449111628619e+00,        +1.921935489342e+00
 8.80000000e+01,        +7.071067811865e+00,        +6.102470172781e+00,        +3.613891871423e-01,        +2.749046850015e+00,        -3.250102052347e+00,        +2.749547171335e+00,        -3.249872749420e+00,        +7.071067811865e+00,        +2.749046850015e+00,        -3.250102052347e+00,        +9.510701681456e+00,        +1.897311032045e+00,        -5.923919348047e-01,        -2.912880931463e+00,        +7.071067811865e+00,        +2.749547171335e+00,        -3.249872749420e+00,        -5.923919348047e-01,        -2.912880931463e+00,        +9.510210200756e+00,        +1.899804926837e+00
 8.96000000e+01,        +7.071067811865e+00,        +6.113191954689e+00,        +3.581985729415e-01,        +2.697411741157e+00,        -3.293392856373e+00,        +2.697917398105e+00,        -3.293165190132e+00,        +7.071067811865e+00,        +2.697411741157e+00,        -3.293392856373e+00,        +9.570905902390e+00,        +1.873367219026e+00,        -6.802944951698e-01,        -2.888652448916e+00,        +7.071067811865e+00,        +2.697917398105e+00,        -3.293165190132e+00,        -6.802944951698e-01,        -2.888652448916e+00,        +9.570413094160e+00,        +1.875930118054e+00
 9.12000000e+01,        +7.071067811865e+00,        +6.123797758612e+00,        +3.546827700512e-01,        +2.645072509662e+00,        -3.335878556775e+00,        +2.645583417136e+00,        -3.335652248292e+00,        +7.071067811865e+00,        +2.645072509662e+00,        -3.335878556775e+00,        +9.630170333100e+00,        +1.847717810077e+00,        -7.671898038549e-01,        -2.861870098101e+00,        +7.071067811865e+00,        +2.645583417136e+00,        -3.335652248292e+00,        -7.671898038549e-01,        -2.861870098101e+00,        +9.629677238433e+00,        +1.850350518518e+00
 9.28000000e+01,        +7.071067811865e+00,        +6.134278450656e+00,        +3.508448933034e-01,        +2.592040817980e+00,        -3.377546496126e+00,        +2.592556921532e+00,        -3.377321246536e+00,        +7.071067811865e+00,        +2.592040817980e+00,        -3.377546496126e+00,        +9.688453558249e+00,        +1.820402933522e+00,        -8.530101090273e-01,        -2.832575985996e+00,        +7.071067811865e+00,        +2.592556921532e+00,        -3.377321246536e+00,        -8.530101090273e-01,        -2.832575985996e+00,        +9.687961262081e+00,        +1.823106225702e+00
 9.44000000e+01,        +7.071067811865e+00,        +6.144624955210e+00,        +3.466883103453e-01,        +2.538328614394e+00,        -3.418384149019e+00,        +2.538849892344e+00,        -3.418159641774e+00,        +7.071067811865e+00,        +2.538328614394e+00,        -3.418384149019e+00,        +9.745715841953e+00,        +1.791463292304e+00,        -9.376893807916e-01,        -2.800813614365e+00,        +7.071067811865e+00,        +2.538849892344e+00,        -3.418159641774e+00,        -9.376893807916e-01,        -2.800813614365e+00,        +9.745225471413e+00,        +1.794237909843e+00
 9.60000000e+01,        +7.071067811865e+00,        +6.154828262486e+00,        +3.422166415600e-01,        +2.483948133121e+00,        -3.458379130434e+00,        +2.484474598499e+00,        -3.458155033686e+00,        +7.071067811865e+00,        +2.483948133121e+00,        -3.458379130434e+00,        +9.801919104395e+00,        +1.760940097704e+00,        -1.021163313521e+00,        -2.766627814215e+00,        +7.071067811865e+00,        +2.484474598499e+00,        -3.458155033686e+00,        -1.021163313521e+00,        -2.766627814215e+00,        +9.801431827117e+00,        +1.763786747760e+00
 9.76000000e+01,        +7.071067811865e+00,        +6.164879436160e+00,        +3.374337597879e-01,        +2.428911894126e+00,        -3.497519204243e+00,        +2.429443596425e+00,        -3.497295173340e+00,        +7.071067811865e+00,        +2.428911894126e+00,        -3.497519204243e+00,        +9.857026896313e+00,        +1.728875006058e+00,        -1.103369326238e+00,        -2.730064682392e+00,        +7.071067811865e+00,        +2.429443596425e+00,        -3.497295173340e+00,        -1.103369326238e+00,        -2.730064682392e+00,        +9.856543918734e+00,        +1.731794359654e+00
 9.92000000e+01,        +7.071067811865e+00,        +6.174769621090e+00,        +3.323437898268e-01,        +2.373232702621e+00,        -3.535792291832e+00,        +2.373769729373e+00,        -3.535567971923e+00,        +7.071067811865e+00,        +2.373232702621e+00,        -3.535792291832e+00,        +9.911004371560e+00,        +1.695310058479e+00,        -1.184246561190e+00,        -2.691171520290e+00,        +7.071067811865e+00,        +2.373769729373e+00,        -3.535567971923e+00,        -1.184246561190e+00,        -2.691171520290e+00,        +9.910526937179e+00,        +1.698302748916e+00
 1.00800000e+02,        +7.071067811865e+00,        +6.184490051122e+00,        +3.269511076940e-01,        +2.316923648253e+00,        -3.573186480819e+00,        +2.317466126413e+00,        -3.572961509548e+00,        +7.071067811865e+00,        +2.316923648253e+00,        -3.573186480819e+00,        +9.963818257909e+00,        +1.660287623575e+00,        -1.263735880787e+00,        -2.649996774692e+00,        +7.071067811865e+00,        +2.317466126413e+00,        -3.572961509548e+00,        -1.263735880787e+00,        -2.649996774692e+00,        +9.963347645522e+00,        +1.663354244938e+00
 1.02400000e+02,        +7.071067811865e+00,        +6.194032056956e+00,        +3.212603396340e-01,        +2.259998103960e+00,        -3.609690033862e+00,        +2.260546201120e+00,        -3.609464044150e+00,        +7.071067811865e+00,        +2.259998103960e+00,        -3.609690033862e+00,        +1.001543682627e+01,        +1.623850343181e+00,        -1.341779863018e+00,        -2.606589980724e+00,        +7.071067811865e+00,        +2.260546201120e+00,        -3.609464044150e+00,        -1.341779863018e+00,        -2.606589980724e+00,        +1.001497434818e+01,        +1.626991448924e+00
 1.04000000e+02,        +7.071067811865e+00,        +6.203387074067e+00,        +3.152763608594e-01,        +2.202469724509e+00,        -3.645291397524e+00,        +2.203023649922e+00,        -3.645064020420e+00,        +7.071067811865e+00,        +2.202469724509e+00,        -3.645291397524e+00,        +1.006582985852e+01,        +1.586041081077e+00,        -1.418322795512e+00,        -2.561001706901e+00,        +7.071067811865e+00,        +2.203023649922e+00,        -3.645064020420e+00,        -1.418322795512e+00,        -2.561001706901e+00,        +1.006537685871e+01,        +1.589257182701e+00
 1.05600000e+02,        +7.071067811865e+00,        +6.212546650669e+00,        +3.090042940131e-01,        +2.144352444688e+00,        -3.679979211193e+00,        +2.144912450113e+00,        -3.679750078794e+00,        +7.071067811865e+00,        +2.144352444688e+00,        -3.679979211193e+00,        +1.011496861405e+01,        +1.546902874710e+00,        -1.493310668354e+00,        -2.513283502268e+00,        +7.071067811865e+00,        +2.144912450113e+00,        -3.679750078794e+00,        -1.493310668354e+00,        -2.513283502268e+00,        +1.011452646636e+01,        +1.550194440514e+00
 1.07200000e+02,        +7.071067811865e+00,        +6.221502455705e+00,        +3.024495073436e-01,        +2.085660477167e+00,        -3.713742316032e+00,        +2.086226857533e+00,        -3.713511064454e+00,        +7.071067811865e+00,        +2.085660477167e+00,        -3.713742316032e+00,        +1.016282579531e+01,        +1.506478889864e+00,        -1.566691165808e+00,        -2.463487845597e+00,        +7.071067811865e+00,        +2.086226857533e+00,        -3.713511064454e+00,        -1.566691165808e+00,        -2.463487845597e+00,        +1.016239590153e+01,        +1.509846343796e+00
 1.08800000e+02,        +7.071067811865e+00,        +6.230246286849e+00,        +2.956176125853e-01,        +2.026408310010e+00,        -3.746569763941e+00,        +2.026981403899e+00,        -3.746336036340e+00,        +7.071067811865e+00,        +2.026408310010e+00,        -3.746569763941e+00,        +1.020937551234e+01,        +1.464812378304e+00,        -1.638413657058e+00,        -2.411668096630e+00,        +7.071067811865e+00,        +2.026981403899e+00,        -3.746336036340e+00,        -1.638413657058e+00,        -2.411668096630e+00,        +1.020895930037e+01,        +1.468256098882e+00
 1.10400000e+02,        +7.071067811865e+00,        +6.238770078506e+00,        +2.885144625390e-01,        +1.966610703851e+00,        -3.778450826521e+00,        +1.967190893804e+00,        -3.778214276154e+00,        +7.071067811865e+00,        +1.966610703851e+00,        -3.778450826521e+00,        +1.025459324661e+01,        +1.421946638333e+00,        -1.708429186092e+00,        -2.357878449332e+00,        +7.071067811865e+00,        +1.967190893804e+00,        -3.778214276154e+00,        -1.708429186092e+00,        -2.357878449332e+00,        +1.025419216851e+01,        +1.425466957664e+00
 1.12000000e+02,        +7.071067811865e+00,        +6.247065909792e+00,        +2.811461483478e-01,        +1.906282688712e+00,        -3.809375004024e+00,        +1.906870401352e+00,        -3.809135297336e+00,        +7.071067811865e+00,        +1.906282688712e+00,        -3.809375004024e+00,        +1.029845581424e+01,        +1.377924978255e+00,        -1.776690460851e+00,        -2.302173887122e+00,        +7.071067811865e+00,        +1.906870401352e+00,        -3.809135297336e+00,        -1.776690460851e+00,        -2.302173887122e+00,        +1.029807134433e+01,        +1.381522181132e+00
 1.13600000e+02,        +7.071067811865e+00,        +6.255126012494e+00,        +2.735189964648e-01,        +1.845439560483e+00,        -3.839332034267e+00,        +1.846035266465e+00,        -3.839088854009e+00,        +7.071067811865e+00,        +1.845439560483e+00,        -3.839332034267e+00,        +1.034094132874e+01,        +1.332790682698e+00,        -1.843151841745e+00,        -2.244610140053e+00,        +7.071067811865e+00,        +1.846035266465e+00,        -3.839088854009e+00,        -1.843151841745e+00,        -2.244610140053e+00,        +1.034057496161e+01,        +1.336465005789e+00
 1.15200000e+02,        +7.071067811865e+00,        +6.262942778964e+00,        +2.656395653127e-01,        +1.784096877049e+00,        -3.868311901496e+00,        +1.784701090831e+00,        -3.868064949855e+00,        +7.071067811865e+00,        +1.784096877049e+00,        -3.868311901496e+00,        +1.038202916341e+01,        +1.286586981768e+00,        -1.907769329651e+00,        -2.185243643902e+00,        +7.071067811865e+00,        +1.784701090831e+00,        -3.868064949855e+00,        -1.907769329651e+00,        -2.185243643902e+00,        +1.038168241200e+01,        +1.290338612891e+00
 1.16800000e+02,        +7.071067811865e+00,        +6.270508769969e+00,        +2.575146416334e-01,        +1.722270454072e+00,        -3.896304845196e+00,        +1.722883733506e+00,        -3.896053846936e+00,        +7.071067811865e+00,        +1.722270454072e+00,        -3.896304845196e+00,        +1.042169991358e+01,        +1.239357022991e+00,        -1.970500553494e+00,        -2.124131501126e+00,        +7.071067811865e+00,        +1.722883733506e+00,        -3.896053846936e+00,        -1.970500553494e+00,        -2.124131501126e+00,        +1.042137430721e+01,        +1.243186100473e+00
 1.18400000e+02,        +7.071067811865e+00,        +6.277816722455e+00,        +2.491512365274e-01,        +1.659976360425e+00,        -3.923301368809e+00,        +1.660599306172e+00,        -3.923046074417e+00,        +7.071067811865e+00,        +1.659976360425e+00,        -3.923301368809e+00,        +1.045993535885e+01,        +1.191143845992e+00,        -2.031304757506e+00,        -2.061331443649e+00,        +7.071067811865e+00,        +1.660599306172e+00,        -3.923046074417e+00,        -2.031304757506e+00,        -2.061331443649e+00,        +1.045963244120e+01,        +1.195050458123e+00
 1.20000000e+02,        +7.071067811865e+00,        +6.284859557224e+00,        +2.405565811868e-01,        +1.597230913276e+00,        -3.949292248367e+00,        +1.597864168050e+00,        -3.949032437199e+00,        +7.071067811865e+00,        +1.597230913276e+00,        -3.949292248367e+00,        +1.049671842526e+01,        +1.141990359877e+00,        -2.090142788251e+00,        -1.996901797427e+00,        +7.071067811865e+00,        +1.597864168050e+00,        -3.949032437199e+00,        -2.090142788251e+00,        -1.996901797427e+00,        +1.049643975245e+01,        +1.145974544449e+00
 1.21600000e+02,        +7.071067811865e+00,        +6.291630386504e+00,        +2.317381223209e-01,        +1.534050672839e+00,        -3.974268541014e+00,        +1.534694920472e+00,        -3.974004024424e+00,        +7.071067811865e+00,        +1.534050672839e+00,        -3.974268541014e+00,        +1.053203314787e+01,        +1.091939323247e+00,        -2.146977081518e+00,        -1.930901448754e+00,        +7.071067811865e+00,        +1.534694920472e+00,        -3.974004024424e+00,        -2.146977081518e+00,        -1.930901448754e+00,        +1.053178028643e+01,        +1.096001067183e+00
 1.23200000e+02,        +7.071067811865e+00,        +6.298122521401e+00,        +2.227035172806e-01,        +1.470452436777e+00,        -3.998221593401e+00,        +1.471108401107e+00,        -3.997952217863e+00,        +7.071067811865e+00,        +1.470452436777e+00,        -3.998221593401e+00,        +1.056586463347e+01,        +1.041033326812e+00,        -2.201771649155e+00,        -1.863389812267e+00,        +7.071067811865e+00,        +1.471108401107e+00,        -3.997952217863e+00,        -2.201771649155e+00,        -1.863389812267e+00,        +1.056563915838e+01,        +1.045172565886e+00
 1.24800000e+02,        +7.071067811865e+00,        +6.304329479221e+00,        +2.134606288824e-01,        +1.406453234272e+00,        -4.021143049942e+00,        +1.407121677857e+00,        -4.020868700148e+00,        +7.071067811865e+00,        +1.406453234272e+00,        -4.021143049942e+00,        +1.059819902386e+01,        +9.893147785389e-01,        -2.254492065925e+00,        -1.794426800586e+00,        +7.071067811865e+00,        +1.407121677857e+00,        -4.020868700148e+00,        -2.254492065925e+00,        -1.794426800586e+00,        +1.059800251660e+01,        +9.935313971848e-01
 1.26400000e+02,        +7.071067811865e+00,        +6.310244990638e+00,        +2.040175199393e-01,        +1.342070319762e+00,        -4.043024860914e+00,        +1.342752042419e+00,        -4.042745462848e+00,        +7.071067811865e+00,        +1.342070319762e+00,        -4.043024860914e+00,        +1.062902345964e+01,        +9.368258912767e-01,        -2.305105456456e+00,        -1.724072795563e+00,        +7.071067811865e+00,        +1.342752042419e+00,        -4.042745462848e+00,        -2.305105456456e+00,        -1.724072795563e+00,        +1.062885750620e+01,        +9.411197224844e-01
 1.28000000e+02,        +7.071067811865e+00,        +6.315863006713e+00,        +1.943824475012e-01,        +1.277321166348e+00,        -4.063859290395e+00,        +1.278017003516e+00,        -4.063574814371e+00,        +7.071067811865e+00,        +1.277321166348e+00,        -4.063859290395e+00,        +1.065832604464e+01,        +8.836086728026e-01,        -2.353580482375e+00,        -1.652388621083e+00,        +7.071067811865e+00,        +1.278017003516e+00,        -4.063574814371e+00,        -2.353580482375e+00,        -1.652388621084e+00,        +1.065819223361e+01,        +8.879794981070e-01
 1.29600000e+02,        +7.071067811865e+00,        +6.321177705733e+00,        +1.845638568122e-01,        +1.212223458886e+00,        -4.083638924008e+00,        +1.212934279813e+00,        -4.083349387677e+00,        +7.071067811865e+00,        +1.212223458886e+00,        -4.083638924008e+00,        +1.068609581118e+01,        +8.297049182342e-01,        -2.399887329667e+00,        -1.579435517380e+00,        +7.071067811865e+00,        +1.212934279813e+00,        -4.083349387677e+00,        -2.399887329667e+00,        -1.579435517380e+00,        +1.068599573183e+01,        +8.341524677890e-01
 1.31200000e+02,        +7.071067811865e+00,        +6.326183499865e+00,        +1.745703749910e-01,        +1.146795086757e+00,        -4.102356676473e+00,        +1.147521792508e+00,        -4.102062147782e+00,        +7.071067811865e+00,        +1.146795086757e+00,        -4.102356676473e+00,        +1.071232268613e+01,        +7.751562047421e-01,        -2.443997696345e+00,        -1.505275116809e+00,        +7.071067811865e+00,        +1.147521792508e+00,        -4.102062147782e+00,        -2.443997696345e+00,        -1.505275116809e+00,        +1.071225792653e+01,        +7.796801574820e-01
 1.32800000e+02,        +7.071067811865e+00,        +6.330875041620e+00,        +1.644108044404e-01,        +1.081054136336e+00,        -4.120005798949e+00,        +1.081797657622e+00,        -4.119706399051e+00,        +7.071067811865e+00,        +1.081054136336e+00,        -4.120005798949e+00,        +1.073699745797e+01,        +7.200038885087e-01,        -2.485884780494e+00,        -1.429969421056e+00,        +7.071067811865e+00,        +1.081797657622e+00,        -4.119706399051e+00,        -2.485884780494e+00,        -1.429969421056e+00,        +1.073696960315e+01,        +7.246038723957e-01
 1.34400000e+02,        +7.071067811865e+00,        +6.335247230102e+00,        +1.540941159942e-01,        +1.015018883148e+00,        -4.136579886142e+00,        +1.015780177979e+00,        -4.136275792255e+00,        +7.071067811865e+00,        +1.015018883148e+00,        -4.136579886142e+00,        +1.076011174496e+01,        +6.642891038749e-01,        -2.525523268737e+00,        -1.353580779730e+00,        +7.071067811865e+00,        +1.015780177979e+00,        -4.136275792255e+00,        -2.525523268737e+00,        -1.353580779730e+00,        +1.076012237509e+01,        +6.689646962281e-01
 1.36000000e+02,        +7.071067811865e+00,        +6.339295217037e+00,        +1.436294418097e-01,        +9.487077837476e-01,        -4.152072883181e+00,        +9.494878349002e-01,        -4.151764331389e+00,        +7.071067811865e+00,        +9.487077837476e-01,        -4.152072883181e+00,        +1.078165796439e+01,        +6.080527646135e-01,        -2.562889325198e+00,        -1.276171870299e+00,        +7.071067811865e+00,        +9.494878349002e-01,        -4.151764331389e+00,        -2.562889325198e+00,        -1.276171870299e+00,        +1.078170865301e+01,        +6.128034925189e-01
 1.37600000e+02,        +7.071067811865e+00,        +6.343014412573e+00,        +1.330260680133e-01,        +8.821394673010e-01,        -4.166479092239e+00,        +8.829392796078e-01,        -4.166166380220e+00,        +7.071067811865e+00,        +8.821394673010e-01,        -4.166479092239e+00,        +1.080162930315e+01,        +5.513355672802e-01,        -2.597960581013e+00,        -1.197805679356e+00,        +7.071067811865e+00,        +8.829392796078e-01,        -4.166166380220e+00,        -2.597960581013e+00,        -1.197805679356e+00,        +1.080172161548e+01,        +5.561609080776e-01
 1.39200000e+02,        +7.071067811865e+00,        +6.346400490834e+00,        +1.222934271092e-01,        +8.153327269046e-01,        -4.179793178889e+00,        +8.161533243516e-01,        -4.179476668580e+00,        +7.071067811865e+00,        +8.153327269046e-01,        -4.179793178889e+00,        +1.082001968963e+01,        +4.941779965789e-01,        -2.630716124462e+00,        -1.118545485161e+00,        +7.071067811865e+00,        +8.161533243516e-01,        -4.179476668580e+00,        -2.630716124462e+00,        -1.118545485161e+00,        +1.082015518093e+01,        +4.990773784216e-01
 1.40800000e+02,        +7.071067811865e+00,        +6.349449395228e+00,        +1.114410901602e-01,        +7.483065106341e-01,        -4.192010178178e+00,        +7.491489332728e-01,        -4.191690298355e+00,        +7.071067811865e+00,        +7.483065106341e-01,        -4.192010178178e+00,        +1.083682376705e+01,        +4.366203326984e-01,        -2.661136491763e+00,        -1.038454841446e+00,        +7.071067811865e+00,        +7.491489332728e-01,        -4.191690298355e+00,        -2.661136491763e+00,        -1.038454841446e+00,        +1.083700398102e+01,        +4.415931351817e-01
 1.42400000e+02,        +7.071067811865e+00,        +6.352157343487e+00,        +1.004787587502e-01,        +6.810799123440e-01,        -4.203125500419e+00,        +6.819452130102e-01,        -4.202802749201e+00,        +7.071067811865e+00,        +6.810799123440e-01,        -4.203125500419e+00,        +1.085203686838e+01,        +3.787026605655e-01,        -2.689203658625e+00,        -9.575975624625e-01,        +7.071067811865e+00,        +6.819452130102e-01,        -4.202802749201e+00,        -2.689203658625e+00,        -9.575975624626e-01,        +1.085226333566e+01,        +3.837482154181e-01
 1.44000000e+02,        +7.071067811865e+00,        +6.354520832433e+00,        +8.941625673985e-02,        +6.136721622260e-01,        -4.213134936676e+00,        +6.145614030620e-01,        -4.212809883928e+00,        +7.071067811865e+00,        +6.136721622260e-01,        -4.213134936676e+00,        +1.086565499288e+01,        +3.204648809702e-01,        -2.714901032593e+00,        -8.760377092489e-01,        +7.071067811865e+00,        +6.145614030620e-01,        -4.212809883928e+00,        -2.714901032593e+00,        -8.760377092489e-01,        +1.086592922960e+01,        +3.255824728023e-01
 1.45600000e+02,        +7.071067811865e+00,        +6.356536642472e+00,        +7.826352182461e-02,        +5.461026171385e-01,        -4.222034663937e+00,        +5.470168659139e-01,        -4.221707953584e+00,        +7.071067811865e+00,        +5.461026171385e-01,        -4.222034663937e+00,        +1.087767478432e+01,        +2.619467235201e-01,        -2.738213446293e+00,        -7.938395771082e-01,        +7.071067811865e+00,        +5.470168659139e-01,        -4.221707953584e+00,        -2.738213446293e+00,        -7.938395771082e-01,        +1.087799829080e+01,        +2.671355906208e-01
 1.47200000e+02,        +7.071067811865e+00,        +6.358201841789e+00,        +6.703059690716e-02,        +4.783907507211e-01,        -4.229821249968e+00,        +4.793310769471e-01,        -4.229493602197e+00,        +7.071067811865e+00,        +4.783907507211e-01,        -4.229821249968e+00,        +1.088809351122e+01,        +2.031877613839e-01,        -2.759127151640e+00,        -7.110676842877e-01,        +7.071067811865e+00,        +4.793310769471e-01,        -4.229493602197e+00,        -2.759127151640e+00,        -7.110676842877e-01,        +1.088846777066e+01,        +2.084470965599e-01
 1.48800000e+02,        +7.071067811865e+00,        +6.359513790251e+00,        +5.572762129572e-02,        +4.105561433074e-01,        -4.236491657831e+00,        +4.115236141367e-01,        -4.236163871180e+00,        +7.071067811865e+00,        +4.105561433074e-01,        -4.236491657831e+00,        +1.089690904889e+01,        +1.442274277893e-01,        -2.777629815106e+00,        -6.277867618594e-01,        +7.071067811865e+00,        +4.115236141367e-01,        -4.236163871180e+00,        -2.777629815106e+00,        -6.277867618594e-01,        +1.089733552627e+01,        +1.495563792348e-01
 1.50400000e+02,        +7.071067811865e+00,        +6.360470143005e+00,        +4.436482173968e-02,        +3.426184716489e-01,        -4.242043250063e+00,        +3.436141475558e-01,        -4.241716203389e+00,        +7.071067811865e+00,        +3.426184716489e-01,        -4.242043250063e+00,        +1.090411986369e+01,        +8.510503424266e-02,        -2.793710514159e+00,        -5.440617448044e-01,        +7.071067811865e+00,        +3.436141475558e-01,        -4.241716203389e+00,        -2.793710514159e+00,        -5.440617448044e-01,        +1.090460000470e+01,        +9.050270643044e-02
 1.52000000e+02,        +7.071067811865e+00,        +6.361068853760e+00,        +3.295250331488e-02,        +2.745974984667e-01,        -4.246473792508e+00,        +2.756224286973e-01,        -4.246148446811e+00,        +7.071067811865e+00,        +2.745974984667e-01,        -4.246473792508e+00,        +1.090972499953e+01,        +2.585979044038e-02,        -2.807359734980e+00,        -4.599577643054e-01,        +7.071067811865e+00,        +2.756224286973e-01,        -4.246148446811e+00,        -2.807359734980e+00,        -4.599577643055e-01,        +1.091026022962e+01,        +3.132524502079e-02
 1.53600000e+02,        +7.071067811865e+00,        +6.361308177753e+00,        +2.150104017097e-02,        +2.065130618438e-01,        -4.249781457782e+00,        +2.075682796277e-01,        -4.249458857892e+00,        +7.071067811865e+00,        +2.065130618438e-01,        -4.249781457782e+00,        +1.091372406673e+01,        -3.346917414721e-02,        -2.818569371610e+00,        -3.755401412683e-01,        +7.071067811865e+00,        +2.075682796277e-01,        -4.249458857892e+00,        -2.818569371610e+00,        -3.755401412683e-01,        +1.091431579030e+01,        -2.793691745256e-02
 1.55200000e+02,        +7.071067811865e+00,        +6.361186674390e+00,        +1.002086615348e-02,        +1.383850644761e-01,        -4.251964828390e+00,        +1.394715819873e-01,        -4.251646104488e+00,        +7.071067811865e+00,        +1.383850644761e-01,        -4.251964828390e+00,        +1.091611723352e+01,        -9.284278704979e-02,        -2.827332726679e+00,        -2.908743810778e-01,        +7.071067811865e+00,        +1.394715819873e-01,        -4.251646104488e+00,        -2.827332726679e+00,        -2.908743810778e-01,        +1.091676683321e+01,        -8.724474957588e-02
 1.56800000e+02,        +7.071067811865e+00,        +6.360703209557e+00,        -1.477534686444e-03,        +7.023346279527e-02,        -4.253022899459e+00,        +7.135226585170e-02,        -4.252709268422e+00,        +7.071067811865e+00,        +7.023346279527e-02,        -4.253022899459e+00,        +1.091690522033e+01,        -1.522220079491e-01,        -2.833644513909e+00,        -2.060261696096e-01,        +7.071067811865e+00,        +7.135226585170e-02,        -4.252709268422e+00,        -2.833644513909e+00,        -2.060261696096e-01,        +1.091761405645e+01,        -1.465592512539e-01
 1.58400000e+02,        +7.071067811865e+00,        +6.359856957589e+00,        -1.298363768127e-02,        +2.078255982487e-03,        -4.252955081104e+00,        +3.230298468042e-03,        -4.252647847660e+00,        +7.071067811865e+00,        +2.078255982477e-03,        -4.252955081104e+00,        +1.091608929714e+01,        -2.115678022251e-01,        -2.837500862609e+00,        -1.210613705219e-01,        +7.071067811865e+00,        +3.230298468052e-03,        -4.252647847660e+00,        -2.837500862609e+00,        -1.210613705219e-01,        +1.091685870717e+01,        -2.058414273150e-01
 1.60000000e+02,        +7.071067811865e+00,        +6.358647402912e+00,        -2.448688722194e-02,        -6.606052511213e-02,        -4.251761200419e+00,        -6.487432711736e-02,        -4.251461758081e+00,        +7.071067811865e+00,        -6.606052511213e-02,        -4.251761200419e+00,        +1.091367128408e+01,        -2.708411129336e-01,        -2.838899324430e+00,        -3.604602383154e-02,        +7.071067811865e+00,        -6.487432711735e-02,        -4.251461758081e+00,        -2.838899324430e+00,        -3.604602383154e-02,        +1.091450258239e+01,        -2.650522595696e-01
 1.61600000e+02,        +7.071067811865e+00,        +6.357074341323e+00,        -3.597670650451e-02,        -1.341628291269e-01,        -4.249441503078e+00,        -1.329416035263e-01,        -4.249151334842e+00,        +7.071067811865e+00,        -1.341628291269e-01,        -4.249441503078e+00,        +1.090965355574e+01,        -3.300028312441e-01,        -2.837838882683e+00,        +4.895365421209e-02,        +7.071067811865e+00,        -1.329416035263e-01,        -4.249151334842e+00,        -2.837838882683e+00,        +4.895365421211e-02,        +1.091054803336e+01,        -3.241526773529e-01
 1.63200000e+02,        +7.071067811865e+00,        +6.355137880938e+00,        -4.744250733447e-02,        -2.022085954058e-01,        -4.245996654568e+00,        -2.009515205953e-01,        -4.245717333338e+00,        +7.071067811865e+00,        -2.022085954058e-01,        -4.245996654568e+00,        +1.090403904949e+01,        -3.890137653865e-01,        -2.834319964573e+00,        +1.338712699600e-01,        +7.071067811865e+00,        -2.009515205953e-01,        -4.245717333338e+00,        -2.834319964573e+00,        +1.338712699600e-01,        +1.090499797400e+01,        -3.831035266048e-01
 1.64800000e+02,        +7.071067811865e+00,        +6.352838442777e+00,        -5.887369997425e-02,        -2.701777652592e-01,        -4.241427741026e+00,        -2.688840769868e-01,        -4.241160929739e+00,        +7.071067811865e+00,        -2.701777652592e-01,        -4.241427741026e+00,        +1.089683127819e+01,        -4.478346081837e-01,        -2.828344456810e+00,        +2.186402499360e-01,        +7.071067811865e+00,        -2.688840769868e-01,        -4.241160929739e+00,        -2.828344456810e+00,        +2.186402499360e-01,        +1.089785589374e+01,        -4.418655375646e-01
 1.66400000e+02,        +7.071067811865e+00,        +6.350176760998e+00,        -7.025970301888e-02,        -3.380502932514e-01,        -4.235736269705e+00,        -3.367192918492e-01,        -4.235483721108e+00,        +7.071067811865e+00,        -3.380502932514e-01,        -4.235736269705e+00,        +1.088803434793e+01,        -5.064259032654e-01,        -2.819915725066e+00,        +3.031938371998e-01,        +7.071067811865e+00,        -3.367192918491e-01,        -4.235483721108e+00,        -2.819915725066e+00,        +3.031938371999e-01,        +1.088912587537e+01,        -5.003992911797e-01
 1.68000000e+02,        +7.071067811865e+00,        +6.347153882777e+00,        -8.158995328422e-02,        -4.058061584982e-01,        -4.228924169060e+00,        -4.044372165120e-01,        -4.228687725088e+00,        +7.071067811865e+00,        -4.058061584982e-01,        -4.228924169060e+00,        +1.087765298134e+01,        -5.647480101239e-01,        -2.809038637913e+00,        +3.874650866161e-01,        +7.071067811865e+00,        -4.044372165120e-01,        -4.228687725088e+00,        -2.809038637913e+00,        +3.874650866160e-01,        +1.087881261840e+01,        -5.586651843923e-01
 1.69600000e+02,        +7.071067811865e+00,        +6.343771167824e+00,        -9.285391569135e-02,        -4.734253759603e-01,        -4.220993788455e+00,        -4.720179462007e-01,        -4.220775379157e+00,        +7.071067811865e+00,        -4.734253759603e-01,        -4.220993788455e+00,        +1.086569254714e+01,        -6.227610682222e-01,        -2.795719595913e+00,        +4.713868591935e-01,        +7.071067811865e+00,        -4.720179462007e-01,        -4.220775379157e+00,        -2.795719595913e+00,        +4.713868591935e-01,        +1.086692146867e+01,        -6.166233945148e-01
 1.71200000e+02,        +7.071067811865e+00,        +6.340030287548e+00,        -1.040410931300e-01,        -5.408880077160e-01,        -4.211947897502e+00,        -5.394416317544e-01,        -4.211749539437e+00,        +7.071067811865e+00,        -5.408880077159e-01,        -4.211947897502e+00,        +1.085215909682e+01,        -6.804249604694e-01,        -2.779966566705e+00,        +5.548918157670e-01,        +7.071067811865e+00,        -5.394416317544e-01,        -4.211749539437e+00,        -2.779966566706e+00,        +5.548918157670e-01,        +1.085345845506e+01,        -6.742338430132e-01
 1.72800000e+02,        +7.071067811865e+00,        +6.335933223857e+00,        -1.151410362827e-01,        -6.081741741999e-01,        -4.201789685038e+00,        -6.066884913328e-01,        -4.201613479057e+00,        +7.071067811865e+00,        -6.081741741999e-01,        -4.201789685038e+00,        +1.083705940936e+01,        -7.376992764968e-01,        -2.761789127039e+00,        +6.379124104101e-01,        +7.071067811865e+00,        -6.066884913328e-01,        -4.201613479058e+00,        -2.761789127039e+00,        +6.379124104101e-01,        +1.083843033420e+01,        -7.314561591321e-01
 1.74400000e+02,        +7.071067811865e+00,        +6.331482267611e+00,        -1.261433533918e-01,        -6.752640653939e-01,        -4.190522757732e+00,        -6.737388220919e-01,        -4.190370886050e+00,        +7.071067811865e+00,        -6.752640653939e-01,        -4.190522757732e+00,        +1.082040104508e+01,        -7.945432763458e-01,        -2.741198512851e+00,        +7.203808841489e-01,        +7.071067811865e+00,        -6.737388220919e-01,        -4.190370886050e+00,        -2.741198512852e+00,        +7.203808841489e-01,        +1.082184464430e+01,        -7.882496439726e-01
 1.76000000e+02,        +7.071067811865e+00,        +6.326680016725e+00,        -1.370377199493e-01,        -7.421379519553e-01,        -4.178151138349e+00,        -7.405730118097e-01,        -4.178025860773e+00,        +7.071067811865e+00,        -7.421379519553e-01,        -4.178151138349e+00,        +1.080219240999e+01,        -8.509158553920e-01,        -2.718207678670e+00,        +8.022292597663e-01,        +7.071067811865e+00,        -7.405730118096e-01,        -4.178025860773e+00,        -2.718207678670e+00,        +8.022292597663e-01,        +1.080370976924e+01,        -8.445732358509e-01
 1.77600000e+02,        +7.071067811865e+00,        +6.321529373935e+00,        -1.478138882942e-01,        -8.087761962698e-01,        -4.164679263659e+00,        -8.071715504356e-01,        -4.164582912846e+00,        +7.071067811865e+00,        -8.087761962698e-01,        -4.164679263659e+00,        +1.078244283182e+01,        -9.067755116447e-01,        -2.692831367745e+00,        +8.833893387983e-01,        +7.071067811865e+00,        -8.071715504356e-01,        -4.164582912846e+00,        -2.692831367745e+00,        +8.833893387983e-01,        +1.078403501458e+01,        -9.003854780715e-01
 1.79200000e+02,        +7.071067811865e+00,        +6.316033544240e+00,        -1.584616971002e-01,        -8.751592634124e-01,        -4.150111982017e+00,        -8.735150415353e-01,        -4.150046957585e+00,        +7.071067811865e+00,        -8.751592634124e-01,        -4.150111982017e+00,        +1.076116264957e+01,        -9.620803169332e-01,        -2.665086194526e+00,        +9.637927022086e-01,        +7.071067811865e+00,        -8.735150415353e-01,        -4.150046957585e+00,        -2.665086194526e+00,        +9.637927022087e-01,        +1.076283069676e+01,        -9.556444906321e-01
 1.80800000e+02,        +7.071067811865e+00,        +6.310196032036e+00,        -1.689710807446e-01,        -9.412677320017e-01,        -4.134454550610e+00,        -9.395842135937e-01,        -4.134423311921e+00,        +7.071067811865e+00,        -9.412677320017e-01,        -4.134454550610e+00,        +1.073836331821e+01,        -1.016787894024e+00,        -2.634990741167e+00,        +1.043370716758e+00,        +7.071067811865e+00,        -9.395842135937e-01,        -4.134423311921e+00,        -2.634990741167e+00,        +1.043370716758e+00,        +1.074010824738e+01,        -1.010307947898e+00
 1.82400000e+02,        +7.071067811865e+00,        +6.304020637956e+00,        -1.793320785546e-01,        -1.007082304931e+00,        -4.117712632408e+00,        -1.005359931133e+00,        -4.117717689792e+00,        +7.071067811865e+00,        -1.007082304931e+00,        -4.117712632408e+00,        +1.071405753019e+01,        -1.070855402330e+00,        -2.602565669900e+00,        +1.122054549704e+00,        +7.071067811865e+00,        -1.005359931133e+00,        -4.117717689792e+00,        -2.602565669900e+00,        +1.122054549704e+00,        +1.071588033431e+01,        -1.064333064916e+00
 1.84000000e+02,        +7.071067811865e+00,        +6.297511455435e+00,        -1.895348439321e-01,        -1.072583819962e+00,        -4.099892292826e+00,        -1.070823205599e+00,        -4.099936197016e+00,        +7.071067811865e+00,        -1.072583819962e+00,        -4.099892292826e+00,        +1.068825935591e+01,        -1.124239535744e+00,        -2.567833853063e+00,        +1.199775195326e+00,        +7.071067811865e+00,        -1.070823205599e+00,        -4.099936197016e+00,        -2.567833853063e+00,        +1.199775195326e+00,        +1.069016100145e+01,        -1.117676595877e+00
 1.85600000e+02,        +7.071067811865e+00,        +6.290672866996e+00,        -1.995696533661e-01,        -1.137753260177e+00,        -4.080999996152e+00,        -1.135955205963e+00,        -4.081085325634e+00,        +7.071067811865e+00,        -1.137753260177e+00,        -4.080999996152e+00,        +1.066098440454e+01,        -1.176896537103e+00,        -2.530820522447e+00,        +1.276463517741e+00,        +7.071067811865e+00,        -1.135955205963e+00,        -4.081085325634e+00,        -2.530820522447e+00,        +1.276463517741e+00,        +1.066296582873e+01,        -1.170294849259e+00
 1.87200000e+02,        +7.071067811865e+00,        +6.283509540265e+00,        -2.094269153403e-01,        -1.202571764300e+00,        -4.061042601776e+00,        -1.200737268987e+00,        -4.061171947742e+00,        +7.071067811865e+00,        -1.202571764300e+00,        -4.061042601776e+00,        +1.063225000667e+01,        -1.228782235116e+00,        -2.491553439280e+00,        +1.352050315783e+00,        +7.071067811865e+00,        -1.200737268987e+00,        -4.061171947742e+00,        -2.491553439280e+00,        +1.352050315783e+00,        +1.063431211378e+01,        -1.222143725439e+00
 1.88800000e+02,        +7.071067811865e+00,        +6.276026423697e+00,        -2.190971791420e-01,        -1.267020636902e+00,        -4.040027360269e+00,        -1.265150909105e+00,        -4.040203308830e+00,        +7.071067811865e+00,        -1.267020636902e+00,        -4.040027360269e+00,        +1.060207541951e+01,        -1.279852111042e+00,        -2.450063085442e+00,        +1.426466417122e+00,        +7.071067811865e+00,        -1.265150909105e+00,        -4.040203308830e+00,        -2.450063085442e+00,        +1.426466417122e+00,        +1.060421907566e+01,        -1.273178784043e+00
 1.90400000e+02,        +7.071067811865e+00,        +6.268228741985e+00,        -2.285711435643e-01,        -1.331081358565e+00,        -4.017961909365e+00,        -1.329177827860e+00,        -4.018187020635e+00,        +7.071067811865e+00,        -1.331081358565e+00,        -4.017961909365e+00,        +1.057048205387e+01,        -1.330061404179e+00,        -2.406382875361e+00,        +1.499642810592e+00,        +7.071067811865e+00,        -1.329177827860e+00,        -4.018187020635e+00,        -2.406382875361e+00,        +1.499642810592e+00,        +1.057270808027e+01,        -1.323355350026e+00
 1.92000000e+02,        +7.071067811865e+00,        +6.260121991143e+00,        -2.378396654837e-01,        -1.394735596070e+00,        -3.994854269867e+00,        -1.392799922845e+00,        -3.995131053520e+00,        +7.071067811865e+00,        -1.394735596070e+00,        -3.994854269867e+00,        +1.053749372075e+01,        -1.379365267117e+00,        -2.360549386197e+00,        +1.571510827548e+00,        +7.071067811865e+00,        -1.392799922845e+00,        -3.995131053520e+00,        -2.360549386197e+00,        +1.571510827548e+00,        +1.053980288472e+01,        -1.372628669371e+00
 1.93600000e+02,        +7.071067811865e+00,        +6.251711933244e+00,        -2.468937682765e-01,        -1.457965212709e+00,        -3.970712841498e+00,        -1.455999296070e+00,        -3.971043728411e+00,        +7.071067811865e+00,        -1.457965212709e+00,        -3.970712841498e+00,        +1.050313689217e+01,        -1.427718983693e+00,        -2.312602601132e+00,        +1.642002385065e+00,        +7.071067811865e+00,        -1.455999296070e+00,        -3.971043728411e+00,        -2.312602601132e+00,        +1.642002385065e+00,        +1.050552989566e+01,        -1.420954127201e+00
 1.95200000e+02,        +7.071067811865e+00,        +6.243004590803e+00,        -2.557246500351e-01,        -1.520752278865e+00,        -3.945546398648e+00,        -1.518758261654e+00,        -3.945933708287e+00,        +7.071067811865e+00,        -1.520752278865e+00,        -3.945546398648e+00,        +1.046744096719e+01,        -1.475078264380e+00,        -2.262586156676e+00,        +1.711050305564e+00,        +7.071067811865e+00,        -1.518758261654e+00,        -3.945933708287e+00,        -2.262586156676e+00,        +1.711050305564e+00,        +1.046991843215e+01,        -1.468287542873e+00
 1.96800000e+02,        +7.071067811865e+00,        +6.234006240836e+00,        -2.643236915422e-01,        -1.583079082967e+00,        -3.919364085969e+00,        -1.581059352721e+00,        -3.919809989296e+00,        +7.071067811865e+00,        -1.583079082967e+00,        -3.919364085969e+00,        +1.043043852838e+01,        -1.521399635014e+00,        -2.210547579435e+00,        +1.778588728687e+00,        +7.071067811865e+00,        -1.581059352721e+00,        -3.919809989297e+00,        -2.210547579435e+00,        +1.778588728687e+00,        +1.043300097859e+01,        -1.514585557777e+00
 1.98400000e+02,        +7.071067811865e+00,        +6.224723408613e+00,        -2.726824639687e-01,        -1.644928142972e+00,        -3.892175413685e+00,        -1.642885327338e+00,        -3.892681891577e+00,        +7.071067811865e+00,        -1.644928142972e+00,        -3.892175413685e+00,        +1.039216556706e+01,        -1.566640934856e+00,        -2.156538490630e+00,        +1.844553631262e+00,        +7.071067811865e+00,        -1.642885327338e+00,        -3.892681891577e+00,        -2.156538490630e+00,        +1.844553631262e+00,        +1.039481340586e+01,        -1.559806131587e+00
 2.00000000e+02,        +7.071067811865e+00,        +6.215162861142e+00,        -2.807927362767e-01,        -1.706282218493e+00,        -3.863990252437e+00,        -1.704219173338e+00,        -3.864559049945e+00,        +7.071067811865e+00,        -1.706282218493e+00,        -3.863990252437e+00,        +1.035266164637e+01,        -1.610761937905e+00,        -2.100614747697e+00,        +1.908883469165e+00,        +7.071067811865e+00,        -1.704219173338e+00,        -3.864559049945e+00,        -2.100614747697e+00,        +1.908883469165e+00,        +1.035539513014e+01,        -1.603909160599e+00
 2.01600000e+02,        +7.071067811865e+00,        +6.205331600426e+00,        -2.886464823169e-01,        -1.767124323680e+00,        -3.834818827430e+00,        -1.765044111857e+00,        -3.835451404702e+00,        +7.071067811865e+00,        -1.767124323680e+00,        -3.834818827430e+00,        +1.031196996095e+01,        -1.653725106051e+00,        -2.042836481647e+00,        +1.971519949536e+00,        +7.071067811865e+00,        -1.765044111857e+00,        -3.835451404702e+00,        -2.042836481647e+00,        +1.971519949536e+00,        +1.031478916808e+01,        -1.646857226481e+00
 2.03200000e+02,        +7.071067811865e+00,        +6.195236856509e+00,        -2.962358876223e-01,        -1.827437740919e+00,        -3.804671711544e+00,        -1.825343599483e+00,        -3.805369192900e+00,        +7.071067811865e+00,        -1.827437740919e+00,        -3.804671711544e+00,        +1.027013724000e+01,        -1.695496472613e+00,        -1.983267977432e+00,        +2.032408931735e+00,        +7.071067811865e+00,        -1.825343599483e+00,        -3.805369192900e+00,        -1.983267977432e+00,        +2.032408931735e+00,        +1.027304203570e+01,        -1.688616473667e+00
 2.04800000e+02,        +7.071067811865e+00,        +6.184886080358e+00,        -3.035533559042e-01,        -1.887206035323e+00,        -3.773559816991e+00,        -1.885101328983e+00,        -3.774322940522e+00,        +7.071067811865e+00,        -1.887206035323e+00,        -3.773559816991e+00,        +1.022721343008e+01,        -1.736046638286e+00,        -1.921977333769e+00,        +2.091501438949e+00,        +7.071067811865e+00,        -1.885101328983e+00,        -3.774322940522e+00,        -1.921977333769e+00,        +2.091501438949e+00,        +1.023020342785e+01,        -1.729157597197e+00
 2.06400000e+02,        +7.071067811865e+00,        +6.174286936570e+00,        -3.105915152578e-01,        -1.946413069877e+00,        -3.741494385016e+00,        -1.944301228721e+00,        -3.742323456117e+00,        +7.071067811865e+00,        -1.946413069877e+00,        -3.741494385016e+00,        +1.018325108642e+01,        -1.775351837280e+00,        -1.859035831528e+00,        +2.148754738127e+00,        +7.071067811865e+00,        -1.944301228721e+00,        -3.742323456117e+00,        -1.859035831528e+00,        +2.148754738127e+00,        +1.018632560753e+01,        -1.768456898637e+00
 2.08000000e+02,        +7.071067811865e+00,        +6.163447295949e+00,        -3.173432240840e-01,        -2.005043020853e+00,        -3.708486973086e+00,        -2.002927461106e+00,        -3.709381826508e+00,        +7.071067811865e+00,        -2.005043020853e+00,        -3.708486973086e+00,        +1.013830440151e+01,        -1.813394998931e+00,        -1.794516940098e+00,        +2.204133413549e+00,        +7.071067811865e+00,        -2.002927461106e+00,        -3.709381826508e+00,        -1.794516940098e+00,        +2.204133413549e+00,        +1.014146243495e+01,        -1.806497335446e+00
 2.09600000e+02,        +7.071067811865e+00,        +6.152375227936e+00,        -3.238015767317e-01,        -2.063080392922e+00,        -3.674549439001e+00,        -2.060964420657e+00,        -3.675509415153e+00,        +7.071067811865e+00,        -2.063080392922e+00,        -3.674549439001e+00,        +1.009242781330e+01,        -1.850166690709e+00,        -1.728494904372e+00,        +2.257610320114e+00,        +7.071067811865e+00,        -2.060964420657e+00,        -3.675509415153e+00,        -1.728494904372e+00,        +2.257610320114e+00,        +1.009566797952e+01,        -1.843269450106e+00
 2.11200000e+02,        +7.071067811865e+00,        +6.141078992922e+00,        -3.299599088670e-01,        -2.120510032982e+00,        -3.639693921524e+00,        -2.118396732622e+00,        -3.640717863631e+00,        +7.071067811865e+00,        -2.120510032982e+00,        -3.639693921524e+00,        +1.004567416731e+01,        -1.885665786926e+00,        -1.661042887360e+00,        +2.309167261048e+00,        +7.071067811865e+00,        -2.118396732622e+00,        -3.640717863631e+00,        -1.661042887360e+00,        +2.309167261048e+00,        +1.004899469012e+01,        -1.878772024163e+00
 2.12800000e+02,        +7.071067811865e+00,        +6.129567034443e+00,        -3.358118025720e-01,        -2.177317141481e+00,        -3.603932817373e+00,        -2.175209253392e+00,        -3.605019096431e+00,        +7.071067811865e+00,        -2.177317141481e+00,        -3.603932817373e+00,        +9.998092463458e+00,        -1.919899672370e+00,        -1.592230699665e+00,        +2.358795199935e+00,        +7.071067811865e+00,        -2.175209253392e+00,        -3.605019096431e+00,        -1.592230699665e+00,        +2.358795199935e+00,        +1.000149115546e+01,        -1.913012267799e+00
 2.14400000e+02,        +7.071067811865e+00,        +6.117847971272e+00,        -3.413510911807e-01,        -2.233487279710e+00,        -3.567278754927e+00,        -2.231387074201e+00,        -3.568425328732e+00,        +7.071067811865e+00,        -2.233487279710e+00,        -3.567278754927e+00,        +9.949725299825e+00,        -1.952883774841e+00,        -1.522122228372e+00,        +2.406493801980e+00,        +7.071067811865e+00,        -2.231387074201e+00,        -3.568425328732e+00,        -1.522122228372e+00,        +2.406493801980e+00,        +9.953199567163e+00,        -1.946005340842e+00
 2.16000000e+02,        +7.071067811865e+00,        +6.105930589408e+00,        -3.465718638578e-01,        -2.289006371530e+00,        -3.529744565643e+00,        -2.286915529667e+00,        -3.530949076193e+00,        +7.071067811865e+00,        -2.289006371530e+00,        -3.529744565643e+00,        +9.900606225926e+00,        -1.984640241413e+00,        -1.450772777685e+00,        +2.452270120529e+00,        +7.071067811865e+00,        -2.286915529667e+00,        -3.530949076193e+00,        -1.450772777685e+00,        +2.452270120529e+00,        +9.904153097687e+00,        -1.977773022446e+00
 2.17600000e+02,        +7.071067811865e+00,        +6.093823833961e+00,        -3.514684699283e-01,        -2.343860698222e+00,        -3.491343254981e+00,        -2.341780212450e+00,        -3.492603165026e+00,        +7.071067811865e+00,        -2.343860698222e+00,        -3.491343254981e+00,        +9.850757319869e+00,        -2.015195645009e+00,        -1.378226635224e+00,        +2.496136316680e+00,        +7.071067811865e+00,        -2.341780212450e+00,        -3.492603165026e+00,        -1.378226635224e+00,        +2.496136316680e+00,        +9.854373506430e+00,        -2.008341418542e+00
 2.19200000e+02,        +7.071067811865e+00,        +6.081536800944e+00,        -3.560355229613e-01,        -2.398036885851e+00,        -3.452087975309e+00,        -2.395966994644e+00,        -3.453400739879e+00,        +7.071067811865e+00,        -2.398036885851e+00,        -3.452087975309e+00,        +9.800187380079e+00,        -2.044577736885e+00,        -1.304515253329e+00,        +2.538106428620e+00,        +7.071067811865e+00,        -2.395966994644e+00,        -3.453400739879e+00,        -1.304515253329e+00,        +2.538106428620e+00,        +9.803869361880e+00,        -2.037737724775e+00
 2.20800000e+02,        +7.071067811865e+00,        +6.069078728948e+00,        -3.602679046079e-01,        -2.451521885584e+00,        -3.411992003720e+00,        -2.449462055447e+00,        -3.413355266661e+00,        +7.071067811865e+00,        -2.451521885585e+00,        -3.411992003720e+00,        +9.748891138325e+00,        -2.072811436486e+00,        -1.229656450311e+00,        +2.578192382742e+00,        +7.071067811865e+00,        -2.449462055447e+00,        -3.413355266661e+00,        -1.229656450311e+00,        +2.578192382742e+00,        +9.752635282957e+00,        -2.065986237529e+00
 2.22400000e+02,        +7.071067811865e+00,        +6.056458990693e+00,        -3.641607681853e-01,        -2.504302948741e+00,        -3.371068727575e+00,        -2.502251913335e+00,        -3.372480527528e+00,        +7.071067811865e+00,        -2.504302948741e+00,        -3.371068727575e+00,        +9.696849827867e+00,        -2.099914441046e+00,        -1.153654963396e+00,        +2.616399628613e+00,        +7.071067811865e+00,        -2.502251913335e+00,        -3.372480527528e+00,        -1.153654963396e+00,        +2.616399628613e+00,        +9.700652529080e+00,        -2.093103994873e+00
 2.24000000e+02,        +7.071067811865e+00,        +6.043687084469e+00,        -3.677095419892e-01,        -2.556367599647e+00,        -3.329331639788e+00,        -2.554323459664e+00,        -3.330790606067e+00,        +7.071067811865e+00,        -2.556367599647e+00,        -3.329331639788e+00,        +9.644033269252e+00,        -2.125892992546e+00,        -1.076504513835e+00,        +2.652722934210e+00,        +7.071067811865e+00,        -2.554323459664e+00,        -3.330790606067e+00,        -1.076504513835e+00,        +2.652722934210e+00,        +9.647891097339e+00,        -2.119096582586e+00
 2.25600000e+02,        +7.071067811865e+00,        +6.030772625436e+00,        -3.709099323102e-01,        -2.607703610226e+00,        -3.286794344466e+00,        -2.605663989798e+00,        -3.288299862104e+00,        +7.071067811865e+00,        -2.607703610226e+00,        -3.286794344466e+00,        +9.590403388766e+00,        -2.150738404201e+00,        -9.981912977876e-01,        +2.687142941397e+00,        +7.071067811865e+00,        -2.605663989798e+00,        -3.288299862104e+00,        -9.981912977876e-01,        +2.687142941397e+00,        +9.594313238896e+00,        -2.143954703105e+00
 2.27200000e+02,        +7.071067811865e+00,        +6.017725336829e+00,        -3.737579261278e-01,        -2.658298980352e+00,        -3.243470571687e+00,        -2.656261227740e+00,        -3.245022897388e+00,        +7.071067811865e+00,        -2.658298980352e+00,        -3.243470571687e+00,        +9.535918816411e+00,        -2.174424884281e+00,        -9.186985494623e-01,        +2.719624016777e+00,        +7.071067811865e+00,        -2.656261227740e+00,        -3.245022897388e+00,        -9.186985494624e-01,        +2.719624016777e+00,        +9.539878040645e+00,        -2.167652039790e+00
 2.28800000e+02,        +7.071067811865e+00,        +6.004555041061e+00,        -3.762497934562e-01,        -2.708141927166e+00,        -3.199374198504e+00,        -2.706103341098e+00,        -3.200974515092e+00,        +7.071067811865e+00,        -2.708141927166e+00,        -3.199374198504e+00,        +9.480539994832e+00,        -2.196909001405e+00,        -8.380116087901e-01,        +2.750113739300e+00,        +7.071067811865e+00,        -2.706103341098e+00,        -3.200974515092e+00,        -8.380116087901e-01,        +2.750113739300e+00,        +9.484546505174e+00,        -2.190144755204e+00
 2.30400000e+02,        +7.071067811865e+00,        +5.991271650788e+00,        -3.783820893260e-01,        -2.757220885000e+00,        -3.154519272145e+00,        -2.755178944754e+00,        -3.156169677199e+00,        +7.071067811865e+00,        -2.757220885000e+00,        -3.154519272145e+00,        +9.424234132442e+00,        -2.218130855857e+00,        -7.561228288421e-01,        +2.778544087089e+00,        +7.071067811865e+00,        -2.755178944754e+00,        -3.156169677199e+00,        -7.561228288420e-01,        +2.778544087089e+00,        +9.428286466143e+00,        -2.211372683729e+00
 2.32000000e+02,        +7.071067811865e+00,        +5.977885159953e+00,        -3.801516553980e-01,        -2.805524515644e+00,        -3.108920031105e+00,        -2.803477093539e+00,        -3.110623464053e+00,        +7.071067811865e+00,        -2.805524515644e+00,        -3.108920031105e+00,        +9.366979382137e+00,        -2.238016730660e+00,        -6.730357070383e-01,        +2.804834096161e+00,        +7.071067811865e+00,        -2.803477093539e+00,        -3.110623464053e+00,        -6.730357070383e-01,        +2.804834096161e+00,        +9.371076725690e+00,        -2.231261990153e+00
 2.33600000e+02,        +7.071067811865e+00,        +5.964405634858e+00,        -3.815556212162e-01,        -2.853041726931e+00,        -3.062590920565e+00,        -2.850987265928e+00,        -3.064351039701e+00,        +7.071067811865e+00,        -2.853041726931e+00,        -3.062590920565e+00,        +9.308767802826e+00,        -2.256482771279e+00,        -5.887678001098e-01,        +2.828893540077e+00,        +7.071067811865e+00,        -2.850987265928e+00,        -3.064351039701e+00,        -5.887678001098e-01,        +2.828893540077e+00,        +9.312909976474e+00,        -2.249728843427e+00
 2.35200000e+02,        +7.071067811865e+00,        +5.950843205290e+00,        -3.825914051211e-01,        -2.899761696527e+00,        -3.015546599862e+00,        -2.897699341891e+00,        -3.017367625268e+00,        +7.071067811865e+00,        -2.899761696527e+00,        -3.015546599862e+00,        +9.249606907594e+00,        -2.273439135031e+00,        -5.033522288750e-01,        +2.850627072821e+00,        +7.071067811865e+00,        -2.897699341891e+00,        -3.017367625268e+00,        -5.033522288751e-01,        +2.850627072821e+00,        +9.253794316595e+00,        -2.266683549085e+00
 2.36800000e+02,        +7.071067811865e+00,        +5.937208055727e+00,        -3.832567148446e-01,        -2.945673897430e+00,        -2.967801941364e+00,        -2.943603578390e+00,        -2.969688481054e+00,        +7.071067811865e+00,        -2.945673897430e+00,        -2.967801941364e+00,        +9.189519848762e+00,        -2.288794069841e+00,        -4.168378245463e-01,        +2.869938296428e+00,        +7.071067811865e+00,        -2.943603578390e+00,        -2.969688481054e+00,        -4.168378245463e-01,        +2.869938296427e+00,        +9.193753410458e+00,        -2.282034603686e+00
 2.38400000e+02,        +7.071067811865e+00,        +5.923510416637e+00,        -3.835495478134e-01,        -2.990768122101e+00,        -2.919372021467e+00,        -2.988690585597e+00,        -2.921328896649e+00,        +7.071067811865e+00,        -2.990768122101e+00,        -2.919372021467e+00,        +9.128544478827e+00,        -2.302457498295e+00,        -3.292881560280e-01,        +2.886733331330e+00,        +7.071067811865e+00,        -2.988690585597e+00,        -2.921328896649e+00,        -3.292881560281e-01,        +2.886733331330e+00,        +9.132825535449e+00,        -2.295692251275e+00
 2.40000000e+02,        +7.071067811865e+00,        +5.909760555860e+00,        -3.834681911818e-01,        -3.035034502970e+00,        -2.870272105388e+00,        -3.032951306104e+00,        -2.872304187415e+00,        +7.071067811865e+00,        -3.035034502970e+00,        -2.870272105388e+00,        +9.066731628287e+00,        -2.314343848205e+00,        -2.407797788974e-01,        +2.900923632478e+00,        +7.071067811865e+00,        -3.032951306104e+00,        -2.872304187415e+00,        -2.407797788974e-01,        +2.900923632478e+00,        +9.071061854755e+00,        -2.307571286678e+00
