        f (GHz),              E_elec[1] (J),               E_mag[1] (J),               E_cap[1] (J),               E_ind[1] (J),              E_elec[2] (J),               E_mag[2] (J),               E_cap[2] (J),               E_ind[2] (J),              E_elec[3] (J),               E_mag[3] (J),               E_cap[3] (J),               E_ind[3] (J),              E_elec[4] (J),               E_mag[4] (J),               E_cap[4] (J),               E_ind[4] (J),              E_elec[5] (J),               E_mag[5] (J),               E_cap[5] (J),               E_ind[5] (J),              E_elec[6] (J),               E_mag[6] (J),               E_cap[6] (J),               E_ind[6] (J),              E_elec[7] (J),               E_mag[7] (J),               E_cap[7] (J),               E_ind[7] (J)
 8.00000000e+01,        +2.292571108654e-12,        +6.763389220018e-13,        +0.000000000000e+00,        +0.000000000000e+00,        +1.714692771686e-12,        +2.296395306584e-12,        +0.000000000000e+00,        +0.000000000000e+00,        +2.430232813337e-12,        +2.508857944120e-12,        +0.000000000000e+00,        +0.000000000000e+00,        +1.837507648286e-12,        +2.094522436496e-12,        +0.000000000000e+00,        +0.000000000000e+00,        +1.861620410314e-12,        +2.100881386202e-12,        +0.000000000000e+00,        +0.000000000000e+00,        +2.406221525435e-12,        +2.503737632649e-12,        +0.000000000000e+00,        +0.000000000000e+00,        +1.009402184948e-12,        +1.527263179909e-12,        +0.000000000000e+00,        +0.000000000000e+00
 8.16000000e+01,        +2.243806191037e-12,        +6.936661131904e-13,        +0.000000000000e+00,        +0.000000000000e+00,        +1.735394391597e-12,        +2.305018045771e-12,        +0.000000000000e+00,        +0.000000000000e+00,        +2.429934868011e-12,        +2.483322223523e-12,        +0.000000000000e+00,        +0.000000000000e+00,        +1.813198414696e-12,        +2.073134262322e-12,        +0.000000000000e+00,        +0.000000000000e+00,        +1.831229425483e-12,        +2.077038556059e-12,        +0.000000000000e+00,        +0.000000000000e+00,        +2.401564297544e-12,        +2.478991198854e-12,        +0.000000000000e+00,        +0.000000000000e+00,        +1.025695125914e-12,        +1.534191263567e-12,        +0.000000000000e+00,        +0.000000000000e+00
 8.32000000e+01,        +2.196822541939e-12,        +7.112247491376e-13,        +0.000000000000e+00,        +0.000000000000e+00,        +1.760997669045e-12,        +2.315251525923e-12,        +0.000000000000e+00,        +0.000000000000e+00,        +2.428649317578e-12,        +2.460182370268e-12,        +0.000000000000e+00,        +0.000000000000e+00,        +1.789767062942e-12,        +2.055627788412e-12,        +0.000000000000e+00,        +0.000000000000e+00,        +1.802197968072e-12,        +2.057452299931e-12,        +0.000000000000e+00,        +0.000000000000e+00,        +2.396684743463e-12,        +2.457177207252e-12,        +0.000000000000e+00,        +0.000000000000e+00,        +1.044858844164e-12,        +1.542105810644e-12,        +0.000000000000e+00,        +0.000000000000e+00
 8.48000000e+01,        +2.151615539192e-12,        +7.290497179523e-13,        +0.000000000000e+00,        +0.000000000000e+00,        +1.790650617958e-12,        +2.326413445591e-12,        +0.000000000000e+00,        +0.000000000000e+00,        +2.426706986334e-12,        +2.439419577338e-12,        +0.000000000000e+00,        +0.000000000000e+00,        +1.767406940193e-12,        +2.041942885436e-12,        +0.000000000000e+00,        +0.000000000000e+00,        +1.774697966153e-12,        +2.041987250050e-12,        +0.000000000000e+00,        +0.000000000000e+00,        +2.391926017224e-12,        +2.438195135887e-12,        +0.000000000000e+00,        +0.000000000000e+00,        +1.066426957701e-12,        +1.550633666266e-12,        +0.000000000000e+00,        +0.000000000000e+00
 8.64000000e+01,        +2.108181908618e-12,        +7.471789414164e-13,        +0.000000000000e+00,        +0.000000000000e+00,        +1.823565092760e-12,        +2.337919420649e-12,        +0.000000000000e+00,        +0.000000000000e+00,        +2.424411479096e-12,        +2.421000206915e-12,        +0.000000000000e+00,        +0.000000000000e+00,        +1.746363476526e-12,        +2.032066077119e-12,        +0.000000000000e+00,        +0.000000000000e+00,        +1.748954605831e-12,        +2.030566404542e-12,        +0.000000000000e+00,        +0.000000000000e+00,        +2.387599116753e-12,        +2.421934097902e-12,        +0.000000000000e+00,        +0.000000000000e+00,        +1.089963485667e-12,        +1.559451402281e-12,        +0.000000000000e+00,        +0.000000000000e+00
 8.80000000e+01,        +2.066520291375e-12,        +7.656536846342e-13,        +0.000000000000e+00,        +0.000000000000e+00,        +1.858992584297e-12,        +2.349264215619e-12,        +0.000000000000e+00,        +0.000000000000e+00,        +2.422021407949e-12,        +2.404874846557e-12,        +0.000000000000e+00,        +0.000000000000e+00,        +1.726914288004e-12,        +2.026020853994e-12,        +0.000000000000e+00,        +0.000000000000e+00,        +1.725225746097e-12,        +2.023160125560e-12,        +0.000000000000e+00,        +0.000000000000e+00,        +2.383964046437e-12,        +2.408270900525e-12,        +0.000000000000e+00,        +0.000000000000e+00,        +1.115049468624e-12,        +1.568275042425e-12,        +0.000000000000e+00,        +0.000000000000e+00
 8.96000000e+01,        +2.026631835027e-12,        +7.845189241407e-13,        +0.000000000000e+00,        +0.000000000000e+00,        +1.896209582108e-12,        +2.360011417048e-12,        +0.000000000000e+00,        +0.000000000000e+00,        +2.419740542754e-12,        +2.390981836885e-12,        +0.000000000000e+00,        +0.000000000000e+00,        +1.709357128143e-12,        +2.023863238824e-12,        +0.000000000000e+00,        +0.000000000000e+00,        +1.703789594153e-12,        +2.019780769137e-12,        +0.000000000000e+00,        +0.000000000000e+00,        +2.381219131321e-12,        +2.397072850978e-12,        +0.000000000000e+00,        +0.000000000000e+00,        +1.141274907445e-12,        +1.576854446762e-12,        +0.000000000000e+00,        +0.000000000000e+00
 9.12000000e+01,        +1.988520820259e-12,        +8.038237842362e-13,        +0.000000000000e+00,        +0.000000000000e+00,        +1.934510895100e-12,        +2.369789261565e-12,        +0.000000000000e+00,        +0.000000000000e+00,        +2.417714842285e-12,        +2.379253769228e-12,        +0.000000000000e+00,        +0.000000000000e+00,        +1.694004067800e-12,        +2.025680734226e-12,        +0.000000000000e+00,        +0.000000000000e+00,        +1.684938877658e-12,        +2.020480951188e-12,        +0.000000000000e+00,        +0.000000000000e+00,        +2.379497351528e-12,        +2.388203764284e-12,        +0.000000000000e+00,        +0.000000000000e+00,        +1.168235198924e-12,        +1.584971163334e-12,        +0.000000000000e+00,        +0.000000000000e+00
 9.28000000e+01,        +1.952195337365e-12,        +8.236220536731e-13,        +0.000000000000e+00,        +0.000000000000e+00,        +1.973209698212e-12,        +2.378290832271e-12,        +0.000000000000e+00,        +0.000000000000e+00,        +2.416035322072e-12,        +2.369625775294e-12,        +0.000000000000e+00,        +0.000000000000e+00,        +1.681180540928e-12,        +2.031593327416e-12,        +0.000000000000e+00,        +0.000000000000e+00,        +1.668980051015e-12,        +2.025354034639e-12,        +0.000000000000e+00,        +0.000000000000e+00,        +2.378868622202e-12,        +2.381531980958e-12,        +0.000000000000e+00,        +0.000000000000e+00,        +1.195531440704e-12,        +1.592438816222e-12,        +0.000000000000e+00,        +0.000000000000e+00
 9.44000000e+01,        +1.917668029435e-12,        +8.439727977927e-13,        +0.000000000000e+00,        +0.000000000000e+00,        +2.011643211510e-12,        +2.385277125509e-12,        +0.000000000000e+00,        +0.000000000000e+00,        +2.414745710581e-12,        +2.362044675540e-12,        +0.000000000000e+00,        +0.000000000000e+00,        +1.671228112320e-12,        +2.041755635096e-12,        +0.000000000000e+00,        +0.000000000000e+00,        +1.656236325215e-12,        +2.034535853423e-12,        +0.000000000000e+00,        +0.000000000000e+00,        +2.379346984845e-12,        +2.376939459647e-12,        +0.000000000000e+00,        +0.000000000000e+00,        +1.222774040168e-12,        +1.599105243236e-12,        +0.000000000000e+00,        +0.000000000000e+00
 9.60000000e+01,        +1.884956922754e-12,        +8.649410849899e-13,        +0.000000000000e+00,        +0.000000000000e+00,        +2.049182894537e-12,        +2.390581659649e-12,        +0.000000000000e+00,        +0.000000000000e+00,        +2.413853835036e-12,        +2.356478239359e-12,        +0.000000000000e+00,        +0.000000000000e+00,        +1.664510019036e-12,        +2.056359581781e-12,        +0.000000000000e+00,        +0.000000000000e+00,        +1.647053530695e-12,        +2.048207013336e-12,        +0.000000000000e+00,        +0.000000000000e+00,        +2.380901695742e-12,        +2.374331195901e-12,        +0.000000000000e+00,        +0.000000000000e+00,        +1.249589031542e-12,        +1.604855673465e-12,        +0.000000000000e+00,        +0.000000000000e+00
 9.76000000e+01,        +1.854086369609e-12,        +8.865988512343e-13,        +0.000000000000e+00,        +0.000000000000e+00,        +2.085247920547e-12,        +2.394115418974e-12,        +0.000000000000e+00,        +0.000000000000e+00,        +2.413345662295e-12,        +2.352923957235e-12,        +0.000000000000e+00,        +0.000000000000e+00,        +1.661418715471e-12,        +2.075637240617e-12,        +0.000000000000e+00,        +0.000000000000e+00,        +1.641808016939e-12,        +2.066595354657e-12,        +0.000000000000e+00,        +0.000000000000e+00,        +2.383471195241e-12,        +2.373644356083e-12,        +0.000000000000e+00,        +0.000000000000e+00,        +1.275626419698e-12,        +1.609616283629e-12,        +0.000000000000e+00,        +0.000000000000e+00
 9.92000000e+01,        +1.825088134765e-12,        +9.090259326565e-13,        +0.000000000000e+00,        +0.000000000000e+00,        +2.119320547874e-12,        +2.395871051264e-12,        +0.000000000000e+00,        +0.000000000000e+00,        +2.413200907921e-12,        +2.351416850529e-12,        +0.000000000000e+00,        +0.000000000000e+00,        +1.662384815085e-12,        +2.099863641208e-12,        +0.000000000000e+00,        +0.000000000000e+00,        +1.640915963990e-12,        +2.089978343681e-12,        +0.000000000000e+00,        +0.000000000000e+00,        +2.386978927513e-12,        +2.374856627582e-12,        +0.000000000000e+00,        +0.000000000000e+00,        +1.300569765576e-12,        +1.613357522032e-12,        +0.000000000000e+00,        +0.000000000000e+00
 1.00800000e+02,        +1.798002664900e-12,        +9.323113044062e-13,        +0.000000000000e+00,        +0.000000000000e+00,        +2.150961891886e-12,        +2.395925402407e-12,        +0.000000000000e+00,        +0.000000000000e+00,        +2.413409134408e-12,        +2.352035962813e-12,        +0.000000000000e+00,        +0.000000000000e+00,        +1.667886968560e-12,        +2.129359469904e-12,        +0.000000000000e+00,        +0.000000000000e+00,        +1.644843629419e-12,        +2.118685286722e-12,        +0.000000000000e+00,        +0.000000000000e+00,        +2.391349971544e-12,        +2.377993390775e-12,        +0.000000000000e+00,        +0.000000000000e+00,        +1.324146143662e-12,        +1.616096661331e-12,        +0.000000000000e+00,        +0.000000000000e+00
 1.02400000e+02,        +1.772880590934e-12,        +9.565545747939e-13,        +0.000000000000e+00,        +0.000000000000e+00,        +2.179826573709e-12,        +2.394439691587e-12,        +0.000000000000e+00,        +0.000000000000e+00,        +2.413985305413e-12,        +2.354909295255e-12,        +0.000000000000e+00,        +0.000000000000e+00,        +1.678462343282e-12,        +2.164493653121e-12,        +0.000000000000e+00,        +0.000000000000e+00,        +1.654118175272e-12,        +2.153099329414e-12,        +0.000000000000e+00,        +0.000000000000e+00,        +2.396527462747e-12,        +2.383133426822e-12,        +0.000000000000e+00,        +0.000000000000e+00,        +1.346135568818e-12,        +1.617899147738e-12,        +0.000000000000e+00,        +0.000000000000e+00
 1.04000000e+02,        +1.749784527421e-12,        +9.818677981007e-13,        +0.000000000000e+00,        +0.000000000000e+00,        +2.205674817308e-12,        +2.391656902976e-12,        +0.000000000000e+00,        +0.000000000000e+00,        +2.414983861757e-12,        +2.360217066924e-12,        +0.000000000000e+00,        +0.000000000000e+00,        +1.694717461606e-12,        +2.205685816012e-12,        +0.000000000000e+00,        +0.000000000000e+00,        +1.669338802078e-12,        +2.193659207249e-12,        +0.000000000000e+00,        +0.000000000000e+00,        +2.402487850184e-12,        +2.390412990621e-12,        +0.000000000000e+00,        +0.000000000000e+00,        +1.366379031313e-12,        +1.618878455426e-12,        +0.000000000000e+00,        +0.000000000000e+00
 1.05600000e+02,        +1.728791252440e-12,        +1.008377688762e-12,        +0.000000000000e+00,        +0.000000000000e+00,        +2.228380795741e-12,        +2.387896272260e-12,        +0.000000000000e+00,        +0.000000000000e+00,        +2.416510540845e-12,        +2.368193288943e-12,        +0.000000000000e+00,        +0.000000000000e+00,        +1.717339195965e-12,        +2.253408533372e-12,        +0.000000000000e+00,        +0.000000000000e+00,        +1.691187942058e-12,        +2.240860634334e-12,        +0.000000000000e+00,        +0.000000000000e+00,        +2.409254157782e-12,        +2.400028192526e-12,        +0.000000000000e+00,        +0.000000000000e+00,        +1.384784403893e-12,        +1.619194321030e-12,        +0.000000000000e+00,        +0.000000000000e+00
 1.07200000e+02,        +1.709994377704e-12,        +1.036228345877e-12,        +0.000000000000e+00,        +0.000000000000e+00,        +2.247936373616e-12,        +2.383545042981e-12,        +0.000000000000e+00,        +0.000000000000e+00,        +2.418731363412e-12,        +2.379125720305e-12,        +0.000000000000e+00,        +0.000000000000e+00,        +1.747105676951e-12,        +2.308189117136e-12,        +0.000000000000e+00,        +0.000000000000e+00,        +1.720442199376e-12,        +2.295257033276e-12,        +0.000000000000e+00,        +0.000000000000e+00,        +2.416906595151e-12,        +2.412235727638e-12,        +0.000000000000e+00,        +0.000000000000e+00,        +1.401329685804e-12,        +1.619049405555e-12,        +0.000000000000e+00,        +0.000000000000e+00
 1.08800000e+02,        +1.693507654865e-12,        +1.065584633049e-12,        +0.000000000000e+00,        +0.000000000000e+00,        +2.264449813674e-12,        +2.379047915552e-12,        +0.000000000000e+00,        +0.000000000000e+00,        +2.421878435325e-12,        +2.393354298197e-12,        +0.000000000000e+00,        +0.000000000000e+00,        +1.784896702301e-12,        +2.370610387841e-12,        +0.000000000000e+00,        +0.000000000000e+00,        +1.757982525962e-12,        +2.357458989247e-12,        +0.000000000000e+00,        +0.000000000000e+00,        +2.425590075429e-12,        +2.427352041656e-12,        +0.000000000000e+00,        +0.000000000000e+00,        +1.416063302472e-12,        +1.618684586033e-12,        +0.000000000000e+00,        +0.000000000000e+00
 1.10400000e+02,        +1.679469114669e-12,        +1.096636408711e-12,        +0.000000000000e+00,        +0.000000000000e+00,        +2.278139451246e-12,        +2.374894770083e-12,        +0.000000000000e+00,        +0.000000000000e+00,        +2.426252419524e-12,        +2.411268077586e-12,        +0.000000000000e+00,        +0.000000000000e+00,        +1.831702878003e-12,        +2.441309419478e-12,        +0.000000000000e+00,        +0.000000000000e+00,        +1.804802721810e-12,        +2.428131315736e-12,        +0.000000000000e+00,        +0.000000000000e+00,        +2.435518410504e-12,        +2.445750995791e-12,        +0.000000000000e+00,        +0.000000000000e+00,        +1.429101452282e-12,        +1.618373192909e-12,        +0.000000000000e+00,        +0.000000000000e+00
 1.12000000e+02,        +1.668046307225e-12,        +1.129603872714e-12,        +0.000000000000e+00,        +0.000000000000e+00,        +2.289322727508e-12,        +2.371607281423e-12,        +0.000000000000e+00,        +0.000000000000e+00,        +2.432221680904e-12,        +2.433300543941e-12,        +0.000000000000e+00,        +0.000000000000e+00,        +1.888632094170e-12,        +2.520972580642e-12,        +0.000000000000e+00,        +0.000000000000e+00,        +1.862014661224e-12,        +2.507985897759e-12,        +0.000000000000e+00,        +0.000000000000e+00,        +2.446975126059e-12,        +2.467859955572e-12,        +0.000000000000e+00,        +0.000000000000e+00,        +1.440622746171e-12,        +1.618414561397e-12,        +0.000000000000e+00,        +0.000000000000e+00
 1.13600000e+02,        +1.659443014282e-12,        +1.164744395760e-12,        +0.000000000000e+00,        +0.000000000000e+00,        +2.298401257162e-12,        +2.369724944626e-12,        +0.000000000000e+00,        +0.000000000000e+00,        +2.440218152352e-12,        +2.459922850252e-12,        +0.000000000000e+00,        +0.000000000000e+00,        +1.956910928173e-12,        +2.610324262414e-12,        +0.000000000000e+00,        +0.000000000000e+00,        +1.930847557495e-12,        +2.597767471834e-12,        +0.000000000000e+00,        +0.000000000000e+00,        +2.460310927129e-12,        +2.494153944691e-12,        +0.000000000000e+00,        +0.000000000000e+00,        +1.450860589623e-12,        +1.619127243318e-12,        +0.000000000000e+00,        +0.000000000000e+00
 1.15200000e+02,        +1.653907953686e-12,        +1.202361344334e-12,        +0.000000000000e+00,        +0.000000000000e+00,        +2.305842756966e-12,        +2.369790791412e-12,        +0.000000000000e+00,        +0.000000000000e+00,        +2.450729880032e-12,        +2.491634050768e-12,        +0.000000000000e+00,        +0.000000000000e+00,        +2.037877042967e-12,        +2.710105428002e-12,        +0.000000000000e+00,        +0.000000000000e+00,        +2.012636952842e-12,        +2.698228155873e-12,        +0.000000000000e+00,        +0.000000000000e+00,        +2.475937811999e-12,        +2.525147042014e-12,        +0.000000000000e+00,        +0.000000000000e+00,        +1.460093890256e-12,        +1.620842126006e-12,        +0.000000000000e+00,        +0.000000000000e+00
 1.16800000e+02,        +1.651746216539e-12,        +1.242815628560e-12,        +0.000000000000e+00,        +0.000000000000e+00,        +2.312160678390e-12,        +2.372336720610e-12,        +0.000000000000e+00,        +0.000000000000e+00,        +2.464289964618e-12,        +2.528946747634e-12,        +0.000000000000e+00,        +0.000000000000e+00,        +2.132956472832e-12,        +2.821036514674e-12,        +0.000000000000e+00,        +0.000000000000e+00,        +2.108796825942e-12,        +2.810084840424e-12,        +0.000000000000e+00,        +0.000000000000e+00,        +2.494319657087e-12,        +2.561379534073e-12,        +0.000000000000e+00,        +0.000000000000e+00,        +1.468636735130e-12,        +1.623895530916e-12,        +0.000000000000e+00,        +0.000000000000e+00
 1.18400000e+02,        +1.653334508458e-12,        +1.286541021639e-12,        +0.000000000000e+00,        +0.000000000000e+00,        +2.317892306810e-12,        +2.377867924433e-12,        +0.000000000000e+00,        +0.000000000000e+00,        +2.481461237953e-12,        +2.572365755333e-12,        +0.000000000000e+00,        +0.000000000000e+00,        +2.243616782720e-12,        +2.943757340878e-12,        +0.000000000000e+00,        +0.000000000000e+00,        +2.220765186115e-12,        +2.933951596621e-12,        +0.000000000000e+00,        +0.000000000000e+00,        +2.515958782376e-12,        +2.603398469726e-12,        +0.000000000000e+00,        +0.000000000000e+00,        +1.476827686131e-12,        +1.628622128728e-12,        +0.000000000000e+00,        +0.000000000000e+00
 1.20000000e+02,        +1.659141771867e-12,        +1.334064788266e-12,        +0.000000000000e+00,        +0.000000000000e+00,        +2.323575988154e-12,        +2.386845433366e-12,        +0.000000000000e+00,        +0.000000000000e+00,        +2.502815571529e-12,        +2.622356523665e-12,        +0.000000000000e+00,        +0.000000000000e+00,        +2.371283575100e-12,        +3.078734840560e-12,        +0.000000000000e+00,        +0.000000000000e+00,        +2.349909945486e-12,        +3.070237420363e-12,        +0.000000000000e+00,        +0.000000000000e+00,        +2.541377609298e-12,        +2.651728272806e-12,        +0.000000000000e+00,        +0.000000000000e+00,        +1.485019322806e-12,        +1.635347233469e-12,        +0.000000000000e+00,        +0.000000000000e+00
 1.21600000e+02,        +1.669757553597e-12,        +1.386035917308e-12,        +0.000000000000e+00,        +0.000000000000e+00,        +2.329728142548e-12,        +2.399665443690e-12,        +0.000000000000e+00,        +0.000000000000e+00,        +2.528906373064e-12,        +2.679299411871e-12,        +0.000000000000e+00,        +0.000000000000e+00,        +2.517204320116e-12,        +3.226128475394e-12,        +0.000000000000e+00,        +0.000000000000e+00,        +2.497378452837e-12,        +3.218998832122e-12,        +0.000000000000e+00,        +0.000000000000e+00,        +2.571094179002e-12,        +2.706827182543e-12,        +0.000000000000e+00,        +0.000000000000e+00,        +1.493568666774e-12,        +1.644377769801e-12,        +0.000000000000e+00,        +0.000000000000e+00
 1.23200000e+02,        +1.685931733502e-12,        +1.443264453126e-12,        +0.000000000000e+00,        +0.000000000000e+00,        +2.336820988512e-12,        +2.416634044732e-12,        +0.000000000000e+00,        +0.000000000000e+00,        +2.560232926886e-12,        +2.743426048687e-12,        +0.000000000000e+00,        +0.000000000000e+00,        +2.682241625355e-12,        +3.385604740183e-12,        +0.000000000000e+00,        +0.000000000000e+00,        +2.663872648298e-12,        +3.379738936234e-12,        +0.000000000000e+00,        +0.000000000000e+00,        +2.605590296594e-12,        +2.769025042938e-12,        +0.000000000000e+00,        +0.000000000000e+00,        +1.502829201944e-12,        +1.655991030857e-12,        +0.000000000000e+00,        +0.000000000000e+00
 1.24800000e+02,        +1.708631263466e-12,        +1.506777359043e-12,        +0.000000000000e+00,        +0.000000000000e+00,        +2.345262621996e-12,        +2.437936580965e-12,        +0.000000000000e+00,        +0.000000000000e+00,        +2.597196362322e-12,        +2.814735994577e-12,        +0.000000000000e+00,        +0.000000000000e+00,        +2.866581177142e-12,        +3.556099215885e-12,        +0.000000000000e+00,        +0.000000000000e+00,        +2.849335985864e-12,        +3.551152699242e-12,        +0.000000000000e+00,        +0.000000000000e+00,        +2.645271924879e-12,        +2.838439379640e-12,        +0.000000000000e+00,        +0.000000000000e+00,        +1.513145398987e-12,        +1.670420415351e-12,        +0.000000000000e+00,        +0.000000000000e+00
 1.26400000e+02,        +1.739122950827e-12,        +1.577899556902e-12,        +0.000000000000e+00,        +0.000000000000e+00,        +2.355382419221e-12,        +2.463602675307e-12,        +0.000000000000e+00,        +0.000000000000e+00,        +2.640050069394e-12,        +2.892897349453e-12,        +0.000000000000e+00,        +0.000000000000e+00,        +3.069353330670e-12,        +3.735541402057e-12,        +0.000000000000e+00,        +0.000000000000e+00,        +3.052554086556e-12,        +3.730836964967e-12,        +0.000000000000e+00,        +0.000000000000e+00,        +2.690423969773e-12,        +2.914871455046e-12,        +0.000000000000e+00,        +0.000000000000e+00,        +1.524850949141e-12,        +1.687837905282e-12,        +0.000000000000e+00,        +0.000000000000e+00
 1.28000000e+02,        +1.779097100751e-12,        +1.658374238681e-12,        +0.000000000000e+00,        +0.000000000000e+00,        +2.367426588405e-12,        +2.493471438884e-12,        +0.000000000000e+00,        +0.000000000000e+00,        +2.688853316525e-12,        +2.977145674752e-12,        +0.000000000000e+00,        +0.000000000000e+00,        +3.288199199526e-12,        +3.920588494339e-12,        +0.000000000000e+00,        +0.000000000000e+00,        +3.270706272273e-12,        +3.915017596296e-12,        +0.000000000000e+00,        +0.000000000000e+00,        +2.741166748390e-12,        +2.997694188693e-12,        +0.000000000000e+00,        +0.000000000000e+00,        +1.538272186937e-12,        +1.708334444204e-12,        +0.000000000000e+00,        +0.000000000000e+00
 1.29600000e+02,        +1.830856979452e-12,        +1.750546056342e-12,        +0.000000000000e+00,        +0.000000000000e+00,        +2.381570477395e-12,        +2.527166716777e-12,        +0.000000000000e+00,        +0.000000000000e+00,        +2.743446115460e-12,        +3.066212481550e-12,        +0.000000000000e+00,        +0.000000000000e+00,        +3.518867903452e-12,        +4.106460112819e-12,        +0.000000000000e+00,        +0.000000000000e+00,        +3.498965175378e-12,        +4.098395367957e-12,        +0.000000000000e+00,        +0.000000000000e+00,        +2.797429825800e-12,        +3.085760913890e-12,        +0.000000000000e+00,        +0.000000000000e+00,        +1.553738122101e-12,        +1.731901836413e-12,        +0.000000000000e+00,        +0.000000000000e+00
 1.31200000e+02,        +1.897617384011e-12,        +1.857647844049e-12,        +0.000000000000e+00,        +0.000000000000e+00,        +2.397954475353e-12,        +2.564098184973e-12,        +0.000000000000e+00,        +0.000000000000e+00,        +2.803474605490e-12,        +3.158334827342e-12,        +0.000000000000e+00,        +0.000000000000e+00,        +3.755006625390e-12,        +4.287016434734e-12,        +0.000000000000e+00,        +0.000000000000e+00,        +3.730320169281e-12,        +4.274264847856e-12,        +0.000000000000e+00,        +0.000000000000e+00,        +2.858969675947e-12,        +3.177386111885e-12,        +0.000000000000e+00,        +0.000000000000e+00,        +1.571597602759e-12,        +1.758423058989e-12,        +0.000000000000e+00,        +0.000000000000e+00
 1.32800000e+02,        +1.983989602971e-12,        +1.984262875941e-12,        +0.000000000000e+00,        +0.000000000000e+00,        +2.416746769374e-12,        +2.603507228227e-12,        +0.000000000000e+00,        +0.000000000000e+00,        +2.868504572138e-12,        +3.251411723185e-12,        +0.000000000000e+00,        +0.000000000000e+00,        +3.988370882757e-12,        +4.455247917402e-12,        +0.000000000000e+00,        +0.000000000000e+00,        +3.955865600123e-12,        +4.435084046683e-12,        +0.000000000000e+00,        +0.000000000000e+00,        +2.925467009130e-12,        +3.270467947174e-12,        +0.000000000000e+00,        +0.000000000000e+00,        +1.592241928024e-12,        +1.787680651012e-12,        +0.000000000000e+00,        +0.000000000000e+00
 1.34400000e+02,        +2.096794525373e-12,        +2.137093419290e-12,        +0.000000000000e+00,        +0.000000000000e+00,        +2.438227119082e-12,        +2.644571173467e-12,        +0.000000000000e+00,        +0.000000000000e+00,        +2.938258329030e-12,        +3.343364856581e-12,        +0.000000000000e+00,        +0.000000000000e+00,        +4.209681029436e-12,        +4.604300347852e-12,        +0.000000000000e+00,        +0.000000000000e+00,        +4.165784552674e-12,        +4.573618238972e-12,        +0.000000000000e+00,        +0.000000000000e+00,        +2.996741064712e-12,        +3.362821394995e-12,        +0.000000000000e+00,        +0.000000000000e+00,        +1.616127924241e-12,        +1.819392515658e-12,        +0.000000000000e+00,        +0.000000000000e+00
 1.36000000e+02,        +2.246468850236e-12,        +2.326276728864e-12,        +0.000000000000e+00,        +0.000000000000e+00,        +2.462872940982e-12,        +2.686561340885e-12,        +0.000000000000e+00,        +0.000000000000e+00,        +3.012991809519e-12,        +3.432717629278e-12,        +0.000000000000e+00,        +0.000000000000e+00,        +4.410221057398e-12,        +4.729014043549e-12,        +0.000000000000e+00,        +0.000000000000e+00,        +4.351110419811e-12,        +4.684618785719e-12,        +0.000000000000e+00,        +0.000000000000e+00,        +3.073106903962e-12,        +3.452754770120e-12,        +0.000000000000e+00,        +0.000000000000e+00,        +1.643793808013e-12,        +1.853278311522e-12,        +0.000000000000e+00,        +0.000000000000e+00
 1.37600000e+02,        +2.449557654867e-12,        +2.567688355435e-12,        +0.000000000000e+00,        +0.000000000000e+00,        +2.491420116130e-12,        +2.729023407658e-12,        +0.000000000000e+00,        +0.000000000000e+00,        +3.094002261134e-12,        +3.519338956773e-12,        +0.000000000000e+00,        +0.000000000000e+00,        +4.584025275509e-12,        +4.827755844588e-12,        +0.000000000000e+00,        +0.000000000000e+00,        +4.506077199622e-12,        +4.766780157415e-12,        +0.000000000000e+00,        +0.000000000000e+00,        +3.155883722285e-12,        +3.539858103467e-12,        +0.000000000000e+00,        +0.000000000000e+00,        +1.675861258191e-12,        +1.889147830528e-12,        +0.000000000000e+00,        +0.000000000000e+00
 1.39200000e+02,        +2.733148271767e-12,        +2.886965520450e-12,        +0.000000000000e+00,        +0.000000000000e+00,        +2.524876897802e-12,        +2.771928816862e-12,        +0.000000000000e+00,        +0.000000000000e+00,        +3.184244846477e-12,        +3.605253699527e-12,        +0.000000000000e+00,        +0.000000000000e+00,        +4.730278473954e-12,        +4.904222694670e-12,        +0.000000000000e+00,        +0.000000000000e+00,        +4.630643679936e-12,        +4.824616717003e-12,        +0.000000000000e+00,        +0.000000000000e+00,        +3.248054124655e-12,        +3.625921321522e-12,        +0.000000000000e+00,        +0.000000000000e+00,        +1.713023869496e-12,        +1.926990938115e-12,        +0.000000000000e+00,        +0.000000000000e+00
 1.40800000e+02,        +3.142274377614e-12,        +3.326007334033e-12,        +0.000000000000e+00,        +0.000000000000e+00,        +2.564489732014e-12,        +2.815750098698e-12,        +0.000000000000e+00,        +0.000000000000e+00,        +3.289021936901e-12,        +3.695429515742e-12,        +0.000000000000e+00,        +0.000000000000e+00,        +4.855597432581e-12,        +4.969056552941e-12,        +0.000000000000e+00,        +0.000000000000e+00,        +4.732844454995e-12,        +4.870086433138e-12,        +0.000000000000e+00,        +0.000000000000e+00,        +3.355045881768e-12,        +3.715888202372e-12,        +0.000000000000e+00,        +0.000000000000e+00,        +1.756026846056e-12,        +1.967042054686e-12,        +0.000000000000e+00,        +0.000000000000e+00
 1.42400000e+02,        +3.748618314493e-12,        +3.949787951521e-12,        +0.000000000000e+00,        +0.000000000000e+00,        +2.611647094621e-12,        +2.861417355883e-12,        +0.000000000000e+00,        +0.000000000000e+00,        +3.416377494541e-12,        +3.798268749560e-12,        +0.000000000000e+00,        +0.000000000000e+00,        +4.976041997584e-12,        +5.041242041845e-12,        +0.000000000000e+00,        +0.000000000000e+00,        +4.830842711488e-12,        +4.923950777355e-12,        +0.000000000000e+00,        +0.000000000000e+00,        +3.485194224540e-12,        +3.818504875327e-12,        +0.000000000000e+00,        +0.000000000000e+00,        +1.805602845994e-12,        +2.009767943644e-12,        +0.000000000000e+00,        +0.000000000000e+00
 1.44000000e+02,        +4.638899350487e-12,        +4.831913017533e-12,        +0.000000000000e+00,        +0.000000000000e+00,        +2.667458825596e-12,        +2.909951263568e-12,        +0.000000000000e+00,        +0.000000000000e+00,        +3.574613512770e-12,        +3.923743194883e-12,        +0.000000000000e+00,        +0.000000000000e+00,        +5.116903270311e-12,        +5.146941132363e-12,        +0.000000000000e+00,        +0.000000000000e+00,        +4.952675561017e-12,        +5.014456172956e-12,        +0.000000000000e+00,        +0.000000000000e+00,        +3.646870645027e-12,        +3.944236371879e-12,        +0.000000000000e+00,        +0.000000000000e+00,        +1.862082287351e-12,        +2.055554015450e-12,        +0.000000000000e+00,        +0.000000000000e+00
 1.45600000e+02,        +5.784621671333e-12,        +5.927269290246e-12,        +0.000000000000e+00,        +0.000000000000e+00,        +2.730835458129e-12,        +2.960858690584e-12,        +0.000000000000e+00,        +0.000000000000e+00,        +3.756794626688e-12,        +4.070092829269e-12,        +0.000000000000e+00,        +0.000000000000e+00,        +5.296395408840e-12,        +5.300378838149e-12,        +0.000000000000e+00,        +0.000000000000e+00,        +5.119005246887e-12,        +5.157296022561e-12,        +0.000000000000e+00,        +0.000000000000e+00,        +3.830751505578e-12,        +4.090079085675e-12,        +0.000000000000e+00,        +0.000000000000e+00,        +1.923680921640e-12,        +2.103294865841e-12,        +0.000000000000e+00,        +0.000000000000e+00
 1.47200000e+02,        +6.709119254912e-12,        +6.771801601700e-12,        +0.000000000000e+00,        +0.000000000000e+00,        +2.794573938303e-12,        +3.008831886108e-12,        +0.000000000000e+00,        +0.000000000000e+00,        +3.908538485092e-12,        +4.192771603093e-12,        +0.000000000000e+00,        +0.000000000000e+00,        +5.467576018086e-12,        +5.442619401835e-12,        +0.000000000000e+00,        +0.000000000000e+00,        +5.281300119526e-12,        +5.291589603380e-12,        +0.000000000000e+00,        +0.000000000000e+00,        +3.973828995060e-12,        +4.204597589455e-12,        +0.000000000000e+00,        +0.000000000000e+00,        +1.983606888423e-12,        +2.147897640430e-12,        +0.000000000000e+00,        +0.000000000000e+00
 1.48800000e+02,        +6.793952876175e-12,        +6.816617211505e-12,        +0.000000000000e+00,        +0.000000000000e+00,        +2.850544561717e-12,        +3.047569689337e-12,        +0.000000000000e+00,        +0.000000000000e+00,        +3.972832470829e-12,        +4.236810310531e-12,        +0.000000000000e+00,        +0.000000000000e+00,        +5.525384235646e-12,        +5.461492932147e-12,        +0.000000000000e+00,        +0.000000000000e+00,        +5.328297922907e-12,        +5.300524537888e-12,        +0.000000000000e+00,        +0.000000000000e+00,        +4.012501906501e-12,        +4.226208451388e-12,        +0.000000000000e+00,        +0.000000000000e+00,        +2.035852868156e-12,        +2.184584295915e-12,        +0.000000000000e+00,        +0.000000000000e+00
 1.50400000e+02,        +6.434661892120e-12,        +6.480844832754e-12,        +0.000000000000e+00,        +0.000000000000e+00,        +2.903409201037e-12,        +3.080908472686e-12,        +0.000000000000e+00,        +0.000000000000e+00,        +4.003828366962e-12,        +4.243824500793e-12,        +0.000000000000e+00,        +0.000000000000e+00,        +5.494241605475e-12,        +5.393315251199e-12,        +0.000000000000e+00,        +0.000000000000e+00,        +5.285203927869e-12,        +5.221945022899e-12,        +0.000000000000e+00,        +0.000000000000e+00,        +4.010597954372e-12,        +4.204215609014e-12,        +0.000000000000e+00,        +0.000000000000e+00,        +2.085784540004e-12,        +2.217655643810e-12,        +0.000000000000e+00,        +0.000000000000e+00
 1.52000000e+02,        +6.345139959938e-12,        +6.426644340971e-12,        +0.000000000000e+00,        +0.000000000000e+00,        +2.959954062753e-12,        +3.114688753837e-12,        +0.000000000000e+00,        +0.000000000000e+00,        +4.074050250473e-12,        +4.280800019042e-12,        +0.000000000000e+00,        +0.000000000000e+00,        +5.484210322544e-12,        +5.356012007784e-12,        +0.000000000000e+00,        +0.000000000000e+00,        +5.268373448553e-12,        +5.178460414795e-12,        +0.000000000000e+00,        +0.000000000000e+00,        +4.050647842846e-12,        +4.215450608295e-12,        +0.000000000000e+00,        +0.000000000000e+00,        +2.138949188634e-12,        +2.251938082397e-12,        +0.000000000000e+00,        +0.000000000000e+00
 1.53600000e+02,        +6.732810271933e-12,        +6.818290876185e-12,        +0.000000000000e+00,        +0.000000000000e+00,        +3.019974686870e-12,        +3.149278136402e-12,        +0.000000000000e+00,        +0.000000000000e+00,        +4.196519956121e-12,        +4.364948505405e-12,        +0.000000000000e+00,        +0.000000000000e+00,        +5.548255944703e-12,        +5.398097662163e-12,        +0.000000000000e+00,        +0.000000000000e+00,        +5.332954112356e-12,        +5.219340963793e-12,        +0.000000000000e+00,        +0.000000000000e+00,        +4.146782370144e-12,        +4.279465295166e-12,        +0.000000000000e+00,        +0.000000000000e+00,        +2.194409871069e-12,        +2.287146469829e-12,        +0.000000000000e+00,        +0.000000000000e+00
 1.55200000e+02,        +7.480526001999e-12,        +7.520092947317e-12,        +0.000000000000e+00,        +0.000000000000e+00,        +3.080027152202e-12,        +3.182387831548e-12,        +0.000000000000e+00,        +0.000000000000e+00,        +4.351935531844e-12,        +4.483284864116e-12,        +0.000000000000e+00,        +0.000000000000e+00,        +5.684752468445e-12,        +5.509422761497e-12,        +0.000000000000e+00,        +0.000000000000e+00,        +5.474699313821e-12,        +5.331553509531e-12,        +0.000000000000e+00,        +0.000000000000e+00,        +4.276914981810e-12,        +4.381500112937e-12,        +0.000000000000e+00,        +0.000000000000e+00,        +2.248744898183e-12,        +2.320881827833e-12,        +0.000000000000e+00,        +0.000000000000e+00
 1.56800000e+02,        +8.211634012058e-12,        +8.166329140124e-12,        +0.000000000000e+00,        +0.000000000000e+00,        +3.135359263968e-12,        +3.210450940848e-12,        +0.000000000000e+00,        +0.000000000000e+00,        +4.497538693937e-12,        +4.598435216141e-12,        +0.000000000000e+00,        +0.000000000000e+00,        +5.836218419188e-12,        +5.626037678405e-12,        +0.000000000000e+00,        +0.000000000000e+00,        +5.630195671240e-12,        +5.446310884126e-12,        +0.000000000000e+00,        +0.000000000000e+00,        +4.393528043780e-12,        +4.479395520890e-12,        +0.000000000000e+00,        +0.000000000000e+00,        +2.297793864551e-12,        +2.349867443632e-12,        +0.000000000000e+00,        +0.000000000000e+00
 1.58400000e+02,        +8.409509899709e-12,        +8.293903078399e-12,        +0.000000000000e+00,        +0.000000000000e+00,        +3.181218438623e-12,        +3.229494443933e-12,        +0.000000000000e+00,        +0.000000000000e+00,        +4.582148678892e-12,        +4.658865931909e-12,        +0.000000000000e+00,        +0.000000000000e+00,        +5.897028909525e-12,        +5.646790479369e-12,        +0.000000000000e+00,        +0.000000000000e+00,        +5.689617479362e-12,        +5.460152033355e-12,        +0.000000000000e+00,        +0.000000000000e+00,        +4.441889951279e-12,        +4.516380093886e-12,        +0.000000000000e+00,        +0.000000000000e+00,        +2.337894453539e-12,        +2.370789358292e-12,        +0.000000000000e+00,        +0.000000000000e+00
 1.60000000e+02,        +7.977068484015e-12,        +7.857746691833e-12,        +0.000000000000e+00,        +0.000000000000e+00,        +3.216385767389e-12,        +3.238331211704e-12,        +0.000000000000e+00,        +0.000000000000e+00,        +4.601056082228e-12,        +4.652108175008e-12,        +0.000000000000e+00,        +0.000000000000e+00,        +5.821261693271e-12,        +5.540819742154e-12,        +0.000000000000e+00,        +0.000000000000e+00,        +5.611066781047e-12,        +5.346697640489e-12,        +0.000000000000e+00,        +0.000000000000e+00,        +4.421085979038e-12,        +4.481719028154e-12,        +0.000000000000e+00,        +0.000000000000e+00,        +2.368457382001e-12,        +2.382809748614e-12,        +0.000000000000e+00,        +0.000000000000e+00
 1.61600000e+02,        +7.367607328125e-12,        +7.300360362043e-12,        +0.000000000000e+00,        +0.000000000000e+00,        +3.243318093283e-12,        +3.239217818744e-12,        +0.000000000000e+00,        +0.000000000000e+00,        +4.601043862090e-12,        +4.619190132308e-12,        +0.000000000000e+00,        +0.000000000000e+00,        +5.681385933494e-12,        +5.388182483551e-12,        +0.000000000000e+00,        +0.000000000000e+00,        +5.473975393863e-12,        +5.191548631843e-12,        +0.000000000000e+00,        +0.000000000000e+00,        +4.386234163205e-12,        +4.424501002671e-12,        +0.000000000000e+00,        +0.000000000000e+00,        +2.391373663251e-12,        +2.387681847524e-12,        +0.000000000000e+00,        +0.000000000000e+00
 1.63200000e+02,        +7.002018593198e-12,        +6.997776106164e-12,        +0.000000000000e+00,        +0.000000000000e+00,        +3.264167659014e-12,        +3.234409141377e-12,        +0.000000000000e+00,        +0.000000000000e+00,        +4.620373692384e-12,        +4.599790908876e-12,        +0.000000000000e+00,        +0.000000000000e+00,        +5.567521984364e-12,        +5.273568569218e-12,        +0.000000000000e+00,        +0.000000000000e+00,        +5.369811314068e-12,        +5.079704199531e-12,        +0.000000000000e+00,        +0.000000000000e+00,        +4.380500239202e-12,        +4.390147706535e-12,        +0.000000000000e+00,        +0.000000000000e+00,        +2.407870173356e-12,        +2.386917036472e-12,        +0.000000000000e+00,        +0.000000000000e+00
 1.64800000e+02,        +7.028281563553e-12,        +7.063283474856e-12,        +0.000000000000e+00,        +0.000000000000e+00,        +3.279501035899e-12,        +3.224730180744e-12,        +0.000000000000e+00,        +0.000000000000e+00,        +4.668861576309e-12,        +4.608243700606e-12,        +0.000000000000e+00,        +0.000000000000e+00,        +5.523492311873e-12,        +5.231591109007e-12,        +0.000000000000e+00,        +0.000000000000e+00,        +5.339056591871e-12,        +5.042648592667e-12,        +0.000000000000e+00,        +0.000000000000e+00,        +4.414523119689e-12,        +4.394299076983e-12,        +0.000000000000e+00,        +0.000000000000e+00,        +2.417944818835e-12,        +2.380897459212e-12,        +0.000000000000e+00,        +0.000000000000e+00
 1.66400000e+02,        +7.415357490479e-12,        +7.447508530464e-12,        +0.000000000000e+00,        +0.000000000000e+00,        +3.289096529725e-12,        +3.210184317290e-12,        +0.000000000000e+00,        +0.000000000000e+00,        +4.739017313398e-12,        +4.641578397429e-12,        +0.000000000000e+00,        +0.000000000000e+00,        +5.553395862839e-12,        +5.258751674372e-12,        +0.000000000000e+00,        +0.000000000000e+00,        +5.381078492008e-12,        +5.073182411529e-12,        +0.000000000000e+00,        +0.000000000000e+00,        +4.479753416586e-12,        +4.432742600775e-12,        +0.000000000000e+00,        +0.000000000000e+00,        +2.421169608787e-12,        +2.369490685714e-12,        +0.000000000000e+00,        +0.000000000000e+00
 1.68000000e+02,        +7.966596315040e-12,        +7.954906557828e-12,        +0.000000000000e+00,        +0.000000000000e+00,        +3.292306049684e-12,        +3.190320651083e-12,        +0.000000000000e+00,        +0.000000000000e+00,        +4.808103711227e-12,        +4.680177160785e-12,        +0.000000000000e+00,        +0.000000000000e+00,        +5.620577159358e-12,        +5.315344731408e-12,        +0.000000000000e+00,        +0.000000000000e+00,        +5.455164098076e-12,        +5.129012378727e-12,        +0.000000000000e+00,        +0.000000000000e+00,        +4.551067850527e-12,        +4.482651098382e-12,        +0.000000000000e+00,        +0.000000000000e+00,        +2.417003811930e-12,        +2.352363978655e-12,        +0.000000000000e+00,        +0.000000000000e+00
 1.69600000e+02,        +8.294168450047e-12,        +8.233414828726e-12,        +0.000000000000e+00,        +0.000000000000e+00,        +3.288135644829e-12,        +3.164334340073e-12,        +0.000000000000e+00,        +0.000000000000e+00,        +4.838858158938e-12,        +4.685764065528e-12,        +0.000000000000e+00,        +0.000000000000e+00,        +5.644817875374e-12,        +5.327591833417e-12,        +0.000000000000e+00,        +0.000000000000e+00,        +5.480918143272e-12,        +5.137322327549e-12,        +0.000000000000e+00,        +0.000000000000e+00,        +4.587961027571e-12,        +4.501222042230e-12,        +0.000000000000e+00,        +0.000000000000e+00,        +2.404923175383e-12,        +2.329091763849e-12,        +0.000000000000e+00,        +0.000000000000e+00
 1.71200000e+02,        +8.109490633865e-12,        +8.049151681344e-12,        +0.000000000000e+00,        +0.000000000000e+00,        +3.276194913039e-12,        +3.131901624858e-12,        +0.000000000000e+00,        +0.000000000000e+00,        +4.810710243098e-12,        +4.632199765771e-12,        +0.000000000000e+00,        +0.000000000000e+00,        +5.573599042730e-12,        +5.255674465987e-12,        +0.000000000000e+00,        +0.000000000000e+00,        +5.411135585080e-12,        +5.063085871591e-12,        +0.000000000000e+00,        +0.000000000000e+00,        +4.568627966639e-12,        +4.460401286449e-12,        +0.000000000000e+00,        +0.000000000000e+00,        +2.385123192745e-12,        +2.299789835490e-12,        +0.000000000000e+00,        +0.000000000000e+00
 1.72800000e+02,        +7.595707004833e-12,        +7.595563726980e-12,        +0.000000000000e+00,        +0.000000000000e+00,        +3.257596084092e-12,        +3.094039502821e-12,        +0.000000000000e+00,        +0.000000000000e+00,        +4.749141906078e-12,        +4.542339994243e-12,        +0.000000000000e+00,        +0.000000000000e+00,        +5.463312311876e-12,        +5.157615067575e-12,        +0.000000000000e+00,        +0.000000000000e+00,        +5.306244733585e-12,        +4.966770267032e-12,        +0.000000000000e+00,        +0.000000000000e+00,        +4.520728288617e-12,        +4.385985655412e-12,        +0.000000000000e+00,        +0.000000000000e+00,        +2.358921683240e-12,        +2.265614329950e-12,        +0.000000000000e+00,        +0.000000000000e+00
 1.74400000e+02,        +7.123489087225e-12,        +7.206039930413e-12,        +0.000000000000e+00,        +0.000000000000e+00,        +3.233828865751e-12,        +3.052186897625e-12,        +0.000000000000e+00,        +0.000000000000e+00,        +4.690092961936e-12,        +4.456275929274e-12,        +0.000000000000e+00,        +0.000000000000e+00,        +5.404853719685e-12,        +5.112285061175e-12,        +0.000000000000e+00,        +0.000000000000e+00,        +5.254768347487e-12,        +4.924423513451e-12,        +0.000000000000e+00,        +0.000000000000e+00,        +4.481987203170e-12,        +4.320915104632e-12,        +0.000000000000e+00,        +0.000000000000e+00,        +2.327753113397e-12,        +2.227932385337e-12,        +0.000000000000e+00,        +0.000000000000e+00
 1.76000000e+02,        +6.869408638441e-12,        +7.022945416839e-12,        +0.000000000000e+00,        +0.000000000000e+00,        +3.205576734101e-12,        +3.007122373526e-12,        +0.000000000000e+00,        +0.000000000000e+00,        +4.645164172514e-12,        +4.391412227043e-12,        +0.000000000000e+00,        +0.000000000000e+00,        +5.433546989561e-12,        +5.142946478639e-12,        +0.000000000000e+00,        +0.000000000000e+00,        +5.287503022204e-12,        +4.955639169598e-12,        +0.000000000000e+00,        +0.000000000000e+00,        +4.463256780865e-12,        +4.282195418967e-12,        +0.000000000000e+00,        +0.000000000000e+00,        +2.292398294975e-12,        +2.187538234855e-12,        +0.000000000000e+00,        +0.000000000000e+00
 1.77600000e+02,        +6.836856999131e-12,        +7.034511368284e-12,        +0.000000000000e+00,        +0.000000000000e+00,        +3.172693764243e-12,        +2.958891263868e-12,        +0.000000000000e+00,        +0.000000000000e+00,        +4.606776250510e-12,        +4.344095839763e-12,        +0.000000000000e+00,        +0.000000000000e+00,        +5.532207712284e-12,        +5.226315032498e-12,        +0.000000000000e+00,        +0.000000000000e+00,        +5.384519337951e-12,        +5.035598271195e-12,        +0.000000000000e+00,        +0.000000000000e+00,        +4.454891689585e-12,        +4.263903952414e-12,        +0.000000000000e+00,        +0.000000000000e+00,        +2.253032873483e-12,        +2.144641714952e-12,        +0.000000000000e+00,        +0.000000000000e+00
 1.79200000e+02,        +6.971520363078e-12,        +7.181992048229e-12,        +0.000000000000e+00,        +0.000000000000e+00,        +3.134401768759e-12,        +2.906984583988e-12,        +0.000000000000e+00,        +0.000000000000e+00,        +4.559760702242e-12,        +4.300735197512e-12,        +0.000000000000e+00,        +0.000000000000e+00,        +5.654381564812e-12,        +5.315702927506e-12,        +0.000000000000e+00,        +0.000000000000e+00,        +5.499179284137e-12,        +5.118469782956e-12,        +0.000000000000e+00,        +0.000000000000e+00,        +4.439509415290e-12,        +4.249769745987e-12,        +0.000000000000e+00,        +0.000000000000e+00,        +2.209363121836e-12,        +2.099011086907e-12,        +0.000000000000e+00,        +0.000000000000e+00
 1.80800000e+02,        +7.212256785604e-12,        +7.403592263882e-12,        +0.000000000000e+00,        +0.000000000000e+00,        +3.089559238905e-12,        +2.850621682965e-12,        +0.000000000000e+00,        +0.000000000000e+00,        +4.488096333724e-12,        +4.244345220370e-12,        +0.000000000000e+00,        +0.000000000000e+00,        +5.739303694927e-12,        +5.355912240215e-12,        +0.000000000000e+00,        +0.000000000000e+00,        +5.572975947895e-12,        +5.151865259466e-12,        +0.000000000000e+00,        +0.000000000000e+00,        +4.399187702343e-12,        +4.220345232051e-12,        +0.000000000000e+00,        +0.000000000000e+00,        +2.160845435197e-12,        +2.050203635439e-12,        +0.000000000000e+00,        +0.000000000000e+00
 1.82400000e+02,        +7.501458832477e-12,        +7.642592843535e-12,        +0.000000000000e+00,        +0.000000000000e+00,        +3.037315899506e-12,        +2.789363540755e-12,        +0.000000000000e+00,        +0.000000000000e+00,        +4.381048866872e-12,        +4.160611412199e-12,        +0.000000000000e+00,        +0.000000000000e+00,        +5.730935839324e-12,        +5.301419449439e-12,        +0.000000000000e+00,        +0.000000000000e+00,        +5.553889962199e-12,        +5.094025684301e-12,        +0.000000000000e+00,        +0.000000000000e+00,        +4.321813316947e-12,        +4.159518183599e-12,        +0.000000000000e+00,        +0.000000000000e+00,        +2.107223187252e-12,        +1.998051820350e-12,        +0.000000000000e+00,        +0.000000000000e+00
 1.84000000e+02,        +7.784869403045e-12,        +7.847295304482e-12,        +0.000000000000e+00,        +0.000000000000e+00,        +2.977970631405e-12,        +2.723833520743e-12,        +0.000000000000e+00,        +0.000000000000e+00,        +4.238555820688e-12,        +4.044279401399e-12,        +0.000000000000e+00,        +0.000000000000e+00,        +5.601609181227e-12,        +5.136376797366e-12,        +0.000000000000e+00,        +0.000000000000e+00,        +5.418425168828e-12,        +4.932168451189e-12,        +0.000000000000e+00,        +0.000000000000e+00,        +4.206557864235e-12,        +4.061286391904e-12,        +0.000000000000e+00,        +0.000000000000e+00,        +2.049167043261e-12,        +1.943198409615e-12,        +0.000000000000e+00,        +0.000000000000e+00
 1.85600000e+02,        +8.012358085374e-12,        +7.972552528622e-12,        +0.000000000000e+00,        +0.000000000000e+00,        +2.913315695794e-12,        +2.655907597198e-12,        +0.000000000000e+00,        +0.000000000000e+00,        +4.071471618859e-12,        +3.901415992038e-12,        +0.000000000000e+00,        +0.000000000000e+00,        +5.363295222846e-12,        +4.880846342874e-12,        +0.000000000000e+00,        +0.000000000000e+00,        +5.181065232996e-12,        +4.687344821369e-12,        +0.000000000000e+00,        +0.000000000000e+00,        +4.064029550073e-12,        +3.932026666304e-12,        +0.000000000000e+00,        +0.000000000000e+00,        +1.988438463175e-12,        +1.887188449721e-12,        +0.000000000000e+00,        +0.000000000000e+00
 1.87200000e+02,        +8.142203755327e-12,        +7.984351120740e-12,        +0.000000000000e+00,        +0.000000000000e+00,        +2.846101082870e-12,        +2.588135169994e-12,        +0.000000000000e+00,        +0.000000000000e+00,        +3.895838125844e-12,        +3.745278851954e-12,        +0.000000000000e+00,        +0.000000000000e+00,        +5.056108086235e-12,        +4.576701455517e-12,        +0.000000000000e+00,        +0.000000000000e+00,        +4.882094351910e-12,        +4.400299092723e-12,        +0.000000000000e+00,        +0.000000000000e+00,        +3.910307909966e-12,        +3.785914921356e-12,        +0.000000000000e+00,        +0.000000000000e+00,        +1.927367731527e-12,        +1.831981434488e-12,        +0.000000000000e+00,        +0.000000000000e+00
 1.88800000e+02,        +8.147202834607e-12,        +7.865206732776e-12,        +0.000000000000e+00,        +0.000000000000e+00,        +2.779120915798e-12,        +2.522911159728e-12,        +0.000000000000e+00,        +0.000000000000e+00,        +3.726099201129e-12,        +3.589685612865e-12,        +0.000000000000e+00,        +0.000000000000e+00,        +4.725821719366e-12,        +4.266405055919e-12,        +0.000000000000e+00,        +0.000000000000e+00,        +4.565824327501e-12,        +4.111318202064e-12,        +0.000000000000e+00,        +0.000000000000e+00,        +3.759946755617e-12,        +3.637747190444e-12,        +0.000000000000e+00,        +0.000000000000e+00,        +1.868119286501e-12,        +1.779321124449e-12,        +0.000000000000e+00,        +0.000000000000e+00
 1.90400000e+02,        +8.019053821137e-12,        +7.616934606919e-12,        +0.000000000000e+00,        +0.000000000000e+00,        +2.714602525063e-12,        +2.461988612728e-12,        +0.000000000000e+00,        +0.000000000000e+00,        +3.571730789045e-12,        +3.444787784871e-12,        +0.000000000000e+00,        +0.000000000000e+00,        +4.408016241806e-12,        +3.980134442142e-12,        +0.000000000000e+00,        +0.000000000000e+00,        +4.265902094704e-12,        +3.848479665989e-12,        +0.000000000000e+00,        +0.000000000000e+00,        +3.622515241590e-12,        +3.498411472219e-12,        +0.000000000000e+00,        +0.000000000000e+00,        +1.812269088671e-12,        +1.730402623062e-12,        +0.000000000000e+00,        +0.000000000000e+00
 1.92000000e+02,        +7.768220995169e-12,        +7.258659584432e-12,        +0.000000000000e+00,        +0.000000000000e+00,        +2.654069221926e-12,        +2.406425684569e-12,        +0.000000000000e+00,        +0.000000000000e+00,        +3.437401371317e-12,        +3.316310592036e-12,        +0.000000000000e+00,        +0.000000000000e+00,        +4.124010708782e-12,        +3.734007598277e-12,        +0.000000000000e+00,        +0.000000000000e+00,        +4.002022030413e-12,        +3.626431642183e-12,        +0.000000000000e+00,        +0.000000000000e+00,        +3.502760693522e-12,        +3.374094007362e-12,        +0.000000000000e+00,        +0.000000000000e+00,        +1.760770780835e-12,        +1.685875283827e-12,        +0.000000000000e+00,        +0.000000000000e+00
 1.93600000e+02,        +7.419101093448e-12,        +6.820650248392e-12,        +0.000000000000e+00,        +0.000000000000e+00,        +2.598471750418e-12,        +2.356750659876e-12,        +0.000000000000e+00,        +0.000000000000e+00,        +3.324603902441e-12,        +3.206656573949e-12,        +0.000000000000e+00,        +0.000000000000e+00,        +3.883794665953e-12,        +3.533963060820e-12,        +0.000000000000e+00,        +0.000000000000e+00,        +3.783117034811e-12,        +3.450325536436e-12,        +0.000000000000e+00,        +0.000000000000e+00,        +3.402267300296e-12,        +3.267470031239e-12,        +0.000000000000e+00,        +0.000000000000e+00,        +1.714112870906e-12,        +1.645997603709e-12,        +0.000000000000e+00,        +0.000000000000e+00
 1.95200000e+02,        +7.002744933615e-12,        +6.336635448917e-12,        +0.000000000000e+00,        +0.000000000000e+00,        +2.548374369513e-12,        +2.313151960941e-12,        +0.000000000000e+00,        +0.000000000000e+00,        +3.233229166546e-12,        +3.116309945335e-12,        +0.000000000000e+00,        +0.000000000000e+00,        +3.690541437399e-12,        +3.380321473130e-12,        +0.000000000000e+00,        +0.000000000000e+00,        +3.611829006606e-12,        +3.320214494249e-12,        +0.000000000000e+00,        +0.000000000000e+00,        +3.321045328767e-12,        +3.179201392151e-12,        +0.000000000000e+00,        +0.000000000000e+00,        +1.672494006290e-12,        +1.610795975713e-12,        +0.000000000000e+00,        +0.000000000000e+00
 1.96800000e+02,        +6.550027864180e-12,        +5.837405362663e-12,        +0.000000000000e+00,        +0.000000000000e+00,        +2.504099368592e-12,        +2.275616383697e-12,        +0.000000000000e+00,        +0.000000000000e+00,        +3.162590717883e-12,        +3.044880869339e-12,        +0.000000000000e+00,        +0.000000000000e+00,        +3.544175908622e-12,        +3.271049966228e-12,        +0.000000000000e+00,        +0.000000000000e+00,        +3.487938220572e-12,        +3.234129510992e-12,        +0.000000000000e+00,        +0.000000000000e+00,        +3.258556423216e-12,        +3.109041724538e-12,        +0.000000000000e+00,        +0.000000000000e+00,        +1.635948971603e-12,        +1.580174320022e-12,        +0.000000000000e+00,        +0.000000000000e+00
 1.98400000e+02,        +6.087114970777e-12,        +5.347148801604e-12,        +0.000000000000e+00,        +0.000000000000e+00,        +2.465813635850e-12,        +2.244008772126e-12,        +0.000000000000e+00,        +0.000000000000e+00,        +3.111947253156e-12,        +2.991711607006e-12,        +0.000000000000e+00,        +0.000000000000e+00,        +3.443546328030e-12,        +3.203585632272e-12,        +0.000000000000e+00,        +0.000000000000e+00,        +3.410399848945e-12,        +3.189755887875e-12,        +0.000000000000e+00,        +0.000000000000e+00,        +3.214227160744e-12,        +3.056473367304e-12,        +0.000000000000e+00,        +0.000000000000e+00,        +1.604420463658e-12,        +1.553974178140e-12,        +0.000000000000e+00,        +0.000000000000e+00
 2.00000000e+02,        +5.633547127144e-12,        +4.882451341209e-12,        +0.000000000000e+00,        +0.000000000000e+00,        +2.433567222131e-12,        +2.218106293177e-12,        +0.000000000000e+00,        +0.000000000000e+00,        +3.080681447951e-12,        +2.956149113990e-12,        +0.000000000000e+00,        +0.000000000000e+00,        +3.387483258330e-12,        +3.175611849787e-12,        +0.000000000000e+00,        +0.000000000000e+00,        +3.378293894628e-12,        +3.185104545817e-12,        +0.000000000000e+00,        +0.000000000000e+00,        +3.187616006670e-12,        +3.020992337581e-12,        +0.000000000000e+00,        +0.000000000000e+00,        +1.577788860928e-12,        +1.531997739532e-12,        +0.000000000000e+00,        +0.000000000000e+00
 2.01600000e+02,        +5.202284906695e-12,        +4.453053006735e-12,        +0.000000000000e+00,        +0.000000000000e+00,        +2.407294023129e-12,        +2.197598403449e-12,        +0.000000000000e+00,        +0.000000000000e+00,        +3.068245143989e-12,        +2.937582467133e-12,        +0.000000000000e+00,        +0.000000000000e+00,        +3.375071991725e-12,        +3.185136332195e-12,        +0.000000000000e+00,        +0.000000000000e+00,        +3.391003983469e-12,        +3.218505608023e-12,        +0.000000000000e+00,        +0.000000000000e+00,        +3.178346811003e-12,        +3.002148734809e-12,        +0.000000000000e+00,        +0.000000000000e+00,        +1.555869590062e-12,        +1.514002901104e-12,        +0.000000000000e+00,        +0.000000000000e+00
 2.03200000e+02,        +4.800794595051e-12,        +4.063384054440e-12,        +0.000000000000e+00,        +0.000000000000e+00,        +2.386778180958e-12,        +2.182057034123e-12,        +0.000000000000e+00,        +0.000000000000e+00,        +3.073906540264e-12,        +2.935288667563e-12,        +0.000000000000e+00,        +0.000000000000e+00,        +3.405303397433e-12,        +3.230039791565e-12,        +0.000000000000e+00,        +0.000000000000e+00,        +3.447767048118e-12,        +3.288067557972e-12,        +0.000000000000e+00,        +0.000000000000e+00,        +3.185845518400e-12,        +2.999390162105e-12,        +0.000000000000e+00,        +0.000000000000e+00,        +1.538380986141e-12,        +1.499673326614e-12,        +0.000000000000e+00,        +0.000000000000e+00
 2.04800000e+02,        +4.432453464433e-12,        +3.714193717956e-12,        +0.000000000000e+00,        +0.000000000000e+00,        +2.371585578075e-12,        +2.170877961085e-12,        +0.000000000000e+00,        +0.000000000000e+00,        +3.096283309801e-12,        +2.948083580453e-12,        +0.000000000000e+00,        +0.000000000000e+00,        +3.476108457481e-12,        +3.307119046596e-12,        +0.000000000000e+00,        +0.000000000000e+00,        +3.546573717925e-12,        +3.390602614601e-12,        +0.000000000000e+00,        +0.000000000000e+00,        +3.208864019444e-12,        +3.011704685781e-12,        +0.000000000000e+00,        +0.000000000000e+00,        +1.524881484910e-12,        +1.488563129234e-12,        +0.000000000000e+00,        +0.000000000000e+00
 2.06400000e+02,        +4.097859395786e-12,        +3.403928932935e-12,        +0.000000000000e+00,        +0.000000000000e+00,        +2.360964042759e-12,        +2.163198748422e-12,        +0.000000000000e+00,        +0.000000000000e+00,        +3.132644694756e-12,        +2.973766048108e-12,        +0.000000000000e+00,        +0.000000000000e+00,        +3.582724196631e-12,        +3.410616436665e-12,        +0.000000000000e+00,        +0.000000000000e+00,        +3.682349015457e-12,        +3.519997377259e-12,        +0.000000000000e+00,        +0.000000000000e+00,        +3.244774405380e-12,        +3.037047979464e-12,        +0.000000000000e+00,        +0.000000000000e+00,        +1.514678480935e-12,        +1.480019283654e-12,        +0.000000000000e+00,        +0.000000000000e+00
 2.08000000e+02,        +3.795876597515e-12,        +3.129761220298e-12,        +0.000000000000e+00,        +0.000000000000e+00,        +2.353736382698e-12,        +2.157817143853e-12,        +0.000000000000e+00,        +0.000000000000e+00,        +3.178062810596e-12,        +3.008413348853e-12,        +0.000000000000e+00,        +0.000000000000e+00,        +3.715508692101e-12,        +3.530408108791e-12,        +0.000000000000e+00,        +0.000000000000e+00,        +3.844541989051e-12,        +3.665217935531e-12,        +0.000000000000e+00,        +0.000000000000e+00,        +3.288715544780e-12,        +3.071608391541e-12,        +0.000000000000e+00,        +0.000000000000e+00,        +1.506729044370e-12,        +1.473100739020e-12,        +0.000000000000e+00,        +0.000000000000e+00
 2.09600000e+02,        +3.524394092192e-12,        +2.888285725938e-12,        +0.000000000000e+00,        +0.000000000000e+00,        +2.348252258116e-12,        +2.153169273045e-12,        +0.000000000000e+00,        +0.000000000000e+00,        +3.224741866188e-12,        +3.045782436571e-12,        +0.000000000000e+00,        +0.000000000000e+00,        +3.857879383898e-12,        +3.650528325909e-12,        +0.000000000000e+00,        +0.000000000000e+00,        +4.014876215515e-12,        +3.808704033420e-12,        +0.000000000000e+00,        +0.000000000000e+00,        +3.332924877018e-12,        +3.109164004571e-12,        +0.000000000000e+00,        +0.000000000000e+00,        +1.499589866303e-12,        +1.466544912013e-12,        +0.000000000000e+00,        +0.000000000000e+00
 2.11200000e+02,        +3.280838403569e-12,        +2.675962426533e-12,        +0.000000000000e+00,        +0.000000000000e+00,        +2.342510927985e-12,        +2.147461947090e-12,        +0.000000000000e+00,        +0.000000000000e+00,        +3.262201384603e-12,        +3.077361022881e-12,        +0.000000000000e+00,        +0.000000000000e+00,        +3.985947089239e-12,        +3.749432871116e-12,        +0.000000000000e+00,        +0.000000000000e+00,        +4.167006141049e-12,        +3.926710855856e-12,        +0.000000000000e+00,        +0.000000000000e+00,        +3.366937360200e-12,        +3.141088410924e-12,        +0.000000000000e+00,        +0.000000000000e+00,        +1.491515876660e-12,        +1.458865974871e-12,        +0.000000000000e+00,        +0.000000000000e+00
 2.12800000e+02,        +3.062499632878e-12,        +2.489373574036e-12,        +0.000000000000e+00,        +0.000000000000e+00,        +2.334551176907e-12,        +2.139030061057e-12,        +0.000000000000e+00,        +0.000000000000e+00,        +3.279079039057e-12,        +3.093716768250e-12,        +0.000000000000e+00,        +0.000000000000e+00,        +4.071893507398e-12,        +3.803618431055e-12,        +0.000000000000e+00,        +0.000000000000e+00,        +4.270333644175e-12,        +3.993381601998e-12,        +0.000000000000e+00,        +0.000000000000e+00,        +3.379419485039e-12,        +3.157685300699e-12,        +0.000000000000e+00,        +0.000000000000e+00,        +1.480796170488e-12,        +1.448654786637e-12,        +0.000000000000e+00,        +0.000000000000e+00
 2.14400000e+02,        +2.866726027726e-12,        +2.325358850534e-12,        +0.000000000000e+00,        +0.000000000000e+00,        +2.323044527979e-12,        +2.126843907828e-12,        +0.000000000000e+00,        +0.000000000000e+00,        +3.266554776308e-12,        +3.087216700137e-12,        +0.000000000000e+00,        +0.000000000000e+00,        +4.091674101309e-12,        +3.794666448398e-12,        +0.000000000000e+00,        +0.000000000000e+00,        +4.298588319616e-12,        +3.988596900635e-12,        +0.000000000000e+00,        +0.000000000000e+00,        +3.361630295532e-12,        +3.150960864176e-12,        +0.000000000000e+00,        +0.000000000000e+00,        +1.466277080743e-12,        +1.435026398347e-12,        +0.000000000000e+00,        +0.000000000000e+00
 2.16000000e+02,        +2.691030757493e-12,        +2.181073623334e-12,        +0.000000000000e+00,        +0.000000000000e+00,        +2.307778759452e-12,        +2.110885078780e-12,        +0.000000000000e+00,        +0.000000000000e+00,        +3.221823409488e-12,        +3.054913959935e-12,        +0.000000000000e+00,        +0.000000000000e+00,        +4.033886760146e-12,        +3.716508613549e-12,        +0.000000000000e+00,        +0.000000000000e+00,        +4.239624618981e-12,        +3.906014763766e-12,        +0.000000000000e+00,        +0.000000000000e+00,        +3.310913906045e-12,        +3.117631956796e-12,        +0.000000000000e+00,        +0.000000000000e+00,        +1.447799802077e-12,        +1.417974041899e-12,        +0.000000000000e+00,        +0.000000000000e+00
 2.17600000e+02,        +2.533142721967e-12,        +2.054001522144e-12,        +0.000000000000e+00,        +0.000000000000e+00,        +2.289665605553e-12,        +2.092092023085e-12,        +0.000000000000e+00,        +0.000000000000e+00,        +3.149223079408e-12,        +2.999651715304e-12,        +0.000000000000e+00,        +0.000000000000e+00,        +3.904014997547e-12,        +3.577930712127e-12,        +0.000000000000e+00,        +0.000000000000e+00,        +4.100018953106e-12,        +3.755773224845e-12,        +0.000000000000e+00,        +0.000000000000e+00,        +3.231812770577e-12,        +3.060358091258e-12,        +0.000000000000e+00,        +0.000000000000e+00,        +1.426224214550e-12,        +1.398355695297e-12,        +0.000000000000e+00,        +0.000000000000e+00
 2.19200000e+02,        +2.391023262237e-12,        +1.941941702976e-12,        +0.000000000000e+00,        +0.000000000000e+00,        +2.270233302721e-12,        +2.071878539094e-12,        +0.000000000000e+00,        +0.000000000000e+00,        +3.058110285166e-12,        +2.928534459744e-12,        +0.000000000000e+00,        +0.000000000000e+00,        +3.720954503903e-12,        +3.398319999662e-12,        +0.000000000000e+00,        +0.000000000000e+00,        +3.901104668035e-12,        +3.559688973299e-12,        +0.000000000000e+00,        +0.000000000000e+00,        +3.133900162390e-12,        +2.986266870329e-12,        +0.000000000000e+00,        +0.000000000000e+00,        +1.402992376315e-12,        +1.377493219196e-12,        +0.000000000000e+00,        +0.000000000000e+00
 2.20800000e+02,        +2.262863104385e-12,        +1.842983450552e-12,        +0.000000000000e+00,        +0.000000000000e+00,        +2.250960548064e-12,        +2.051555486824e-12,        +0.000000000000e+00,        +0.000000000000e+00,        +2.959087196547e-12,        +2.849955033782e-12,        +0.000000000000e+00,        +0.000000000000e+00,        +3.508722325869e-12,        +3.199888102522e-12,        +0.000000000000e+00,        +0.000000000000e+00,        +3.669727324229e-12,        +3.342588479170e-12,        +0.000000000000e+00,        +0.000000000000e+00,        +3.027965915444e-12,        +2.903939232850e-12,        +0.000000000000e+00,        +0.000000000000e+00,        +1.379538922629e-12,        +1.356661206976e-12,        +0.000000000000e+00,        +0.000000000000e+00
 2.22400000e+02,        +2.147068581818e-12,        +1.755475634237e-12,        +0.000000000000e+00,        +0.000000000000e+00,        +2.232839090617e-12,        +2.031980005206e-12,        +0.000000000000e+00,        +0.000000000000e+00,        +2.860957551067e-12,        +2.771088769380e-12,        +0.000000000000e+00,        +0.000000000000e+00,        +3.288891694471e-12,        +3.001294541677e-12,        +0.000000000000e+00,        +0.000000000000e+00,        +3.429876991266e-12,        +3.125245997315e-12,        +0.000000000000e+00,        +0.000000000000e+00,        +2.922953056763e-12,        +2.820813789784e-12,        +0.000000000000e+00,        +0.000000000000e+00,        +1.356892919613e-12,        +1.336757366286e-12,        +0.000000000000e+00,        +0.000000000000e+00
 2.24000000e+02,        +2.042242714474e-12,        +1.677995310819e-12,        +0.000000000000e+00,        +0.000000000000e+00,        +2.216275511336e-12,        +2.013502957450e-12,        +0.000000000000e+00,        +0.000000000000e+00,        +2.769491245914e-12,        +2.696794605422e-12,        +0.000000000000e+00,        +0.000000000000e+00,        +3.076854728421e-12,        +2.814975640129e-12,        +0.000000000000e+00,        +0.000000000000e+00,        +3.198600499980e-12,        +2.921460038767e-12,        +0.000000000000e+00,        +0.000000000000e+00,        +2.824725533186e-12,        +2.742009251458e-12,        +0.000000000000e+00,        +0.000000000000e+00,        +1.335576483089e-12,        +1.318231990254e-12,        +0.000000000000e+00,        +0.000000000000e+00
 2.25600000e+02,        +1.947164518554e-12,        +1.609317811121e-12,        +0.000000000000e+00,        +0.000000000000e+00,        +2.201213509146e-12,        +1.996095835124e-12,        +0.000000000000e+00,        +0.000000000000e+00,        +2.687626081628e-12,        +2.629687222317e-12,        +0.000000000000e+00,        +0.000000000000e+00,        +2.881562544804e-12,        +2.647467530351e-12,        +0.000000000000e+00,        +0.000000000000e+00,        +2.985766575958e-12,        +2.738451001382e-12,        +0.000000000000e+00,        +0.000000000000e+00,        +2.736283664182e-12,        +2.670354630949e-12,        +0.000000000000e+00,        +0.000000000000e+00,        +1.315700771899e-12,        +1.301182065655e-12,        +0.000000000000e+00,        +0.000000000000e+00
 2.27200000e+02,        +1.860768512752e-12,        +1.548389462593e-12,        +0.000000000000e+00,        +0.000000000000e+00,        +2.187320764860e-12,        +1.979519754942e-12,        +0.000000000000e+00,        +0.000000000000e+00,        +2.616276818910e-12,        +2.570734756654e-12,        +0.000000000000e+00,        +0.000000000000e+00,        +2.706988404711e-12,        +2.501024342805e-12,        +0.000000000000e+00,        +0.000000000000e+00,        +2.795722048525e-12,        +2.578682281410e-12,        +0.000000000000e+00,        +0.000000000000e+00,        +2.658587087307e-12,        +2.606976703533e-12,        +0.000000000000e+00,        +0.000000000000e+00,        +1.297122922615e-12,        +1.285490915593e-12,        +0.000000000000e+00,        +0.000000000000e+00
 2.28800000e+02,        +1.782125485846e-12,        +1.494303388544e-12,        +0.000000000000e+00,        +0.000000000000e+00,        +2.174149694870e-12,        +1.963462449092e-12,        +0.000000000000e+00,        +0.000000000000e+00,        +2.555165235252e-12,        +2.519904703839e-12,        +0.000000000000e+00,        +0.000000000000e+00,        +2.553899229926e-12,        +2.375311596381e-12,        +0.000000000000e+00,        +0.000000000000e+00,        +2.629271405786e-12,        +2.441751383954e-12,        +0.000000000000e+00,        +0.000000000000e+00,        +2.591394461374e-12,        +2.551952508016e-12,        +0.000000000000e+00,        +0.000000000000e+00,        +1.279582883318e-12,        +1.270945767626e-12,        +0.000000000000e+00,        +0.000000000000e+00
 2.30400000e+02,        +1.710425027555e-12,        +1.446278415702e-12,        +0.000000000000e+00,        +0.000000000000e+00,        +2.161245977083e-12,        +1.947625583781e-12,        +0.000000000000e+00,        +0.000000000000e+00,        +2.503438979553e-12,        +2.476658022675e-12,        +0.000000000000e+00,        +0.000000000000e+00,        +2.421285730397e-12,        +2.268681802354e-12,        +0.000000000000e+00,        +0.000000000000e+00,        +2.485266029921e-12,        +2.325808768960e-12,        +0.000000000000e+00,        +0.000000000000e+00,        +2.533887505324e-12,        +2.504815299007e-12,        +0.000000000000e+00,        +0.000000000000e+00,        +1.262795852666e-12,        +1.257314924099e-12,        +0.000000000000e+00,        +0.000000000000e+00
 2.32000000e+02,        +1.644959988621e-12,        +1.403640905920e-12,        +0.000000000000e+00,        +0.000000000000e+00,        +2.148210840619e-12,        +1.931770823145e-12,        +0.000000000000e+00,        +0.000000000000e+00,        +2.460059361517e-12,        +2.440265062180e-12,        +0.000000000000e+00,        +0.000000000000e+00,        +2.307319498609e-12,        +2.178981875077e-12,        +0.000000000000e+00,        +0.000000000000e+00,        +2.361663249571e-12,        +2.228452910896e-12,        +0.000000000000e+00,        +0.000000000000e+00,        +2.485060825891e-12,        +2.464881707666e-12,        +0.000000000000e+00,        +0.000000000000e+00,        +1.246504861310e-12,        +1.244390163467e-12,        +0.000000000000e+00,        +0.000000000000e+00
 2.33600000e+02,        +1.585112846849e-12,        +1.365809229735e-12,        +0.000000000000e+00,        +0.000000000000e+00,        +2.134731364348e-12,        +1.915738576557e-12,        +0.000000000000e+00,        +0.000000000000e+00,        +2.424014161034e-12,        +2.409982646146e-12,        +0.000000000000e+00,        +0.000000000000e+00,        +2.209920275225e-12,        +2.104003472802e-12,        +0.000000000000e+00,        +0.000000000000e+00,        +2.256151227721e-12,        +2.147227636154e-12,        +0.000000000000e+00,        +0.000000000000e+00,        +2.443934993801e-12,        +2.431437529000e-12,        +0.000000000000e+00,        +0.000000000000e+00,        +1.230505788447e-12,        +1.232005797607e-12,        +0.000000000000e+00,        +0.000000000000e+00
 2.35200000e+02,        +1.530343857216e-12,        +1.332280568692e-12,        +0.000000000000e+00,        +0.000000000000e+00,        +2.120591211063e-12,        +1.899450826626e-12,        +0.000000000000e+00,        +0.000000000000e+00,        +2.394418207557e-12,        +2.385140341778e-12,        +0.000000000000e+00,        +0.000000000000e+00,        +2.127059172407e-12,        +2.041704086854e-12,        +0.000000000000e+00,        +0.000000000000e+00,        +2.166481040996e-12,        +2.079864962402e-12,        +0.000000000000e+00,        +0.000000000000e+00,        +2.409656597622e-12,        +2.403830107329e-12,        +0.000000000000e+00,        +0.000000000000e+00,        +1.214655753971e-12,        +1.220044099041e-12,        +0.000000000000e+00,        +0.000000000000e+00
 2.36800000e+02,        +1.480180819189e-12,        +1.302619738110e-12,        +0.000000000000e+00,        +0.000000000000e+00,        +2.105670216277e-12,        +1.882905511842e-12,        +0.000000000000e+00,        +0.000000000000e+00,        +2.370548965418e-12,        +2.365173251177e-12,        +0.000000000000e+00,        +0.000000000000e+00,        +2.056901825987e-12,        +1.990295981951e-12,        +0.000000000000e+00,        +0.000000000000e+00,        +2.090622048718e-12,        +2.024381785690e-12,        +0.000000000000e+00,        +0.000000000000e+00,        +2.381533097677e-12,        +2.381505207025e-12,        +0.000000000000e+00,        +0.000000000000e+00,        +1.198872364543e-12,        +1.208433563849e-12,        +0.000000000000e+00,        +0.000000000000e+00
 2.38400000e+02,        +1.434210279750e-12,        +1.276449743178e-12,        +0.000000000000e+00,        +0.000000000000e+00,        +2.089937908422e-12,        +1.866166863769e-12,        +0.000000000000e+00,        +0.000000000000e+00,        +2.351847316044e-12,        +2.349625737848e-12,        +0.000000000000e+00,        +0.000000000000e+00,        +1.997861781276e-12,        +1.948265281127e-12,        +0.000000000000e+00,        +0.000000000000e+00,        +2.026818818968e-12,        +1.979099751284e-12,        +0.000000000000e+00,        +0.000000000000e+00,        +2.359032982000e-12,        +2.364013374332e-12,        +0.000000000000e+00,        +0.000000000000e+00,        +1.183128322423e-12,        +1.197143811142e-12,        +0.000000000000e+00,        +0.000000000000e+00
 2.40000000e+02,        +1.392069992569e-12,        +1.253443808583e-12,        +0.000000000000e+00,        +0.000000000000e+00,        +2.073443858064e-12,        +1.849354146571e-12,        +0.000000000000e+00,        +0.000000000000e+00,        +2.337901064237e-12,        +2.338140572489e-12,        +0.000000000000e+00,        +0.000000000000e+00,        +1.948606742201e-12,        +1.914357323394e-12,        +0.000000000000e+00,        +0.000000000000e+00,        +1.973596969458e-12,        +1.942628437108e-12,        +0.000000000000e+00,        +0.000000000000e+00,        +2.341768891575e-12,        +2.351000739319e-12,        +0.000000000000e+00,        +0.000000000000e+00,        +1.167443929495e-12,        +1.186179184507e-12,        +0.000000000000e+00,        +0.000000000000e+00
