        f (GHz),             |S[1][1]| (dB),        arg(S[1][1]) (deg.),             |S[2][1]| (dB),        arg(S[2][1]) (deg.),             |S[3][1]| (dB),        arg(S[3][1]) (deg.),             |S[4][1]| (dB),        arg(S[4][1]) (deg.),             |S[1][2]| (dB),        arg(S[1][2]) (deg.),             |S[2][2]| (dB),        arg(S[2][2]) (deg.),             |S[3][2]| (dB),        arg(S[3][2]) (deg.),             |S[4][2]| (dB),        arg(S[4][2]) (deg.),             |S[1][3]| (dB),        arg(S[1][3]) (deg.),             |S[2][3]| (dB),        arg(S[2][3]) (deg.),             |S[3][3]| (dB),        arg(S[3][3]) (deg.),             |S[4][3]| (dB),        arg(S[4][3]) (deg.),             |S[1][4]| (dB),        arg(S[1][4]) (deg.),             |S[2][4]| (dB),        arg(S[2][4]) (deg.),             |S[3][4]| (dB),        arg(S[3][4]) (deg.),             |S[4][4]| (dB),        arg(S[4][4]) (deg.)
 8.00000000e+01,        -5.192196369533e+00,        +1.580590163011e+02,        -7.495851373217e+00,        -4.864416547003e+01,        -5.739308038018e+00,        -7.941859410243e+01,        -7.469300824940e+00,        -6.205341055174e+01,        -7.495851373217e+00,        -4.864416547003e+01,        -5.193188283795e+00,        +1.580867476023e+02,        -7.467299955822e+00,        -6.203598221534e+01,        -5.739220249012e+00,        -7.941840322389e+01,        -5.739308038018e+00,        -7.941859410243e+01,        -7.467299955822e+00,        -6.203598221534e+01,        -5.191575285925e+00,        +1.580655806608e+02,        -7.498699298265e+00,        -4.864089200384e+01,        -7.469300824940e+00,        -6.205341055174e+01,        -5.739220249012e+00,        -7.941840322389e+01,        -7.498699298265e+00,        -4.864089200384e+01,        -5.190716141638e+00,        +1.580392813604e+02
 8.16000000e+01,        -5.202296627870e+00,        +1.571302915383e+02,        -7.524034609754e+00,        -4.928750594316e+01,        -5.700412024751e+00,        -8.098773381237e+01,        -7.511146895170e+00,        -6.324147361497e+01,        -7.524034609754e+00,        -4.928750594316e+01,        -5.203332504988e+00,        +1.571584522398e+02,        -7.509067758896e+00,        -6.322399646173e+01,        -5.700319735361e+00,        -8.098755131552e+01,        -5.700412024751e+00,        -8.098773381237e+01,        -7.509067758896e+00,        -6.322399646173e+01,        -5.201664480896e+00,        +1.571364953196e+02,        -7.526988921899e+00,        -4.928363764648e+01,        -7.511146895171e+00,        -6.324147361497e+01,        -5.700319735361e+00,        -8.098755131552e+01,        -7.526988921899e+00,        -4.928363764648e+01,        -5.200769476433e+00,        +1.571097593907e+02
 8.32000000e+01,        -5.215802749795e+00,        +1.561809993055e+02,        -7.550364370297e+00,        -4.991498540418e+01,        -5.659758456628e+00,        -8.256265093860e+01,        -7.553536799196e+00,        -6.443351573583e+01,        -7.550364370297e+00,        -4.991498540418e+01,        -5.216884720611e+00,        +1.562095754388e+02,        -7.551377533867e+00,        -6.441601082171e+01,        -5.659661646923e+00,        -8.256247876909e+01,        -5.659758456628e+00,        -8.256265093860e+01,        -7.551377533867e+00,        -6.441601082171e+01,        -5.215159911814e+00,        +1.561868052147e+02,        -7.553425188293e+00,        -4.991047987453e+01,        -7.553536799196e+00,        -6.443351573582e+01,        -5.659661646923e+00,        -8.256247876909e+01,        -7.553425188293e+00,        -4.991047987453e+01,        -5.214227724900e+00,        +1.561596440329e+02
 8.48000000e+01,        -5.232857569023e+00,        +1.552108509271e+02,        -7.574666858661e+00,        -5.052673533264e+01,        -5.617343902237e+00,        -8.414397591935e+01,        -7.596537543397e+00,        -6.563015540193e+01,        -7.574666858661e+00,        -5.052673533264e+01,        -5.233987922414e+00,        +1.552398276596e+02,        -7.594296250465e+00,        -6.561264483819e+01,        -5.617242567005e+00,        -8.414381598669e+01,        -5.617343902237e+00,        -8.414397591935e+01,        -7.594296250465e+00,        -6.561264483819e+01,        -5.232204439110e+00,        +1.552162193711e+02,        -7.577833933567e+00,        -5.052154853994e+01,        -7.596537543397e+00,        -6.563015540193e+01,        -5.617242567005e+00,        -8.414381598669e+01,        -7.577833933567e+00,        -5.052154853994e+01,        -5.231233637795e+00,        +1.551886452520e+02
 8.64000000e+01,        -5.253613031515e+00,        +1.542195229201e+02,        -7.596760171223e+00,        -5.112294976448e+01,        -5.573169322423e+00,        -8.573235757165e+01,        -7.640226325470e+00,        -6.683202613387e+01,        -7.596760171223e+00,        -5.112294976448e+01,        -5.254794226420e+00,        +1.542488844920e+02,        -7.637901067377e+00,        -6.681453314678e+01,        -5.573063469844e+00,        -8.573221175303e+01,        -5.573169322423e+00,        -8.573235757165e+01,        -7.637901067378e+00,        -6.681453314678e+01,        -5.252950039373e+00,        +1.542244118346e+02,        -7.600032847820e+00,        -5.111703615133e+01,        -7.640226325470e+00,        -6.683202613387e+01,        -5.573063469844e+00,        -8.573221175303e+01,        -7.600032847820e+00,        -5.111703615133e+01,        -5.251939072197e+00,        +1.541964380724e+02
 8.80000000e+01,        -5.278231222440e+00,        +1.532066569354e+02,        -7.616454283079e+00,        -5.170389421759e+01,        -5.527240364776e+00,        -8.732846254528e+01,        -7.684691345678e+00,        -6.803977465267e+01,        -7.616454283079e+00,        -5.170389421759e+01,        -5.279465901121e+00,        +1.532363865897e+02,        -7.682280143122e+00,        -6.802232364929e+01,        -5.527130014941e+00,        -8.732833268925e+01,        -5.527240364776e+00,        -8.732846254528e+01,        -7.682280143122e+00,        -6.802232364929e+01,        -5.277558832660e+00,        +1.532110215976e+02,        -7.619831460048e+00,        -5.169720683202e+01,        -7.684691345678e+00,        -6.803977465267e+01,        -5.527130014941e+00,        -8.732833268925e+01,        -7.619831460048e+00,        -5.169720683202e+01,        -5.276506017945e+00,        +1.531826625082e+02
 8.96000000e+01,        -5.306885453172e+00,        +1.521718598009e+02,        -7.633551170848e+00,        -5.226991545148e+01,        -5.479567676439e+00,        -8.893297465390e+01,        -7.730032684199e+00,        -6.925405867102e+01,        -7.633551170848e+00,        -5.226991545148e+01,        -5.308176455893e+00,        +1.522019397037e+02,        -7.727533512917e+00,        -6.923667531150e+01,        -5.479452859609e+00,        -8.893286258443e+01,        -5.479567676439e+00,        -8.893297465390e+01,        -7.727533512917e+00,        -6.923667531150e+01,        -5.306204169842e+00,        +1.521756526230e+02,        -7.637031260290e+00,        -5.226240611609e+01,        -7.730032684199e+00,        -6.925405867102e+01,        -5.479452859609e+00,        -8.893286258443e+01,        -7.637031260290e+00,        -5.226240611609e+01,        -5.305107684098e+00,        +1.521469235903e+02
 9.12000000e+01,        -5.339761415448e+00,        +1.511147036656e+02,        -7.647845100873e+00,        -5.282145203248e+01,        -5.430167235659e+00,        -9.054659405962e+01,        -7.776363249071e+00,        -7.047554424254e+01,        -7.647845100873e+00,        -5.282145203248e+01,        -5.341111796840e+00,        +1.511451148158e+02,        -7.773774036003e+00,        -7.045825552024e+01,        -5.430047990220e+00,        -9.054650158204e+01,        -5.430167235659e+00,        -9.054659405962e+01,        -7.773774036003e+00,        -7.045825552024e+01,        -5.339071787090e+00,        +1.511178739682e+02,        -7.651425987923e+00,        -5.281307155310e+01,        -7.776363249071e+00,        -7.047554424254e+01,        -5.430047990220e+00,        -9.054650158204e+01,        -7.651425987923e+00,        -5.281307155310e+01,        -5.337929652645e+00,        +1.510887914934e+02
 9.28000000e+01,        -5.377058410407e+00,        +1.500347262495e+02,        -7.659123114045e+00,        -5.335904564533e+01,        -5.379060702159e+00,        -9.217003628514e+01,        -7.823809799193e+00,        -7.170490259438e+01,        -7.659123114045e+00,        -5.335904564533e+01,        -5.378471457956e+00,        +1.500654483761e+02,        -7.821128417846e+00,        -7.168773692533e+01,        -5.378937072287e+00,        -9.216996519573e+01,        -5.379060702159e+00,        -9.217003628514e+01,        -7.821128417846e+00,        -7.168773692533e+01,        -5.376361035190e+00,        +1.500372200116e+02,        -7.662802117451e+00,        -5.334974406152e+01,        -7.823809799193e+00,        -7.170490259438e+01,        -5.378937072287e+00,        -9.216996519573e+01,        -7.662802117451e+00,        -5.334974406152e+01,        -5.375171107368e+00,        +1.500078017651e+02
 9.44000000e+01,        -5.418990660938e+00,        +1.489314312016e+02,        -7.667165740519e+00,        -5.388335305619e+01,        -5.326275786012e+00,        -9.380403102446e+01,        -7.872514046751e+00,        -7.294280635775e+01,        -7.667165740519e+00,        -5.388335305619e+01,        -5.420469916209e+00,        +1.489624426472e+02,        -7.869738311589e+00,        -7.292579368220e+01,        -5.326147819287e+00,        -9.380398312636e+01,        -5.326275786012e+00,        -9.380403102446e+01,        -7.869738311589e+00,        -7.292579368220e+01,        -5.418286192101e+00,        +1.489331907851e+02,        -7.670939575141e+00,        -5.387307993447e+01,        -7.872514046751e+00,        -7.294280635775e+01,        -5.326147819287e+00,        -9.380398312636e+01,        -7.670939575141e+00,        -5.387307993447e+01,        -5.417046146484e+00,        +1.489034556615e+02
 9.60000000e+01,        -5.465788716510e+00,        +1.478042885699e+02,        -7.671747978892e+00,        -5.439515858846e+01,        -5.271846634175e+00,        -9.544932072093e+01,        -7.922633843178e+00,        -7.418992509920e+01,        -7.671747978892e+00,        -5.439515858846e+01,        -5.467337999861e+00,        +1.478355661608e+02,        -7.919761502965e+00,        -7.417309699930e+01,        -5.271714379664e+00,        -9.544929784829e+01,        -5.271846634175e+00,        -9.544932072093e+01,        -7.919761502965e+00,        -7.417309699930e+01,        -5.465077867924e+00,        +1.478052524130e+02,        -7.675612721005e+00,        -5.438386335766e+01,        -7.922633843178e+00,        -7.418992509920e+01,        -5.271714379664e+00,        -9.544929784829e+01,        -7.675612721005e+00,        -5.438386335766e+01,        -5.463785188398e+00,        +1.477752205948e+02
 9.76000000e+01,        -5.517700960573e+00,        +1.466527353829e+02,        -7.672640574776e+00,        -5.489538692422e+01,        -5.215814233245e+00,        -9.710665887818e+01,        -7.974344452477e+00,        -7.544692004213e+01,        -7.672640574776e+00,        -5.489538692422e+01,        -5.519324400123e+00,        +1.466842542880e+02,        -7.971373182747e+00,        -7.543030988058e+01,        -5.215677740923e+00,        -9.710666292882e+01,        -5.215814233245e+00,        -9.710665887818e+01,        -7.971373182747e+00,        -7.543030988058e+01,        -5.516984512454e+00,        +1.466528376582e+02,        -7.676591630834e+00,        -5.488301925178e+01,        -7.974344452477e+00,        -7.544692004213e+01,        -5.215677740923e+00,        -9.710666292882e+01,        -7.676591630834e+00,        -5.488301925178e+01,        -5.515636480498e+00,        +1.466225306967e+02
 9.92000000e+01,        -5.574995231641e+00,        +1.454761763424e+02,        -7.669611632700e+00,        -5.538511598814e+01,        -5.158226826261e+00,        -9.877680806751e+01,        -8.027839915178e+00,        -7.671443785288e+01,        -7.669611632700e+00,        -5.538511598814e+01,        -5.576697296874e+00,        +1.455079099274e+02,        -8.024767310390e+00,        -7.669808093741e+01,        -5.158086148749e+00,        -9.877684103984e+01,        -5.158226826261e+00,        -9.877680806751e+01,        -8.024767310390e+00,        -7.669808093741e+01,        -5.574274036594e+00,        +1.454753465731e+02,        -7.673643711992e+00,        -5.537162619712e+01,        -8.027839915178e+00,        -7.671443785288e+01,        -5.158086148749e+00,        -9.877684103984e+01,        -7.673643711992e+00,        -5.537162619712e+01,        -5.572867721447e+00,        +1.454447875008e+02
 1.00800000e+02,        -5.637960570433e+00,        +1.442739846217e+02,        -7.662428592712e+00,        -5.586558961065e+01,        -5.099140340527e+00,        -1.004605375926e+02,        -8.083334505534e+00,        -7.799310334899e+01,        -7.662428592712e+00,        -5.586558961065e+01,        -5.639746110097e+00,        +1.443059043021e+02,        -8.080158071815e+00,        -7.797703712518e+01,        -5.098995537722e+00,        -1.004606016177e+02,        -5.099140340527e+00,        -1.004605375926e+02,        -8.080158071815e+00,        -7.797703712518e+01,        -5.637235560185e+00,        +1.442721472489e+02,        -7.666535684320e+00,        -5.585092914092e+01,        -8.083334505535e+00,        -7.799310334899e+01,        -5.098995537722e+00,        -1.004606016177e+02,        -7.666535684320e+00,        -5.585092914092e+01,        -5.635767808108e+00,        +1.442413607371e+02
 1.02400000e+02,        -5.706909106932e+00,        +1.430455027555e+02,        -7.650860598394e+00,        -5.633822960363e+01,        -5.038618822397e+00,        -1.021586207703e+02,        -8.141064283600e+00,        -7.928351096893e+01,        -7.650860598394e+00,        -5.633822960363e+01,        -5.708783390136e+00,        +1.430775778517e+02,        -8.137781432952e+00,        -7.926777523984e+01,        -5.038469968464e+00,        -1.021587181279e+02,        -5.038618822397e+00,        -1.021586207703e+02,        -8.137781432952e+00,        -7.926777523984e+01,        -5.706181300256e+00,        +1.430425766528e+02,        -7.655035953514e+00,        -5.632235152370e+01,        -8.141064283601e+00,        -7.928351096893e+01,        -5.038469968464e+00,        -1.021587181279e+02,        -7.655035953514e+00,        -5.632235152370e+01,        -5.704648719731e+00,        +1.430115892200e+02
 1.04000000e+02,        -5.782178103115e+00,        +1.417900436010e+02,        -7.634681276001e+00,        -5.680464681697e+01,        -4.976734873743e+00,        -1.038718317865e+02,        -8.201288742687e+00,        -8.058621482222e+01,        -7.634681276001e+00,        -5.680464681697e+01,        -5.784146862351e+00,        +1.418222411869e+02,        -8.197896788974e+00,        -8.057085199002e+01,        -4.976582064742e+00,        -1.038719648960e+02,        -4.976734873744e+00,        -1.038718317865e+02,        -8.197896788974e+00,        -8.057085199002e+01,        -5.781448615253e+00,        +1.417859415304e+02,        -7.638917397849e+00,        -5.678750639285e+01,        -8.201288742687e+00,        -8.058621482222e+01,        -4.976582064742e+00,        -1.038719648960e+02,        -7.638917397849e+00,        -5.678750639285e+01,        -5.779847554860e+00,        +1.417547817947e+02
 1.05600000e+02,        -5.864132169394e+00,        +1.405068913354e+02,        -7.613671934727e+00,        -5.726665068349e+01,        -4.913570083483e+00,        -1.056009420830e+02,        -8.264292551357e+00,        -8.190171711599e+01,        -7.613671934727e+00,        -5.726665068349e+01,        -5.866201645135e+00,        +1.405391760655e+02,        -8.260788707480e+00,        -8.188677244193e+01,        -4.913413443360e+00,        -1.056011134727e+02,        -4.913570083483e+00,        -1.056009420830e+02,        -8.260788707481e+00,        -8.188677244193e+01,        -5.863402222913e+00,        +1.405015193413e+02,        -7.617960579358e+00,        -5.724820600377e+01,        -8.264292551357e+00,        -8.190171711599e+01,        -4.913413443360e+00,        -1.056011134727e+02,        -7.617960579358e+00,        -5.724820600377e+01,        -5.861728740274e+00,        +1.404702182957e+02
 1.07200000e+02,        -5.953165675771e+00,        +1.391953024372e+02,        -7.587625185561e+00,        -5.772625670558e+01,        -4.849215445980e+00,        -1.073467162358e+02,        -8.330387387498e+00,        -8.323045472830e+01,        -7.587625185561e+00,        -5.772625670558e+01,        -5.955342663818e+00,        +1.392276363362e+02,        -8.326768762605e+00,        -8.321597661269e+01,        -4.849055129438e+00,        -1.073469285008e+02,        -4.849215445980e+00,        -1.073467162358e+02,        -8.326768762606e+00,        -8.321597661269e+01,        -5.952436612340e+00,        +1.391885591711e+02,        -7.591957377077e+00,        -5.770646935051e+01,        -8.330387387498e+00,        -8.323045472830e+01,        -4.849055129438e+00,        -1.073469285008e+02,        -7.591957377077e+00,        -5.770646935051e+01,        -5.950686435060e+00,        +1.391571504655e+02
 1.08800000e+02,        -6.049705382410e+00,        +1.378545065785e+02,        -7.556348960963e+00,        -5.818569129641e+01,        -4.783771756500e+00,        -1.091099072867e+02,        -8.399913860005e+00,        -8.457278366794e+01,        -7.556348960963e+00,        -5.818569129641e+01,        -6.051997286369e+00,        +1.378868487798e+02,        -8.396177455717e+00,        -8.455882395869e+01,        -4.783607948741e+00,        -1.091101630496e+02,        -4.783771756500e+00,        -1.091099072867e+02,        -8.396177455717e+00,        -8.455882395869e+01,        -6.048978674822e+00,        +1.378462825422e+02,        -7.560715023632e+00,        -5.816452702899e+01,        -8.399913860005e+00,        -8.457278366794e+01,        -4.783607948741e+00,        -1.091101630496e+02,        -7.560715023632e+00,        -5.816452702899e+01,        -6.047147155971e+00,        +1.378148027641e+02
 1.10400000e+02,        -6.154213319126e+00,        +1.364837073228e+02,        -7.519670899794e+00,        -5.864739336482e+01,        -4.717349972089e+00,        -1.108912514931e+02,        -8.473243511022e+00,        -8.592896112616e+01,        -7.519670899794e+00,        -5.864739336482e+01,        -6.156628210642e+00,        +1.365160137516e+02,        -8.469386216411e+00,        -8.591557546892e+01,        -4.717182886632e+00,        -1.108915533769e+02,        -4.717349972089e+00,        -1.108912514931e+02,        -8.469386216411e+00,        -8.591557546892e+01,        -6.153490583003e+00,        +1.364738840148e+02,        -7.524060508165e+00,        -5.862482281854e+01,        -8.473243511022e+00,        -8.592896112616e+01,        -4.717182886632e+00,        -1.108915533769e+02,        -7.524060508165e+00,        -5.862482281854e+01,        -6.151572653458e+00,        +1.364423729808e+02
 1.12000000e+02,        -6.267189949450e+00,        +1.350820824855e+02,        -7.477443042025e+00,        -5.911401203274e+01,        -4.650071524301e+00,        -1.126914624703e+02,        -8.550780888551e+00,        -8.729912478702e+01,        -7.477443042025e+00,        -5.911401203274e+01,        -6.269736638303e+00,        +1.351143054866e+02,        -8.546799474353e+00,        -8.728637303013e+01,        -4.649901400374e+00,        -1.126918130850e+02,        -4.650071524301e+00,        -1.126914624703e+02,        -8.546799474353e+00,        -8.728637303013e+01,        -6.266472954258e+00,        +1.350705314299e+02,        -7.481845288952e+00,        -5.909001137183e+01,        -8.550780888551e+00,        -8.729912478702e+01,        -4.649901400374e+00,        -1.126918130850e+02,        -7.481845288952e+00,        -5.909001137183e+01,        -6.264463072783e+00,        +1.350390325065e+02
 1.13600000e+02,        -6.389177662889e+00,        +1.336487839641e+02,        -7.429546756312e+00,        -5.958839990154e+01,        -4.582068568202e+00,        -1.145112247091e+02,        -8.632965675408e+00,        -8.868326901829e+01,        -7.429546756312e+00,        -5.958839990154e+01,        -6.391865778495e+00,        +1.336808718706e+02,        -8.628856788445e+00,        -8.867121568493e+01,        -4.581895668774e+00,        -1.145116266492e+02,        -4.582068568202e+00,        -1.145112247091e+02,        -8.628856788445e+00,        -8.867121568493e+01,        -6.388468342022e+00,        +1.336353656006e+02,        -7.433950238181e+00,        -5.956295143285e+01,        -8.632965675408e+00,        -8.868326901829e+01,        -4.581895668774e+00,        -1.145116266492e+02,        -7.433950238181e+00,        -5.956295143285e+01,        -6.386360442381e+00,        +1.336039260751e+02
 1.15200000e+02,        -6.520764649407e+00,        +1.321829367800e+02,        -7.375897801525e+00,        -6.007360134486e+01,        -4.513484150003e+00,        -1.163511864634e+02,        -8.720274856051e+00,        -9.008121751385e+01,        -7.375897801525e+00,        -6.007360134486e+01,        -6.523604734979e+00,        +1.322148334189e+02,        -8.716035014966e+00,        -9.006993235225e+01,        -4.513308760913e+00,        -1.163516423109e+02,        -4.513484150003e+00,        -1.163511864634e+02,        -8.716035014966e+00,        -9.006993235225e+01,        -6.520065109010e+00,        +1.321674991884e+02,        -7.380290719652e+00,        -6.004669406216e+01,        -8.720274856051e+00,        -9.008121751385e+01,        -4.513308760913e+00,        -1.163516423109e+02,        -7.380290719652e+00,        -6.004669406216e+01,        -6.517852542463e+00,        +1.321361707091e+02
 1.16800000e+02,        -6.662589223629e+00,        +1.306836369930e+02,        -7.316451402013e+00,        -6.057283540236e+01,        -4.444472273758e+00,        -1.182119520226e+02,        -8.813224897330e+00,        -9.149259189718e+01,        -7.316451402013e+00,        -6.057283540236e+01,        -6.665592844423e+00,        +1.307152811151e+02,        -8.808850490828e+00,        -9.148215052069e+01,        -4.444294703940e+00,        -1.182124643504e+02,        -4.444472273758e+00,        -1.182119520226e+02,        -8.808850490828e+00,        -9.148215052069e+01,        -6.661901749597e+00,        +1.306660144212e+02,        -7.320821678891e+00,        -6.054446544453e+01,        -8.813224897330e+00,        -9.149259189718e+01,        -4.444294703940e+00,        -1.182124643504e+02,        -7.320821678891e+00,        -6.054446544453e+01,        -6.659577220785e+00,        +1.306348535223e+02
 1.18400000e+02,        -6.815344683855e+00,        +1.291499480419e+02,        -7.251207197232e+00,        -6.108947298335e+01,        -4.375197845826e+00,        -1.200940734015e+02,        -8.912373912693e+00,        -9.291677572298e+01,        -7.251207197232e+00,        -6.108947298335e+01,        -6.818524551376e+00,        +1.291812726598e+02,        -8.907861201525e+00,        -9.290726035322e+01,        -4.375018428401e+00,        -1.200946447759e+02,        -4.375197845826e+00,        -1.200940734015e+02,        -8.907861201525e+00,        -9.290726035322e+01,        -6.814671746113e+00,        +1.291299592012e+02,        -7.255542605852e+00,        -6.105964398829e+01,        -8.912373912693e+00,        -9.291677572298e+01,        -4.375018428401e+00,        -1.200946447759e+02,        -7.255542605852e+00,        -6.105964398829e+01,        -6.812227240322e+00,        +1.290990279287e+02
 1.20000000e+02,        -6.979784813949e+00,        +1.275808949327e+02,        -7.180213910910e+00,        -6.162700825886e+01,        -4.305836474457e+00,        -1.219980415089e+02,        -9.018323771179e+00,        -9.435287322546e+01,        -7.180213910910e+00,        -6.162700825886e+01,        -6.983154928579e+00,        +1.276118265454e+02,        -9.013668895400e+00,        -9.434437355504e+01,        -4.305655568425e+00,        -1.219986744884e+02,        -4.305836474457e+00,        -1.219980415089e+02,        -9.013668895400e+00,        -9.434437355504e+01,        -6.979129066663e+00,        +1.275583410140e+02,        -7.184502214825e+00,        -6.159573159575e+01,        -9.018323771179e+00,        -9.435287322546e+01,        -4.305655568425e+00,        -1.219986744884e+02,        -7.184502214825e+00,        -6.159573159575e+01,        -6.976555766455e+00,        +1.275277076709e+02
 1.21600000e+02,        -7.156730166008e+00,        +1.259754555243e+02,        -7.103573574716e+00,        -6.218902432100e+01,        -4.236574101072e+00,        -1.239242768847e+02,        -9.131722102314e+00,        -9.579966205340e+01,        -7.103573574716e+00,        -6.218902432100e+01,        -7.160305981238e+00,        +1.260059131994e+02,        -9.126921095731e+00,        -9.579227624801e+01,        -4.236392093365e+00,        -1.239249740152e+02,        -4.236574101073e+00,        -1.239242768847e+02,        -9.126921095731e+00,        -9.579227624801e+01,        -7.156094441835e+00,        +1.259501178766e+02,        -7.107802675862e+00,        -6.215631918565e+01,        -9.131722102314e+00,        -9.579966205340e+01,        -4.236392093366e+00,        -1.239249740152e+02,        -7.107802675862e+00,        -6.215631918565e+01,        -7.153382630972e+00,        +1.259198579108e+02
 1.23200000e+02,        -7.347075300806e+00,        +1.243325479367e+02,        -7.021445137769e+00,        -6.277915341091e+01,        -4.167606439820e+00,        -1.258731201318e+02,        -9.253264134862e+00,        -9.725553909832e+01,        -7.021445137769e+00,        -6.277915341091e+01,        -7.350873913076e+00,        +1.243624422159e+02,        -9.248312949226e+00,        -9.724937496233e+01,        -4.167423747536e+00,        -1.258738839380e+02,        -4.167606439820e+00,        -1.258731201318e+02,        -9.248312949226e+00,        -9.724937496233e+01,        -7.346462596513e+00,        +1.243041853379e+02,        -7.025603228510e+00,        -6.274504677259e+01,        -9.253264134863e+00,        -9.725553909832e+01,        -4.167423747536e+00,        -1.258738839380e+02,        -7.025603228510e+00,        -6.274504677259e+01,        -7.343601548862e+00,        +1.242743824039e+02
 1.24800000e+02,        -7.551797213892e+00,        +1.226510128291e+02,        -6.934047297413e+00,        -6.340103225162e+01,        -4.099138202989e+00,        -1.278448222062e+02,        -9.383694290131e+00,        -9.871845835385e+01,        -6.934047297413e+00,        -6.340103225162e+01,        -7.555837583016e+00,        +1.226802444103e+02,        -9.378588832510e+00,        -9.871363468829e+01,        -4.098955275669e+00,        -1.278456551793e+02,        -4.099138202989e+00,        -1.278448222062e+02,        -9.378588832510e+00,        -9.871363468829e+01,        -7.551210663694e+00,        +1.226193582553e+02,        -6.938123012780e+00,        -6.336555864426e+01,        -9.383694290131e+00,        -9.871845835385e+01,        -4.098955275669e+00,        -1.278456551793e+02,        -6.938123012780e+00,        -6.336555864426e+01,        -7.548188514418e+00,        +1.225901054890e+02
 1.26400000e+02,        -7.771965241780e+00,        +1.209295889150e+02,        -6.841660398965e+00,        -6.405825325552e+01,        -4.031382092176e+00,        -1.298395347714e+02,        -9.523807427401e+00,        -1.001858595343e+02,        -6.841660398965e+00,        -6.405825325552e+01,        -7.776268448144e+00,        +1.209580470531e+02,        -9.518543615330e+00,        -1.001825077215e+02,        -4.031199414031e+00,        -1.298404393534e+02,        -4.031382092176e+00,        -1.298395347714e+02,        -9.518543615331e+00,        -1.001825077215e+02,        -7.771408073306e+00,        +1.208943456949e+02,        -6.845642964802e+00,        -6.402145441191e+01,        -9.523807427401e+00,        -1.001858595343e+02,        -4.031199414031e+00,        -1.298404393534e+02,        -6.845642964802e+00,        -6.402145441191e+01,        -7.768211669121e+00,        +1.208657472529e+02
 1.28000000e+02,        -8.008752829756e+00,        +1.191668796004e+02,        -6.744627272821e+00,        -6.475431259524e+01,        -3.964557538930e+00,        -1.318573008670e+02,        -9.674449607427e+00,        -1.016545859142e+02,        -6.744627272821e+00,        -6.475431259524e+01,        -8.013342375989e+00,        +1.191944401491e+02,        -9.669023448026e+00,        -1.016528517695e+02,        -3.964375630935e+00,        -1.318582794316e+02,        -3.964557538930e+00,        -1.318573008670e+02,        -9.669023448026e+00,        -1.016528517695e+02,        -8.008228295593e+00,        +1.191277168033e+02,        -6.748506645479e+00,        -6.471623692889e+01,        -9.674449607427e+00,        -1.016545859142e+02,        -3.964375630935e+00,        -1.318582794316e+02,        -6.748506645479e+00,        -6.471623692889e+01,        -8.004843020189e+00,        +1.190998897357e+02
 1.29600000e+02,        -8.263451657024e+00,        +1.173613079702e+02,        -6.643352905712e+00,        -6.549255631653e+01,        -3.898889184192e+00,        -1.338980461806e+02,        -9.836518195857e+00,        -1.031207895165e+02,        -6.643352905712e+00,        -6.549255631653e+01,        -8.268353823791e+00,        +1.173878309644e+02,        -9.830925897250e+00,        -1.031208354547e+02,        -3.898708605970e+00,        -1.338991010107e+02,        -3.898889184192e+00,        -1.338980461806e+02,        -9.830925897250e+00,        -1.031208354547e+02,        -8.262962931947e+00,        +1.173178548373e+02,        -6.647119899098e+00,        -6.545325826187e+01,        -9.836518195857e+00,        -1.031207895165e+02,        -3.898708605970e+00,        -1.338991010107e+02,        -6.647119899098e+00,        -6.545325826187e+01,        -8.259372501830e+00,        +1.172909313830e+02
 1.31200000e+02,        -8.537488765281e+00,        +1.155110564693e+02,        -6.538302877966e+00,        -6.627612581971e+01,        -3.834605093376e+00,        -1.359615712552e+02,        -1.001096106621e+01,        -1.045798213571e+02,        -6.538302877966e+00,        -6.627612581971e+01,        -8.542733033285e+00,        +1.155363831111e+02,        -1.000519919248e+01,        -1.045818289282e+02,        -3.834426444804e+00,        -1.359627045177e+02,        -3.834605093376e+00,        -1.359615712552e+02,        -1.000519919248e+01,        -1.045818289282e+02,        -8.537038795210e+00,        +1.154628956365e+02,        -6.541949274164e+00,        -6.623566504725e+01,        -1.001096106621e+01,        -1.045798213571e+02,        -3.834426444804e+00,        -1.359627045177e+02,        -6.541949274164e+00,        -6.623566504725e+01,        -8.533225020185e+00,        +1.154370260601e+02
 1.32800000e+02,        -8.832447535480e+00,        +1.136139864005e+02,        -6.430000538679e+00,        -6.710790413200e+01,        -3.771934713480e+00,        -1.380475449910e+02,        -1.019877457319e+01,        -1.060261039340e+02,        -6.430000538679e+00,        -6.710790413200e+01,        -8.838067089026e+00,        +1.136379352676e+02,        -1.019284025797e+01,        -1.060302767905e+02,        -3.771758635945e+00,        -1.380487587078e+02,        -3.771934713480e+00,        -1.380475449910e+02,        -1.019284025797e+01,        -1.060302767905e+02,        -8.832038818278e+00,        +1.135606455848e+02,        -6.433519178946e+00,        -6.706634465994e+01,        -1.019877457319e+01,        -1.060261039340e+02,        -3.771758635945e+00,        -1.380487587078e+02,        -6.433519178946e+00,        -6.706634465994e+01,        -8.827981319567e+00,        +1.135360017136e+02
 1.34400000e+02,        -9.150093621779e+00,        +1.116675306545e+02,        -6.319022933686e+00,        -6.799046442917e+01,        -3.711106590092e+00,        -1.401554998236e+02,        -1.040099983928e+01,        -1.074529825123e+02,        -6.319022933686e+00,        -6.799046442917e+01,        -9.156125953310e+00,        +1.116898928786e+02,        -1.039489107862e+01,        -1.074595498782e+02,        -3.710933767304e+00,        -1.401567958405e+02,        -3.711106590093e+00,        -1.401554998236e+02,        -1.039489107862e+01,        -1.074595498782e+02,        -9.149727891219e+00,        +1.116084723652e+02,        -6.322407787406e+00,        -6.794787365683e+01,        -1.040099983928e+01,        -1.074529825123e+02,        -3.710933767304e+00,        -1.401567958405e+02,        -6.322407787406e+00,        -6.794787365683e+01,        -9.145403768788e+00,        +1.115852520427e+02
 1.36000000e+02,        -9.492407305098e+00,        +1.096685506359e+02,        -6.205995544897e+00,        -6.892602223825e+01,        -3.652345875359e+00,        -1.422848289644e+02,        -1.061871671330e+01,        -1.088525510038e+02,        -6.205995544897e+00,        -6.892602223825e+01,        -9.498894945516e+00,        +1.096890837087e+02,        -1.061243276536e+01,        -1.088617717183e+02,        -3.652177033653e+00,        -1.422862089167e+02,        -3.652345875359e+00,        -1.422848289644e+02,        -1.061243276536e+01,        -1.088617717183e+02,        -9.492085076181e+00,        +1.096031593272e+02,        -6.209241754954e+00,        -6.888246992918e+01,        -1.061871671330e+01,        -1.088525510038e+02,        -3.652177033653e+00,        -1.422862089167e+02,        -6.209241754954e+00,        -6.888246992918e+01,        -9.487468515270e+00,        +1.095815920775e+02
 1.37600000e+02,        -9.861624205343e+00,        +1.076131447891e+02,        -6.091585941704e+00,        -6.991639266372e+01,        -3.595871672457e+00,        -1.444347860726e+02,        -1.085303449251e+01,        -1.102154473781e+02,        -6.091585941704e+00,        -6.991639266372e+01,        -9.868615611691e+00,        +1.076315645083e+02,        -1.084657642204e+01,        -1.102276145872e+02,        -3.595707580483e+00,        -1.444362513489e+02,        -3.595871672458e+00,        -1.444347860726e+02,        -1.084657642204e+01,        -1.102276145872e+02,        -9.861344119091e+00,        +1.075407106590e+02,        -6.094689845642e+00,        -6.987194990746e+01,        -1.085303449251e+01,        -1.102154473781e+02,        -3.595707580483e+00,        -1.444362513489e+02,        -6.094689845642e+00,        -6.987194990746e+01,        -9.856405924369e+00,        +1.075210649736e+02
 1.39200000e+02,        -1.026028693887e+01,        +1.054963908168e+02,        -5.976496483472e+00,        -7.096295383297e+01,        -3.541894277158e+00,        -1.466044876904e+02,        -1.110507811423e+01,        -1.115306126322e+02,        -5.976496483472e+00,        -7.096295383297e+01,        -1.026783757964e+01,        +1.055123606855e+02,        -1.109844953287e+01,        -1.115460591895e+02,        -3.541735744867e+00,        -1.466060393940e+02,        -3.541894277158e+00,        -1.466044876904e+02,        -1.109844953287e+01,        -1.115460591895e+02,        -1.026004481365e+01,        +1.054160891668e+02,        -5.979455610757e+00,        -7.091769201371e+01,        -1.110507811423e+01,        -1.115306126322e+02,        -3.541735744867e+00,        -1.466060393940e+02,        -5.979455610757e+00,        -7.091769201371e+01,        -1.025475185824e+01,        +1.053986819886e+02
 1.40800000e+02,        -1.069131119470e+01,        +1.033119956341e+02,        -5.861456244983e+00,        -7.206661755859e+01,        -3.490612391765e+00,        -1.487929187047e+02,        -1.137596796662e+01,        -1.127850065247e+02,        -5.861456244983e+00,        -7.206661755859e+01,        -1.069948488359e+01,        +1.033251127173e+02,        -1.136917603851e+01,        -1.128041111304e+02,        -3.490460268610e+00,        -1.487945576139e+02,        -3.490612391765e+00,        -1.487929187047e+02,        -1.136917603851e+01,        -1.128041111304e+02,        -1.069109864198e+01,        +1.032228602826e+02,        -5.864269291492e+00,        -7.202060735746e+01,        -1.137596796662e+01,        -1.127850065247e+02,        -3.490460268610e+00,        -1.487945576139e+02,        -5.864269291492e+00,        -7.202060735746e+01,        -1.068541321866e+01,        +1.032080695147e+02
 1.42400000e+02,        -1.115807092522e+01,        +1.010518146166e+02,        -5.747212362269e+00,        -7.322780797750e+01,        -3.442210399968e+00,        -1.509989410050e+02,        -1.166679066948e+01,        -1.139632728143e+02,        -5.747212362269e+00,        -7.322780797750e+01,        -1.116694146667e+01,        +1.010615903912e+02,        -1.165984747620e+01,        -1.139864668546e+02,        -3.442065572223e+00,        -1.510006675323e+02,        -3.442210399968e+00,        -1.509989410050e+02,        -1.165984747620e+01,        -1.139864668546e+02,        -1.115787330855e+01,        +1.009527032525e+02,        -5.749879143879e+00,        -7.318111843207e+01,        -1.166679066948e+01,        -1.139632728143e+02,        -3.442065572223e+00,        -1.510006675323e+02,        -5.749879143879e+00,        -7.318111843207e+01,        -1.115175237352e+01,        +1.009409844891e+02
 1.44000000e+02,        -1.166450903842e+01,        +9.870518192022e+01,        -5.634521013750e+00,        -7.444644865948e+01,        -3.396855801573e+00,        -1.532213053836e+02,        -1.197855704032e+01,        -1.150473471917e+02,        -5.634521013750e+00,        -7.444644865948e+01,        -1.167416226062e+01,        +9.871101592369e+01,        -1.197148143108e+01,        -1.150751221113e+02,        -3.396719188708e+00,        -1.532231195350e+02,        -3.396855801573e+00,        -1.532213053836e+02,        -1.197148143108e+01,        -1.150751221113e+02,        -1.166430242355e+01,        +9.859473039441e+01,        -5.637042401467e+00,        -7.439914630022e+01,        -1.197855704032e+01,        -1.150473471917e+02,        -3.396719188708e+00,        -1.532231195350e+02,        -5.637042401467e+00,        -7.439914630022e+01,        -1.165769673328e+01,        +9.858663964970e+01
 1.45600000e+02,        -1.221528231201e+01,        +9.625796157659e+01,        -5.524138260129e+00,        -7.572195839438e+01,        -3.354696912400e+00,        -1.554586665761e+02,        -1.231214186491e+01,        -1.160160034297e+02,        -5.524138260129e+00,        -7.572195839438e+01,        -1.222581857161e+01,        +9.625910449753e+01,        -1.230496195919e+01,        -1.160489182378e+02,        -3.354569462441e+00,        -1.554605679119e+02,        -3.354696912400e+00,        -1.554586665761e+02,        -1.230496195919e+01,        -1.160489182378e+02,        -1.221502883548e+01,        +9.613452281379e+01,        -5.526516099589e+00,        -7.567410647361e+01,        -1.231214186491e+01,        -1.160160034297e+02,        -3.354569462441e+00,        -1.554605679119e+02,        -5.526516099589e+00,        -7.567410647361e+01,        -1.220788200221e+01,        +9.613074792510e+01
 1.47200000e+02,        -1.281595242502e+01,        +9.369117575701e+01,        -5.416810965866e+00,        -7.705325558073e+01,        -3.315860935500e+00,        -1.577096011767e+02,        -1.266819789834e+01,        -1.168443393002e+02,        -5.416810965866e+00,        -7.705325558073e+01,        -1.282748965976e+01,        +9.368667670981e+01,        -1.266095445771e+01,        -1.168830274036e+02,        -3.315743619344e+00,        -1.577115887735e+02,        -3.315860935500e+00,        -1.577096011767e+02,        -1.266095445771e+01,        -1.168830274036e+02,        -1.281559312485e+01,        +9.355273701579e+01,        -5.419047984289e+00,        -7.700491340480e+01,        -1.266819789834e+01,        -1.168443393002e+02,        -3.315743619344e+00,        -1.577115887735e+02,        -5.419047984289e+00,        -7.700491340480e+01,        -1.280784067427e+01,        +9.355414184499e+01
 1.48800000e+02,        -1.347323915484e+01,        +9.097897558976e+01,        -5.313268015496e+00,        -7.843877086112e+01,        -3.280452504217e+00,        -1.599726279842e+02,        -1.304703361076e+01,        -1.175032165826e+02,        -5.313268015496e+00,        -7.843877086112e+01,        -1.348591650491e+01,        +9.096760514221e+01,        -1.303978455047e+01,        -1.175483904569e+02,        -3.280346308890e+00,        -1.599747004010e+02,        -3.280452504217e+00,        -1.599726279842e+02,        -1.303978455047e+01,        -1.175483904569e+02,        -1.347268262117e+01,        +9.082304488708e+01,        -5.315367719201e+00,        -7.838999323242e+01,        -1.304703361076e+01,        -1.175032165826e+02,        -3.280346308890e+00,        -1.599747004010e+02,        -5.315367719201e+00,        -7.838999323242e+01,        -1.346425126475e+01,        +9.083073281051e+01
 1.50400000e+02,        -1.419535667799e+01,        +8.808556001243e+01,        -5.214212019968e+00,        -7.987646739515e+01,        -3.248552784788e+00,        -1.622462301672e+02,        -1.344844055515e+01,        -1.179586941656e+02,        -5.214212019968e+00,        -7.987646739514e+01,        -1.420933851897e+01,        +8.806569508550e+01,        -1.344126691088e+01,        -1.180111452575e+02,        -3.248458705669e+00,        -1.622483854157e+02,        -3.248552784788e+00,        -1.622462301672e+02,        -1.344126691088e+01,        -1.180111452575e+02,        -1.419446061544e+01,        +8.790900826342e+01,        -5.216178585518e+00,        -7.982730416598e+01,        -1.344844055515e+01,        -1.179586941656e+02,        -3.248458705670e+00,        -1.622483854157e+02,        -5.216178585518e+00,        -7.982730416598e+01,        -1.418526823581e+01,        +8.792441539918e+01
 1.52000000e+02,        -1.499245794446e+01,        +8.496035839851e+01,        -5.120311682673e+00,        -8.136386793897e+01,        -3.220219205999e+00,        -1.645288784773e+02,        -1.387145220669e+01,        -1.181715379973e+02,        -5.120311682673e+00,        -8.136386793897e+01,        -1.500793767947e+01,        +8.492980556544e+01,        -1.386446587530e+01,        -1.182321274915e+02,        -3.220138238078e+00,        -1.645311139984e+02,        -3.220219205999e+00,        -1.645288784773e+02,        -1.386446587530e+01,        -1.182321274915e+02,        -1.499099831705e+01,        +8.475919787702e+01,        -5.122149844473e+00,        -8.131436367620e+01,        -1.387145220669e+01,        -1.181715379973e+02,        -3.220138238078e+00,        -1.645311139984e+02,        -5.122149844473e+00,        -8.131436367620e+01,        -1.498095580769e+01,        +8.478423323973e+01
 1.53600000e+02,        -1.587720926071e+01,        +8.153025057420e+01,        -5.032194963026e+00,        -8.289808772359e+01,        -3.195485856445e+00,        -1.668190546200e+02,        -1.431401284813e+01,        -1.180969684524e+02,        -5.032194963026e+00,        -8.289808772359e+01,        -1.589441091031e+01,        +8.148596701575e+01,        -1.430736631519e+01,        -1.181666019171e+02,        -3.195418984717e+00,        -1.668213672671e+02,        -3.195485856445e+00,        -1.668190546200e+02,        -1.430736631519e+01,        -1.181666019171e+02,        -1.587482688882e+01,        +8.129932322073e+01,        -5.033909899929e+00,        -8.284828147949e+01,        -1.431401284813e+01,        -1.180969684524e+02,        -3.195418984717e+00,        -1.668213672671e+02,        -5.033909899929e+00,        -8.284828147949e+01,        -1.586384446713e+01,        +8.133658460430e+01
 1.55200000e+02,        -1.686548761584e+01,        +7.768655125457e+01,        -4.950443139149e+00,        -8.447587199814e+01,        -3.174364557342e+00,        -1.691152738098e+02,        -1.477253541197e+01,        -1.176849296275e+02,        -4.950443139149e+00,        -8.447587199813e+01,        -1.688465978774e+01,        +7.762419111728e+01,        -1.476643333364e+01,        -1.177645049697e+02,        -3.174312746496e+00,        -1.691176598415e+02,        -3.174364557342e+00,        -1.691152738098e+02,        -1.476643333364e+01,        -1.177645049697e+02,        -1.686159220876e+01,        +7.741909667052e+01,        -4.952040362285e+00,        -8.442579718092e+01,        -1.477253541197e+01,        -1.176849296275e+02,        -3.174312746496e+00,        -1.691176598415e+02,        -4.952040362285e+00,        -8.442579718092e+01,        -1.684959633376e+01,        +7.747221089213e+01
 1.56800000e+02,        -1.797707280453e+01,        +7.326241366796e+01,        -4.875585832284e+00,        -8.609363703731e+01,        -3.156846582614e+00,        -1.714161055196e+02,        -1.524133717824e+01,        -1.168813485027e+02,        -4.875585832284e+00,        -8.609363703731e+01,        -1.799846032040e+01,        +7.317557083432e+01,        -1.523604888166e+01,        -1.169716625501e+02,        -3.156810766212e+00,        -1.714185606013e+02,        -3.156846582614e+00,        -1.714161055196e+02,        -1.523604888167e+01,        -1.169716625501e+02,        -1.797066337014e+01,        +7.294950658129e+01,        -4.877071075923e+00,        -8.604332137314e+01,        -1.524133717824e+01,        -1.168813485027e+02,        -3.156810766212e+00,        -1.714185606013e+02,        -4.877071075923e+00,        -8.604332137314e+01,        -1.795763906241e+01,        +7.302367453379e+01
 1.58400000e+02,        -1.923578655770e+01,        +6.799218215338e+01,        -4.808097016154e+00,        -8.774751340475e+01,        -3.142904960553e+00,        -1.737201914737e+02,        -1.571197288167e+01,        -1.156310862491e+02,        -4.808097016154e+00,        -8.774751340475e+01,        -1.925953919264e+01,        +6.787110764877e+01,        -1.570784328492e+01,        -1.157326823706e+02,        -3.142886029950e+00,        -1.737227106902e+02,        -3.142904960553e+00,        -1.737201914737e+02,        -1.570784328492e+01,        -1.157326823706e+02,        -1.922510158779e+01,        +6.762215301912e+01,        -4.809476133077e+00,        -8.769697898192e+01,        -1.571197288167e+01,        -1.156310862491e+02,        -3.142886029950e+00,        -1.737227106902e+02,        -4.809476133077e+00,        -8.769697898192e+01,        -1.921119714916e+01,        +6.772501866290e+01
 1.60000000e+02,        -2.066712017217e+01,        +6.143648647939e+01,        -4.748391996918e+00,        -8.943339031590e+01,        -3.132497255689e+00,        -1.760262600458e+02,        -1.617255245375e+01,        -1.138834973672e+02,        -4.748391996918e+00,        -8.943339031590e+01,        -2.069302446663e+01,        +6.126596966082e+01,        -1.617000633439e+01,        -1.139964392888e+02,        -3.132496048964e+00,        -1.760288379250e+02,        -3.132497255689e+00,        -1.760262600458e+02,        -1.617000633439e+01,        -1.139964392888e+02,        -2.064893618077e+01,        +6.099497576101e+01,        -4.749670859375e+00,        -8.938265370165e+01,        -1.617255245375e+01,        -1.138834973672e+02,        -3.132496048964e+00,        -1.760288379250e+02,        -4.749670859375e+00,        -8.938265370165e+01,        -2.063472536486e+01,        +6.113791467521e+01
 1.61600000e+02,        -2.228670676340e+01,        +5.284667202759e+01,        -4.696825315710e+00,        -9.114696004987e+01,        -3.125568698483e+00,        -1.783331363971e+02,        -1.660725069626e+01,        -1.116014975833e+02,        -4.696825315710e+00,        -9.114696004987e+01,        -2.231342169212e+01,        +5.260310370043e+01,        -1.660678191165e+01,        -1.117250712321e+02,        -3.125585989699e+00,        -1.783357669454e+02,        -3.125568698483e+00,        -1.783331363971e+02,        -1.660678191165e+01,        -1.117250712321e+02,        -2.225495370423e+01,        +5.232007038463e+01,        -4.698009722749e+00,        -9.109603247037e+01,        -1.660725069626e+01,        -1.116014975833e+02,        -3.125585989699e+00,        -1.783357669454e+02,        -4.698009722749e+00,        -9.109603247037e+01,        -2.224209516997e+01,        +5.251949121874e+01
 1.63200000e+02,        -2.405844145553e+01,        +4.096073596436e+01,        -4.653689497966e+00,        -9.288376151059e+01,        -3.122055506953e+00,        +1.793602520830e+02,        -1.699638013911e+01,        -1.087743923059e+02,        -4.653689497966e+00,        -9.288376151059e+01,        -2.408145999660e+01,        +4.061159243523e+01,        -1.699851499339e+01,        -1.089067783279e+02,        -3.122091996055e+00,        +1.793575753349e+02,        -3.122055506953e+00,        +1.793602520830e+02,        -1.699851499339e+01,        -1.089067783279e+02,        -2.400195755038e+01,        +4.035303552700e+01,        -4.654785089617e+00,        -9.283264908488e+01,        -1.699638013911e+01,        -1.087743923059e+02,        -3.122091996056e+00,        +1.793575753349e+02,        -4.654785089617e+00,        -9.283264908488e+01,        -2.399474139479e+01,        +4.062831364164e+01
 1.64800000e+02,        -2.577067161369e+01,        +2.398018955354e+01,        -4.619214553283e+00,        -9.463922222176e+01,        -3.121888230555e+00,        +1.770548752064e+02,        -1.731752780171e+01,        -1.054329323088e+02,        -4.619214553283e+00,        -9.463922222176e+01,        -2.577838757555e+01,        +2.350463697235e+01,        -1.732275424726e+01,        -1.055709581906e+02,        -3.121944534244e+00,        +1.770521591464e+02,        -3.121888230555e+00,        +1.770548752064e+02,        -1.732275424726e+01,        -1.055709581906e+02,        -2.567310061406e+01,        +2.336797107358e+01,        -4.620226731852e+00,        -9.458792624145e+01,        -1.731752780171e+01,        -1.054329323088e+02,        -3.121944534244e+00,        +1.770521591464e+02,        -4.620226731852e+00,        -9.458792624145e+01,        -2.568081656747e+01,        +2.372140700519e+01
 1.66400000e+02,        -2.683903516781e+01,        +1.043030210647e+00,        -4.593568117358e+00,        -9.640869824263e+01,        -3.124994944055e+00,        +1.747516041717e+02,        -1.754816427424e+01,        -1.016621018087e+02,        -4.593568117358e+00,        -9.640869824263e+01,        -2.681417115348e+01,        +5.108008283110e-01,        -1.755683111342e+01,        -1.018012446583e+02,        -3.125071587922e+00,        +1.747488560399e+02,        -3.124994944055e+00,        +1.747516041717e+02,        -1.755683111342e+01,        -1.018012446583e+02,        -2.669559445240e+01,        +6.460570542050e-01,        -4.594501975908e+00,        -9.635721548972e+01,        -1.754816427423e+01,        -1.016621018087e+02,        -3.125071587922e+00,        +1.747488560399e+02,        -4.594501975908e+00,        -9.635721548972e+01,        -2.672938723766e+01,        +1.006219660489e+00
 1.68000000e+02,        -2.658657838545e+01,        -2.404951374118e+01,        -4.576856123834e+00,        -9.818751169779e+01,        -3.131304128309e+00,        +1.724512201111e+02,        -1.766959955660e+01,        -9.760444392544e+01,        -4.576856123834e+00,        -9.818751169779e+01,        -2.652971868738e+01,        -2.446082637217e+01,        -1.768181223377e+01,        -9.773924013508e+01,        -3.131401540505e+00,        +1.724484474262e+02,        -3.131304128309e+00,        +1.724512201111e+02,        -1.768181223377e+01,        -9.773924013508e+01,        -2.643213826376e+01,        -2.404679246801e+01,        -4.577716381798e+00,        -9.813583479419e+01,        -1.766959955660e+01,        -9.760444392543e+01,        -3.131401540506e+00,        +1.724484474262e+02,        -4.577716381798e+00,        -9.813583479419e+01,        -2.648725618318e+01,        -2.381208124470e+01
 1.69600000e+02,        -2.520714447571e+01,        -4.490789320908e+01,        -4.569123898329e+00,        -9.997098580837e+01,        -3.140747095170e+00,        +1.701544263482e+02,        -1.767123162856e+01,        -9.344747465080e+01,        -4.569123898329e+00,        -9.997098580837e+01,        -2.514094503663e+01,        -4.512783683853e+01,        -1.768679003445e+01,        -9.357233402275e+01,        -3.140865601821e+00,        +1.701516368271e+02,        -3.140747095170e+00,        +1.701544263482e+02,        -1.768679003445e+01,        -9.357233402275e+01,        -2.507963565715e+01,        -4.461936028327e+01,        -4.569914844091e+00,        -9.991910359160e+01,        -1.767123162856e+01,        -9.344747465079e+01,        -3.140865601821e+00,        +1.701516368271e+02,        -4.569914844091e+00,        -9.991910359160e+01,        -2.513740660389e+01,        -4.454029324682e+01
 1.71200000e+02,        -2.344549041896e+01,        -5.977923166698e+01,        -4.570357578362e+00,        -1.017544774810e+02,        -3.153259843764e+00,        +1.678618635036e+02,        -1.755332723229e+01,        -8.939525062388e+01,        -4.570357578362e+00,        -1.017544774810e+02,        -2.338450413393e+01,        -5.986354194372e+01,        -1.757174361269e+01,        -8.950542399551e+01,        -3.153399666267e+00,        +1.678590649783e+02,        -3.153259843764e+00,        +1.678618635036e+02,        -1.757174361269e+01,        -8.950542399551e+01,        -2.334994846363e+01,        -5.938747239542e+01,        -4.571083018629e+00,        -1.017023754015e+02,        -1.755332723229e+01,        -8.939525062388e+01,        -3.153399666267e+00,        +1.678590649783e+02,        -4.571083018629e+00,        -1.017023754015e+02,        -2.340057475728e+01,        -5.940740208823e+01
 1.72800000e+02,        -2.173470517559e+01,        -7.023105872440e+01,        -4.580485779950e+00,        -1.035334076441e+02,        -3.168784272595e+00,        +1.655741264381e+02,        -1.732693256693e+01,        -8.563345386727e+01,        -4.580485779950e+00,        -1.035334076441e+02,        -2.168205685663e+01,        -7.023937264436e+01,        -1.734752853958e+01,        -8.572576695737e+01,        -3.168945526874e+00,        +1.655713267704e+02,        -3.168784272596e+00,        +1.655741264381e+02,        -1.734752853958e+01,        -8.572576695736e+01,        -2.166297787949e+01,        -6.982739456843e+01,        -4.581148995682e+00,        -1.034810681803e+02,        -1.732693256693e+01,        -8.563345386727e+01,        -3.168945526874e+00,        +1.655713267704e+02,        -4.581148995682e+00,        -1.034810681803e+02,        -2.170541706873e+01,        -6.989752209204e+01
 1.74400000e+02,        -2.019971614774e+01,        -7.791021189621e+01,        -4.599381452237e+00,        -1.053032896092e+02,        -3.187268713437e+00,        +1.632917819432e+02,        -1.701096225657e+01,        -8.230169999798e+01,        -4.599381452237e+00,        -1.053032896092e+02,        -2.015460173041e+01,        -7.787734184653e+01,        -1.703300171639e+01,        -8.237479210534e+01,        -3.187451411129e+00,        +1.632889889414e+02,        -3.187268713437e+00,        +1.632917819432e+02,        -1.703300171639e+01,        -8.237479210534e+01,        -2.014415032116e+01,        -7.752581461292e+01,        -4.599985160961e+00,        -1.052506926980e+02,        -1.701096225657e+01,        -8.230169999798e+01,        -3.187451411129e+00,        +1.632889889414e+02,        -4.599985160961e+00,        -1.052506926980e+02,        -2.017982434379e+01,        -7.762010865051e+01
 1.76000000e+02,        -1.884893662758e+01,        -8.386691742072e+01,        -4.626863883753e+00,        -1.070597557821e+02,        -3.208667795403e+00,        +1.610153860906e+02,        -1.662792540321e+01,        -7.948195278278e+01,        -4.626863883753e+00,        -1.070597557821e+02,        -1.880991173892e+01,        -8.381110343338e+01,        -1.665072980530e+01,        -7.953604167458e+01,        -3.208871846898e+00,        +1.610126074292e+02,        -3.208667795403e+00,        +1.610153860906e+02,        -1.665072980530e+01,        -7.953604167458e+01,        -1.880439375861e+01,        -8.350941874164e+01,        -4.627410208090e+00,        -1.070068792614e+02,        -1.662792540321e+01,        -7.948195278278e+01,        -3.208871846898e+00,        +1.610126074292e+02,        -4.627410208090e+00,        -1.070068792614e+02,        -1.883484624130e+01,        -8.361524109269e+01
 1.77600000e+02,        -1.766044186376e+01,        -8.871681583541e+01,        -4.662700845564e+00,        -1.087985830421e+02,        -3.232941687731e+00,        +1.587455002210e+02,        -1.620003088039e+01,        -7.720259703949e+01,        -4.662700845564e+00,        -1.087985830421e+02,        -1.762623861140e+01,        -8.864768691329e+01,        -1.622304665307e+01,        -7.723899083210e+01,        -3.233166906883e+00,        +1.587427433657e+02,        -3.232941687731e+00,        +1.587455002210e+02,        -1.622304665307e+01,        -7.723899083210e+01,        -1.762365295140e+01,        -8.838592454253e+01,        -4.663191287884e+00,        -1.087454031047e+02,        -1.620003088039e+01,        -7.720259703949e+01,        -3.233166906883e+00,        +1.587427433657e+02,        -4.663191287884e+00,        -1.087454031047e+02,        -1.765009397466e+01,        -8.849711718105e+01
 1.79200000e+02,        -1.660859924169e+01,        -9.282493145734e+01,        -4.706610875984e+00,        -1.105157170679e+02,        -3.260054804718e+00,        +1.564827046907e+02,        -1.574666958413e+01,        -7.545152591280e+01,        -4.706610875984e+00,        -1.105157170679e+02,        -1.657823602853e+01,        -9.274775542274e+01,        -1.576948764954e+01,        -7.547211471970e+01,        -3.260300915021e+00,        +1.564799768312e+02,        -3.260054804718e+00,        +1.564827046907e+02,        -1.576948764954e+01,        -7.547211471970e+01,        -1.657745935128e+01,        -9.251802274896e+01,        -4.707046299159e+00,        -1.104622087243e+02,        -1.574666958413e+01,        -7.545152591279e+01,        -3.260300915021e+00,        +1.564799768312e+02,        -4.707046299159e+00,        -1.104622087243e+02,        -1.660077574030e+01,        -9.263151482252e+01
 1.80800000e+02,        -1.567088680380e+01,        -9.641555937525e+01,        -4.758265727011e+00,        -1.122072958137e+02,        -3.289974083618e+00,        +1.542276096802e+02,        -1.528335466980e+01,        -7.419114525594e+01,        -4.758265727011e+00,        -1.122072958137e+02,        -1.564362414784e+01,        -9.633333083899e+01,        -1.530569843846e+01,        -7.419800572409e+01,        -3.290240725579e+00,        +1.542249176710e+02,        -3.289974083618e+00,        +1.542276096802e+02,        -1.530569843846e+01,        -7.419800572409e+01,        -1.564399986175e+01,        -9.612958780978e+01,        -4.758646341313e+00,        -1.121534333628e+02,        -1.528335466980e+01,        -7.419114525594e+01,        -3.290240725579e+00,        +1.542249176710e+02,        -4.758646341313e+00,        -1.121534333628e+02,        -1.566483708237e+01,        -9.624382226934e+01
 1.82400000e+02,        -1.482894068236e+01,        -9.963203214988e+01,        -4.817293003316e+00,        -1.138696722373e+02,        -3.322666964642e+00,        +1.519808625908e+02,        -1.482169558813e+01,        -7.337098827940e+01,        -4.817293003317e+00,        -1.138696722373e+02,        -1.480422029586e+01,        -9.954651131977e+01,        -1.484339505255e+01,        -7.336613265295e+01,        -3.322953704075e+00,        +1.519782129015e+02,        -3.322666964643e+00,        +1.519808625908e+02,        -1.484339505255e+01,        -7.336613265295e+01,        -1.480535004816e+01,        -9.936415097150e+01,        -4.817618359593e+00,        -1.138154297433e+02,        -1.482169558813e+01,        -7.337098827940e+01,        -3.322953704075e+00,        +1.519782129015e+02,        -4.817618359593e+00,        -1.138154297433e+02,        -1.482418352496e+01,        -9.947834064407e+01
 1.84000000e+02,        -1.406809636196e+01,        -1.025693436445e+02,        -4.883279029805e+00,        -1.154994362736e+02,        -3.358099210763e+00,        +1.497431517855e+02,        -1.436990890470e+01,        -7.293654735731e+01,        -4.883279029805e+00,        -1.154994362736e+02,        -1.404549156998e+01,        -1.024815927577e+02,        -1.439087271611e+01,        -7.292179302621e+01,        -3.358405547707e+00,        +1.497405504613e+02,        -3.358099210763e+00,        +1.497431517855e+02,        -1.439087271611e+01,        -7.292179302621e+01,        -1.404712578895e+01,        -1.023170694010e+02,        -4.883548019119e+00,        -1.154447880472e+02,        -1.436990890470e+01,        -7.293654735731e+01,        -3.358405547707e+00,        +1.497405504613e+02,        -4.883548019119e+00,        -1.154447880472e+02,        -1.406431196042e+01,        -1.024308315202e+02
 1.85600000e+02,        -1.337666303931e+01,        -1.052924988357e+02,        -4.955771983417e+00,        -1.170934359319e+02,        -3.396232704070e+00,        +1.475152066694e+02,        -1.393350441017e+01,        -7.283463950923e+01,        -4.955771983417e+00,        -1.170934359319e+02,        -1.335584268420e+01,        -1.052031709956e+02,        -1.395369570257e+01,        -7.281155974426e+01,        -3.396558082077e+00,        +1.475126593004e+02,        -3.396232704070e+00,        +1.475152066694e+02,        -1.395369570257e+01,        -7.281155974426e+01,        -1.335782075450e+01,        -1.050537193601e+02,        -4.955982843403e+00,        -1.170383570133e+02,        -1.393350441017e+01,        -7.283463950923e+01,        -3.396558082077e+00,        +1.475126593004e+02,        -4.955982843403e+00,        -1.170383570133e+02,        -1.337363193471e+01,        -1.051668886934e+02
 1.87200000e+02,        -1.274526424964e+01,        -1.078472181867e+02,        -5.034285319425e+00,        -1.186487972921e+02,        -3.437023345869e+00,        +1.452977943077e+02,        -1.351594766658e+01,        -7.301622031442e+01,        -5.034285319425e+00,        -1.186487972921e+02,        -1.272596718070e+01,        -1.077567192238e+02,        -1.353536534975e+01,        -7.298614191884e+01,        -3.437367161385e+00,        +1.452953060090e+02,        -3.437023345869e+00,        +1.452977943077e+02,        -1.353536534975e+01,        -7.298614191884e+01,        -1.272818343640e+01,        -1.076201516650e+02,        -5.034435647646e+00,        -1.185932639333e+02,        -1.351594766658e+01,        -7.301622031442e+01,        -3.437367161385e+00,        +1.452953060090e+02,        -5.034435647646e+00,        -1.185932639333e+02,        -1.274283149058e+01,        -1.077326814435e+02
 1.88800000e+02,        -1.216631019500e+01,        -1.102664135919e+02,        -5.118301512639e+00,        -1.201629430870e+02,        -3.480419171062e+00,        +1.430917129663e+02,        -1.311921702099e+01,        -7.343755347969e+01,        -5.118301512639e+00,        -1.201629430870e+02,        -1.214832728411e+01,        -1.101749961045e+02,        -1.313788225934e+01,        -7.340157765003e+01,        -3.480780782696e+00,        +1.430892883664e+02,        -3.480419171062e+00,        +1.430917129663e+02,        -1.313788225934e+01,        -7.340157765003e+01,        -1.215071097030e+01,        -1.100495575502e+02,        -5.118388287229e+00,        -1.201069332295e+02,        -1.311921702099e+01,        -7.343755347969e+01,        -3.480780782696e+00,        +1.430892883664e+02,        -5.118388287229e+00,        -1.201069332295e+02,        -1.216436354740e+01,        -1.101614653233e+02
 1.90400000e+02,        -1.163359297831e+01,        -1.125742426257e+02,        -5.207276120812e+00,        -1.216336094931e+02,        -3.526358765560e+00,        +1.408977830917e+02,        -1.274423817149e+01,        -7.406042466801e+01,        -5.207276120812e+00,        -1.216336094931e+02,        -1.161675433817e+01,        -1.124820623814e+02,        -1.276218505027e+01,        -7.401945679215e+01,        -3.526737503055e+00,        +1.408954263290e+02,        -3.526358765560e+00,        +1.408977830917e+02,        -1.276218505027e+01,        -7.401945679215e+01,        -1.161925741879e+01,        -1.123663261232e+02,        -5.207295728670e+00,        -1.215771032365e+02,        -1.274423817149e+01,        -7.406042466801e+01,        -3.526737503055e+00,        +1.408954263290e+02,        -5.207295728670e+00,        -1.215771032365e+02,        -1.163204924982e+01,        -1.124776634488e+02
 1.92000000e+02,        -1.114198017523e+01,        -1.147887278991e+02,        -5.300642162200e+00,        -1.230588607155e+02,        -3.574770050668e+00,        +1.387168363399e+02,        -1.239120843986e+01,        -7.485185567401e+01,        -5.300642162200e+00,        -1.230588607155e+02,        -1.112614596265e+01,        -1.146958786079e+02,        -1.240847774151e+01,        -7.480663638419e+01,        -3.575165223414e+00,        +1.387145510667e+02,        -3.574770050668e+00,        +1.387168363399e+02,        -1.240847774151e+01,        -7.480663638419e+01,        -1.112873548979e+01,        -1.145886706731e+02,        -5.300590434946e+00,        -1.230018407721e+02,        -1.239120843986e+01,        -7.485185567401e+01,        -3.575165223414e+00,        +1.387145510667e+02,        -5.300590434946e+00,        -1.230018407721e+02,        -1.114077638508e+01,        -1.146995058590e+02
 1.93600000e+02,        -1.068718309067e+01,        -1.169234987357e+02,        -5.397814783027e+00,        -1.244371009440e+02,        -3.625569472520e+00,        +1.365497033082e+02,        -1.205983210086e+01,        -7.578359506663e+01,        -5.397814783027e+00,        -1.244371009440e+02,        -1.067223679741e+01,        -1.168300339987e+02,        -1.207646727891e+01,        -7.573472890190e+01,        -3.625980377501e+00,        +1.365474927014e+02,        -3.625569472520e+00,        +1.365497033082e+02,        -1.207646727891e+01,        -7.573472890190e+01,        -1.067489001608e+01,        -1.167303775771e+02,        -5.397687040827e+00,        -1.243795530728e+02,        -1.205983210086e+01,        -7.578359506663e+01,        -3.625980377501e+00,        +1.365474927014e+02,        -5.397687040827e+00,        -1.243795530728e+02,        -1.068627062214e+01,        -1.168407857667e+02
 1.95200000e+02,        -1.026558073610e+01,        -1.189889799691e+02,        -5.498196174566e+00,        -1.257670832767e+02,        -3.678661609722e+00,        +1.343972006230e+02,        -1.174948812667e+01,        -7.683154052671e+01,        -5.498196174566e+00,        -1.257670832767e+02,        -1.025142422524e+01,        -1.188949274081e+02,        -1.176553278288e+01,        -7.677952081378e+01,        -3.679087538815e+00,        +1.343950673996e+02,        -3.678661609722e+00,        +1.343972006230e+02,        -1.176553278288e+01,        -7.677952081378e+01,        -1.025412536475e+01,        -1.188020014757e+02,        -5.497987277805e+00,        -1.257089966901e+02,        -1.174948812667e+01,        -7.683154052671e+01,        -3.679087538815e+00,        +1.343950673996e+02,        -5.497987277805e+00,        -1.257089966901e+02,        -1.026492137631e+01,        -1.189120589589e+02
 1.96800000e+02,        -9.874085242907e+00,        -1.209932228606e+02,        -5.601180684792e+00,        -1.270479152522e+02,        -3.733939189802e+00,        +1.322601179998e+02,        -1.145934833450e+01,        -7.797517344151e+01,        -5.601180684792e+00,        -1.270479152522e+02,        -9.860635026084e+00,        -1.208985933609e+02,        -1.147484470087e+01,        -7.792040315987e+01,        -3.734379436370e+00,        +1.322580644370e+02,        -3.733939189802e+00,        +1.322601179998e+02,        -1.147484470087e+01,        -7.792040315987e+01,        -9.863373157540e+00,        -1.208117014682e+02,        -5.600885093415e+00,        -1.269892829890e+02,        -1.145934833450e+01,        -7.797517344151e+01,        -3.734379436370e+00,        +1.322580644370e+02,        -5.600885093415e+00,        -1.269892829890e+02,        -9.873648446699e+00,        -1.209214824672e+02
 1.98400000e+02,        -9.510038194681e+00,        -1.229424984290e+02,        -5.706160056870e+00,        -1.282790607001e+02,        -3.791283486049e+00,        +1.301392058222e+02,        -1.118845989954e+01,        -7.919704291791e+01,        -5.706160056870e+00,        -1.282790607001e+02,        -9.497222603054e+00,        -1.228472922610e+02,        -1.120344797967e+01,        -7.913985184721e+01,        -3.791737350802e+00,        +1.301372337813e+02,        -3.791283486049e+00,        +1.301392058222e+02,        -1.120344797967e+01,        -7.913985184721e+01,        -9.499990185653e+00,        -1.227658386887e+02,        -5.705771896997e+00,        -1.282198799563e+02,        -1.118845989954e+01,        -7.919704291791e+01,        -3.791737350802e+00,        +1.301372337813e+02,        -5.705771896997e+00,        -1.282198799563e+02,        -9.509799160160e+00,        -1.228754136126e+02
 2.00000000e+02,        -9.171130180009e+00,        -1.248417292754e+02,        -5.812528716751e+00,        -1.294603377033e+02,        -3.850565051506e+00,        +1.280351637028e+02,        -1.093580259289e+01,        -8.048231248569e+01,        -5.812528716751e+00,        -1.294603377033e+02,        -9.158887187562e+00,        -1.247459401838e+02,        -1.095031972863e+01,        -8.042297113283e+01,        -3.851031847627e+00,        +1.280332746550e+02,        -3.850565051506e+00,        +1.280351637028e+02,        -1.095031972863e+01,        -8.042297113283e+01,        -9.161679068792e+00,        -1.246694115054e+02,        -5.812041853976e+00,        -1.294006101127e+02,        -1.093580259289e+01,        -8.048231248569e+01,        -3.851031847627e+00,        +1.280332746550e+02,        -5.812041853976e+00,        -1.294006101127e+02,        -9.171068473136e+00,        -1.247788460824e+02
 2.01600000e+02,        -8.855337917865e+00,        -1.266948091483e+02,        -5.919689025273e+00,        -1.305919125603e+02,        -3.911644736552e+00,        +1.259486303815e+02,        -1.070032822990e+01,        -8.181837041362e+01,        -5.919689025273e+00,        -1.305919125603e+02,        -8.843613446760e+00,        -1.265984270961e+02,        -1.071440893676e+01,        -8.175710125100e+01,        -3.912123794095e+00,        +1.259468254364e+02,        -3.911644736552e+00,        +1.259486303815e+02,        -1.071440893676e+01,        -8.175710125100e+01,        -8.846426166869e+00,        -1.265263777583e+02,        -5.919097143809e+00,        -1.305316444193e+02,        -1.070032822990e+01,        -8.181837041362e+01,        -3.912123794095e+00,        +1.259468254364e+02,        -5.919097143809e+00,        -1.305316444193e+02,        -8.855436475010e+00,        -1.266357326927e+02
 2.03200000e+02,        -8.560874785197e+00,        -1.285048428284e+02,        -6.027056406564e+00,        -1.316742897439e+02,        -3.974374930530e+00,        +1.238801752187e+02,        -1.048098765043e+01,        -8.319449875972e+01,        -6.027056406564e+00,        -1.316742897439e+02,        -8.549621371664e+00,        -1.284078558382e+02,        -1.049466361871e+01,        -8.313148526617e+01,        -3.974865600123e+00,        +1.238784551528e+02,        -3.974374930530e+00,        +1.238801752187e+02,        -1.049466361871e+01,        -8.313148526617e+01,        -8.552452675232e+00,        -1.283398967609e+02,        -6.026353093176e+00,        -1.316134921715e+02,        -1.048098765043e+01,        -8.319449875972e+01,        -3.974865600124e+00,        +1.238784551528e+02,        -6.026353093176e+00,        -1.316134921715e+02,        -8.561119180086e+00,        -1.284492277020e+02
 2.04800000e+02,        -8.286151641564e+00,        -1.302743283345e+02,        -6.134064264314e+00,        -1.327082979542e+02,        -4.038600965937e+00,        +1.218302914342e+02,        -1.027674897807e+01,        -8.460159403932e+01,        -6.134064264314e+00,        -1.327082979542e+02,        -8.275327374509e+00,        -1.301767237174e+02,        -1.029004917217e+01,        -8.453698796754e+01,        -4.039102621822e+00,        +1.218286567208e+02,        -4.038600965937e+00,        +1.218302914342e+02,        -1.029004917217e+01,        -8.453698796754e+01,        -8.278175864849e+00,        -1.301125131893e+02,        -6.133243095751e+00,        -1.326469869826e+02,        -1.027674897807e+01,        -8.460159403932e+01,        -4.039102621822e+00,        +1.218286567208e+02,        -6.133243095751e+00,        -1.326469869826e+02,        -8.286529539806e+00,        -1.302218708806e+02
 2.06400000e+02,        -8.029745617852e+00,        -1.320052966153e+02,        -6.240168600453e+00,        -1.336950724695e+02,        -4.104162625098e+00,        +1.197993911531e+02,        -1.008660978129e+01,        -8.603193199775e+01,        -6.240168600453e+00,        -1.336950724695e+02,        -8.019313285961e+00,        -1.319070617806e+02,        -1.009956059372e+01,        -8.596585922059e+01,        -4.104674667557e+00,        +1.197978419913e+02,        -4.104162625098e+00,        +1.197993911531e+02,        -1.009956059372e+01,        -8.596585922059e+01,        -8.022178179181e+00,        -1.318462981181e+02,        -6.239223232897e+00,        -1.336332690610e+02,        -1.008660978129e+01,        -8.603193199775e+01,        -4.104674667557e+00,        +1.197978419913e+02,        -6.239223232897e+00,        -1.336332690610e+02,        -8.030246366267e+00,        -1.319557286464e+02
 2.08000000e+02,        -7.790375100640e+00,        -1.336994193811e+02,        -6.344852256738e+00,        -1.346360340962e+02,        -4.170895693425e+00,        +1.177878022362e+02,        -9.909604967753e+00,        -8.747896945732e+01,        -6.344852256738e+00,        -1.346360340962e+02,        -7.780301500522e+00,        -1.336005423570e+02,        -9.922230399876e+00,        -8.741153467912e+01,        -4.171417550650e+00,        +1.177863385795e+02,        -4.170895693425e+00,        +1.177878022362e+02,        -9.922230399876e+00,        -8.741153467912e+01,        -7.783182449786e+00,        -1.335429579333e+02,        -6.343776515636e+00,        -1.345737640828e+02,        -9.909604967753e+00,        -8.747896945732e+01,        -4.171417550650e+00,        +1.177863385795e+02,        -6.343776515636e+00,        -1.345737640828e+02,        -7.790989414584e+00,        -1.336525030282e+02
 2.09600000e+02,        -7.566879560583e+00,        -1.353580927135e+02,        -6.447628708425e+00,        -1.355328651051e+02,        -4.238633509442e+00,        +1.157957668089e+02,        -9.744811688501e+00,        -8.893717704713e+01,        -6.447628708425e+00,        -1.355328651051e+02,        -7.557134930496e+00,        -1.352585624695e+02,        -9.757133540676e+00,        -8.886846760976e+01,        -4.239164638900e+00,        +1.157943883934e+02,        -4.238633509443e+00,        +1.157957668089e+02,        -9.757133540676e+00,        -8.886846760976e+01,        -7.560031900162e+00,        -1.352039188155e+02,        -6.446416676938e+00,        -1.354701590505e+02,        -9.744811688501e+00,        -8.893717704713e+01,        -4.239164638900e+00,        +1.157943883934e+02,        -6.446416676938e+00,        -1.354701590505e+02,        -7.567599283283e+00,        -1.353136161678e+02
 2.11200000e+02,        -7.358203184197e+00,        -1.369825020285e+02,        -6.548045350098e+00,        -1.363874826160e+02,        -4.307208469134e+00,        +1.138234413507e+02,        -9.591352143180e+00,        -9.040189754915e+01,        -6.548045350098e+00,        -1.363874826160e+02,        -7.348760736614e+00,        -1.368823086596e+02,        -9.603390203510e+00,        -9.033198651556e+01,        -4.307748358485e+00,        +1.138221477207e+02,        -4.307208469134e+00,        +1.138234413507e+02,        -9.603390203510e+00,        -9.033198651556e+01,        -7.351673912035e+00,        -1.368303924138e+02,        -6.546691454385e+00,        -1.363243756003e+02,        -9.591352143180e+00,        -9.040189754915e+01,        -4.307748358485e+00,        +1.138221477207e+02,        -6.546691454385e+00,        -1.363243756003e+02,        -7.359021099498e+00,        -1.369402759949e+02
 2.12800000e+02,        -7.163381502853e+00,        -1.385736725365e+02,        -6.645686226575e+00,        -1.372020099520e+02,        -4.376453450134e+00,        +1.118708981709e+02,        -9.448394909205e+00,        -9.186922547407e+01,        -6.645686226575e+00,        -1.372020099520e+02,        -7.154217035513e+00,        -1.384728073547e+02,        -9.460167134691e+00,        -9.179817413424e+01,        -4.377001617770e+00,        +1.118696887041e+02,        -4.376453450134e+00,        +1.118708981709e+02,        -9.460167134691e+00,        -9.179817413424e+01,        -7.157146758488e+00,        -1.384234268894e+02,        -6.644185316123e+00,        -1.371385412837e+02,        -9.448394909205e+00,        -9.186922547407e+01,        -4.377001617770e+00,        +1.118696887041e+02,        -6.644185316123e+00,        -1.371385412837e+02,        -7.164291187961e+00,        -1.385335272604e+02
 2.14400000e+02,        -6.981530391300e+00,        -1.401325083381e+02,        -6.740174175878e+00,        -1.379787465272e+02,        -4.446203129299e+00,        +1.099381280770e+02,        -9.315155231962e+00,        -9.333590425860e+01,        -6.740174175878e+00,        -1.379787465272e+02,        -6.972621961104e+00,        -1.400309638994e+02,        -9.326677918628e+00,        -9.326376417279e+01,        -4.446759124552e+00,        +1.099370020073e+02,        -4.446203129299e+00,        +1.099381280770e+02,        -9.326677918628e+00,        -9.326376417279e+01,        -6.975568683851e+00,        -1.399839464912e+02,        -6.738521597186e+00,        -1.379149593865e+02,        -9.315155231962e+00,        -9.333590425860e+01,        -4.446759124552e+00,        +1.099370020073e+02,        -6.738521597186e+00,        -1.379149593865e+02,        -6.982526099729e+00,        -1.400942910948e+02
 2.16000000e+02,        -6.811836945069e+00,        -1.416598225605e+02,        -6.831172366221e+00,        -1.387201368534e+02,        -4.516295174899e+00,        +1.080250440308e+02,        -9.190894584201e+00,        -9.479923813815e+01,        -6.831172366221e+00,        -1.387201368534e+02,        -6.803164592724e+00,        -1.415575926502e+02,        -9.202182524552e+00,        -9.472605280829e+01,        -4.516858577975e+00,        +1.080240004696e+02,        -4.516295174899e+00,        +1.080250440308e+02,        -9.202182524552e+00,        -9.472605280829e+01,        -6.806128845255e+00,        -1.415127820915e+02,        -6.829364028316e+00,        -1.386560778748e+02,        -9.190894584201e+00,        -9.479923813815e+01,        -4.516858577975e+00,        +1.080240004696e+02,        -6.829364028316e+00,        -1.386560778748e+02,        -6.812913512588e+00,        -1.416233955247e+02
 2.17600000e+02,        -6.653551852157e+00,        -1.431563604107e+02,        -6.918385224158e+00,        -1.394287392578e+02,        -4.586571301638e+00,        +1.061314855887e+02,        -9.074919713226e+00,        -9.625701629682e+01,        -6.918385224158e+00,        -1.394287392578e+02,        -6.645097368100e+00,        -1.430534400017e+02,        -9.085986340577e+00,        -9.618282253806e+01,        -4.587141723330e+00,        +1.061305235439e+02,        -4.586571301638e+00,        +1.061314855887e+02,        -9.085986340577e+00,        -9.618282253806e+01,        -6.648079735316e+00,        -1.430106945718e+02,        -6.916417654615e+00,        -1.393644580619e+02,        -9.074919713225e+00,        -9.625701629682e+01,        -4.587141723330e+00,        +1.061305235439e+02,        -6.916417654615e+00,        -1.393644580619e+02,        -6.654704620381e+00,        -1.431215988367e+02
 2.19200000e+02,        -6.505982956872e+00,        -1.446228166211e+02,        -7.001558765853e+00,        -1.401071948898e+02,        -4.656878182886e+00,        +1.042572239323e+02,        -8.966581332305e+00,        -9.770744734365e+01,        -7.001558765853e+00,        -1.401071948898e+02,        -6.497729681054e+00,        -1.445192018161e+02,        -8.977438852184e+00,        -9.763227641354e+01,        -4.657455264116e+00,        +1.042563423254e+02,        -4.656878182886e+00,        +1.042572239323e+02,        -8.977438852184e+00,        -9.763227641354e+01,        -6.500730786887e+00,        -1.444783925485e+02,        -6.999429156302e+00,        -1.400427435737e+02,        -8.966581332305e+00,        -9.770744734365e+01,        -4.657455264116e+00,        +1.042563423254e+02,        -6.999429156302e+00,        -1.400427435737e+02,        -6.507207710533e+00,        -1.445896072822e+02
 2.20800000e+02,        -6.368489778284e+00,        -1.460598484595e+02,        -7.080480357470e+00,        -1.407581975620e+02,        -4.727068219662e+00,        +1.024019673076e+02,        -8.865272569250e+00,        -9.914910252455e+01,        -7.080480357470e+00,        -1.407581975620e+02,        -6.360422427896e+00,        -1.459555364245e+02,        -8.875932078462e+00,        -9.907298105535e+01,        -4.727651630894e+00,        +1.024011649888e+02,        -4.727068219662e+00,        +1.024019673076e+02,        -8.875932078462e+00,        -9.907298105535e+01,        -6.363442924556e+00,        -1.459165456184e+02,        -7.078186597850e+00,        -1.406936301607e+02,        -8.865272569250e+00,        -9.914910252455e+01,        -4.727651630894e+00,        +1.024011649888e+02,        -7.078186597850e+00,        -1.406936301608e+02,        -6.369782693150e+00,        -1.460280883022e+02
 2.22400000e+02,        -6.240478796259e+00,        -1.474680852419e+02,        -7.154977943225e+00,        -1.413844649242e+02,        -4.797000170086e+00,        +1.005653667133e+02,        -8.770427254604e+00,        -1.005808663681e+02,        -7.154977943225e+00,        -1.413844649242e+02,        -6.232583316721e+00,        -1.473630741363e+02,        -8.780898848794e+00,        -1.005038171387e+02,        -4.797589610648e+00,        +1.005646424747e+02,        -4.797000170086e+00,        +1.005653667133e+02,        -8.780898848794e+00,        -1.005038171387e+02,        -6.235623877618e+00,        -1.473257940718e+02,        -7.152518644417e+00,        -1.413198368555e+02,        -8.770427254604e+00,        -1.005808663681e+02,        -4.797589610648e+00,        +1.005646424747e+02,        -7.152518644417e+00,        -1.413198368555e+02,        -6.241836395449e+00,        -1.474376802208e+02
 2.24000000e+02,        -6.121399357871e+00,        -1.488481350999e+02,        -7.224918790480e+00,        -1.419887114091e+02,        -4.866539646248e+00,        +9.874702169425e+01,        -8.681518110361e+00,        -1.020018936937e+02,        -7.224918790480e+00,        -1.419887114091e+02,        -6.113662793273e+00,        -1.487424240068e+02,        -8.691810980973e+00,        -1.019239362707e+02,        -4.867134843604e+00,        +9.874637428092e+01,        -4.866539646248e+00,        +9.874702169425e+01,        -8.691810980973e+00,        -1.019239362707e+02,        -6.116724108584e+00,        -1.487067558306e+02,        -7.222293295262e+00,        -1.419240789132e+02,        -8.681518110361e+00,        -1.020018936937e+02,        -4.867134843604e+00,        +9.874637428092e+01,        -7.222293295262e+00,        -1.419240789132e+02,        -6.122818474820e+00,        -1.488189991652e+02
 2.25600000e+02,        -6.010740088208e+00,        -1.502005896094e+02,        -7.290207809830e+00,        -1.425736233150e+02,        -4.935559487780e+00,        +9.694648612329e+01,        -8.598054884668e+00,        -1.034115720952e+02,        -7.290207809830e+00,        -1.425736233150e+02,        -6.003150468158e+00,        -1.500941784686e+02,        -8.608177406243e+00,        -1.033327233662e+02,        -4.936160196775e+00,        +9.694591424239e+01,        -4.935559487780e+00,        +9.694648612329e+01,        -8.608177406242e+00,        -1.033327233662e+02,        -6.006233242270e+00,        -1.500600312227e+02,        -7.287416192464e+00,        -1.425090429012e+02,        -8.598054884668e+00,        -1.034115720952e+02,        -4.936160196775e+00,        +9.694591424239e+01,        -7.287416192464e+00,        -1.425090429012e+02,        -6.012217834961e+00,        -1.501726438231e+02
 2.27200000e+02,        -5.908025714181e+00,        -1.515260267678e+02,        -7.350785514417e+00,        -1.431418363132e+02,        -5.003940022941e+00,        +9.516327387010e+01,        -8.519582466822e+00,        -1.048094891599e+02,        -7.350785514417e+00,        -1.431418363132e+02,        -5.900571954552e+00,        -1.514189163137e+02,        -8.529542275531e+00,        -1.047297637782e+02,        -5.004546025061e+00,        +9.516277619829e+01,        -5.003940022941e+00,        +9.516327387010e+01,        -8.529542275531e+00,        -1.047297637782e+02,        -5.903676904832e+00,        -1.513862060850e+02,        -7.347828569450e+00,        -1.430773642262e+02,        -8.519582466822e+00,        -1.048094891599e+02,        -5.004546025061e+00,        +9.516277619829e+01,        -7.347828569450e+00,        -1.430773642262e+02,        -5.909559453992e+00,        -1.514991985308e+02
 2.28800000e+02,        -5.812814229264e+00,        -1.528250127129e+02,        -7.406625686421e+00,        -1.436959155885e+02,        -5.071569228962e+00,        +9.339686428070e+01,        -8.445679008619e+00,        -1.061954037990e+02,        -7.406625686421e+00,        -1.436959155885e+02,        -5.805486044802e+00,        -1.527172044170e+02,        -8.455483072914e+00,        -1.061148145560e+02,        -5.072180331610e+00,        +9.339643946965e+01,        -5.071569228962e+00,        +9.339686428070e+01,        -8.455483072913e+00,        -1.061148145560e+02,        -5.808613901276e+00,        -1.526858535901e+02,        -7.403504907574e+00,        -1.436316073011e+02,        -8.445679008619e+00,        -1.061954037990e+02,        -5.072180331610e+00,        +9.339643946965e+01,        -7.403504907574e+00,        -1.436316073011e+02,        -5.814401552700e+00,        -1.527992350852e+02
 2.30400000e+02,        -5.724694342223e+00,        -1.540981024960e+02,        -7.457732820003e+00,        -1.442383387342e+02,        -5.138342803674e+00,        +9.164670740644e+01,        -8.375954071949e+00,        -1.075692211647e+02,        -7.457732820003e+00,        -1.442383387342e+02,        -5.717482169319e+00,        -1.539895985162e+02,        -8.385608756112e+00,        -1.074877793008e+02,        -5.138958839510e+00,        +9.164635408661e+01,        -5.138342803674e+00,        +9.164670740644e+01,        -8.385608756112e+00,        -1.074877793008e+02,        -5.720633674962e+00,        -1.539595351134e+02,        -7.454450370232e+00,        -1.441742484777e+02,        -8.375954071949e+00,        -1.075692211647e+02,        -5.138958839510e+00,        +9.164635408661e+01,        -7.454450370232e+00,        -1.441742484777e+02,        -5.726333046148e+00,        -1.540733135989e+02
 2.32000000e+02,        -5.643283164726e+00,        -1.553458401620e+02,        -7.504139408975e+00,        -1.447714814492e+02,        -5.204164160384e+00,        +8.991222893944e+01,        -8.310046817801e+00,        -1.089309707013e+02,        -7.504139408975e+00,        -1.447714814492e+02,        -5.636178092956e+00,        -1.552366432973e+02,        -8.319557939135e+00,        -1.088486861674e+02,        -5.204784986723e+00,        +8.991194572220e+01,        -5.204164160384e+00,        +8.991222893944e+01,        -8.319557939135e+00,        -1.088486861674e+02,        -5.639354004382e+00,        -1.552078003937e+02,        -7.500698082942e+00,        -1.447076617874e+02,        -8.310046817801e+00,        -1.089309707013e+02,        -5.204784986723e+00,        +8.991194572220e+01,        -7.500698082942e+00,        -1.447076617874e+02,        -5.644971233690e+00,        -1.553219826494e+02
 2.33600000e+02,        -5.568224102034e+00,        -1.565687583327e+02,        -7.545903144412e+00,        -1.452976060108e+02,        -5.268944357505e+00,        +8.819283482531e+01,        -8.247624248123e+00,        -1.102807869444e+02,        -7.545903144412e+00,        -1.452976060108e+02,        -5.561217813291e+00,        -1.564588719851e+02,        -8.256997128441e+00,        -1.101976686207e+02,        -5.269569855799e+00,        +8.819262030345e+01,        -5.268944357505e+00,        +8.819283482531e+01,        -8.256997128441e+00,        -1.101976686207e+02,        -5.564418901677e+00,        -1.564311871878e+02,        -7.542306324713e+00,        -1.452341074610e+02,        -8.247624248123e+00,        -1.102807869444e+02,        -5.269569855799e+00,        +8.819262030345e+01,        -7.542306324713e+00,        -1.452341074610e+02,        -5.569959691657e+00,        -1.565457789232e+02
 2.35200000e+02,        -5.499184918106e+00,        -1.577673774526e+02,        -7.583104082649e+00,        -1.458188524304e+02,        -5.332601973776e+00,        +8.648791553647e+01,        -8.188379509081e+00,        -1.116188927329e+02,        -7.583104082649e+00,        -1.458188524304e+02,        -5.492269632359e+00,        -1.576568055945e+02,        -8.197619021106e+00,        -1.115349486132e+02,        -5.333232049191e+00,        +8.648776828318e+01,        -5.332601973776e+00,        +8.648791553647e+01,        -8.197619021106e+00,        -1.115349486132e+02,        -5.495496684477e+00,        -1.576302205773e+02,        -7.579355691189e+00,        -1.457557231374e+02,        -8.188379509081e+00,        -1.116188927329e+02,        -5.333232049191e+00,        +8.648776828318e+01,        -7.579355691189e+00,        -1.457557231374e+02,        -5.500966340171e+00,        -1.577452265138e+02
 2.36800000e+02,        -5.435855952137e+00,        -1.589422048165e+02,        -7.615841837998e+00,        -1.463372321504e+02,        -5.395062939079e+00,        +8.479684999952e+01,        -8.132030261872e+00,        -1.129455845415e+02,        -7.615841837998e+00,        -1.463372321504e+02,        -5.429024378971e+00,        -1.588309519648e+02,        -8.141140871076e+00,        -1.128608218883e+02,        -5.395697520174e+00,        +8.479676856586e+01,        -5.395062939079e+00,        +8.479684999952e+01,        -8.141140871076e+00,        -1.128608218883e+02,        -5.432278198263e+00,        -1.588054120504e+02,        -7.611946283895e+00,        -1.462745176128e+02,        -8.132030261872e+00,        -1.129455845415e+02,        -5.395697520174e+00,        +8.479676856586e+01,        -7.611946283895e+00,        -1.462745176128e+02,        -5.437681661125e+00,        -1.589208359954e+02
 2.38400000e+02,        -5.377948467838e+00,        -1.600937334745e+02,        -7.644232847451e+00,        -1.468546240918e+02,        -5.456260329915e+00,        +8.311900917840e+01,        -8.078317125323e+00,        -1.142612196799e+02,        -7.644232847451e+00,        -1.468546240918e+02,        -5.371193763090e+00,        -1.599818046705e+02,        -8.087302927690e+00,        -1.141756451547e+02,        -5.456899368426e+00,        +8.311899208934e+01,        -5.456260329915e+00,        +8.311900917840e+01,        -8.087302927690e+00,        -1.141756451547e+02,        -5.374475170704e+00,        -1.599572584538e+02,        -7.640194972809e+00,        -1.467923669415e+02,        -8.078317125323e+00,        -1.142612196799e+02,        -5.456899368426e+00,        +8.311899208934e+01,        -7.640194972809e+00,        -1.467923669415e+02,        -5.379817048714e+00,        -1.600731033676e+02
 2.40000000e+02,        -5.325193120169e+00,        -1.612224410861e+02,        -7.668407747048e+00,        -1.473727728349e+02,        -5.516134137637e+00,        +8.145375932170e+01,        -8.027002192918e+00,        -1.155662051344e+02,        -7.668407747048e+00,        -1.473727728349e+02,        -5.318508847070e+00,        -1.611098418810e+02,        -8.035866949064e+00,        -1.154798249071e+02,        -5.516777608384e+00,        +8.145380507077e+01,        -5.516134137637e+00,        +8.145375932170e+01,        -8.035866949064e+00,        -1.154798249071e+02,        -5.321818682817e+00,        -1.610862408882e+02,        -7.664232771821e+00,        -1.473110126687e+02,        -8.027002192918e+00,        -1.155662051344e+02,        -5.516777608384e+00,        +8.145380507077e+01,        -7.664232771821e+00,        -1.473110126687e+02,        -5.327103277255e+00,        -1.612025089445e+02
